nflId,displayName,team,n,value,value_shrunk,lo,hi,momentum,yacoe,yacoe_shrunk,yac_est_mean,catch_depth_mean,nd_dist_mean,n_implausible,top5_eligible,higher_is_better
47835,Drew Sample,CIN,1,10.5129,4.233,,,-2.2616,-4.6492,-0.1021,3.6022,2.3978,6.2219,0,False,True
46176,Christopher Herndon,MIN,2,8.4477,4.233,6.144,10.7514,-0.3025,-1.7252,-0.0903,6.42,-1.92,6.5692,0,False,True
37179,Luke Stocker,MIN,1,8.0583,4.233,,,-3.1046,1.1157,-0.0494,6.0694,0.9306,2.2158,0,False,True
46170,Ian Thomas,CAR,8,7.5426,4.233,4.1891,10.896,0.3175,-1.6561,-0.1698,6.2039,9.1711,5.824,0,False,True
52523,Harrison Bryant,CLE,9,7.4205,4.233,4.0017,10.8392,0.8369,-2.7554,-0.2668,5.5019,7.4981,4.6081,0,False,True
47959,Kaden Smith,NYG,3,7.2387,4.233,1.1653,13.3121,1.1288,-3.9603,-0.1652,4.4071,6.5929,5.0474,0,False,True
47924,Zach Gentry,PIT,3,6.833,4.233,1.5435,12.1225,0.8305,2.4067,0.0063,10.0702,5.5965,6.3521,0,False,True
52541,Colby Parkinson,SEA,1,6.3836,4.233,,,-0.7597,-2.7927,-0.0851,2.8312,-1.8312,5.8287,0,False,True
46192,Durham Smythe,MIA,13,6.0356,4.233,4.0962,7.9749,0.1686,-2.8919,-0.3635,3.3122,6.9955,4.5555,0,True,True
43845,Stephen Anderson,LAC,5,5.9763,4.233,3.6215,8.3311,0.6984,2.1605,0.0378,8.8351,2.7649,6.3389,0,False,True
39907,Darren Fells,DET,4,5.8382,4.233,3.7016,7.9748,-0.7136,1.6053,-0.0008,6.7299,4.0201,5.4537,0,False,True
45481,Ricky Seals-Jones,WAS,19,5.7497,4.233,3.8663,7.6331,-1.0433,-0.0535,-0.0591,4.6264,6.6368,4.8033,1,True,True
53591,Noah Gray,KC,2,5.7017,4.233,-3.6691,15.0726,-0.1694,-1.39,-0.0842,4.1423,0.3577,4.3116,0,False,True
46189,Will Dissly,SEA,7,5.6737,4.233,2.9475,8.3999,-0.1096,3.1621,0.1354,8.7594,6.3835,4.9027,0,False,True
30842,Marcedes Lewis,GB,7,5.643,4.233,3.2189,8.0671,1.2736,0.6284,-0.0183,7.545,4.7407,5.3097,0,False,True
45217,Cethan Carter,MIA,2,5.5737,4.233,0.4942,10.6532,-2.2567,-0.5883,-0.0697,2.7287,5.2713,7.0157,0,False,True
42486,MyCole Pruitt,TEN,10,5.4773,4.233,2.6286,8.3259,1.0196,-0.8101,-0.1235,5.6378,6.5622,4.851,1,True,True
35481,Rob Gronkowski,TB,15,5.3637,4.233,3.3792,7.3482,1.0899,-0.9083,-0.1633,5.5453,6.6547,4.6023,0,True,True
42503,Jesse James,CHI,6,5.2899,4.233,1.3197,9.2601,-1.2327,-1.3804,-0.1294,2.6767,6.99,3.6999,0,False,True
52526,Albert Okwuegbunam,DEN,11,5.2573,4.233,3.2823,7.2323,-0.9605,0.4693,-0.0113,4.7662,3.1429,4.6184,0,True,True
46167,Jordan Akins,HOU,16,5.2553,4.233,3.5561,6.9545,-1.0273,-1.6894,-0.2697,2.5386,7.1489,3.3397,0,True,True
44912,Jonnu Smith,NE,16,5.0539,4.233,3.2864,6.8215,-0.3533,0.5472,0.018,5.2198,2.4677,6.1058,1,True,True
42500,C.J. Uzomah,CIN,18,5.0431,4.233,2.8986,7.1876,0.1136,2.2025,0.2622,7.3591,6.5297,4.5307,0,True,True
46206,Dalton Schultz,DAL,29,4.996,4.233,3.6925,6.2994,-1.1864,0.7449,0.1099,4.5545,6.8938,3.6182,0,True,True
53574,Luke Farrell,JAX,5,4.9642,4.233,2.2863,7.6421,-0.2176,-2.2476,-0.1566,2.499,4.701,4.208,1,False,True
46226,Tyler Conklin,MIN,24,4.9355,4.233,3.5101,6.3609,-0.4128,0.6677,0.0719,5.1905,6.3929,4.5852,0,True,True
52598,Charlie Woerner,SF,4,4.8692,4.233,-0.3088,10.0471,-0.8964,-1.5541,-0.1133,2.4187,7.8313,3.8864,0,False,True
46544,Deon Yelder,TB,1,4.8662,4.233,,,-1.1124,-1.2338,-0.0708,2.52,-2.52,5.5286,0,False,True
37234,Lee Smith,ATL,8,4.8005,4.233,1.4126,8.1885,0.2407,-2.3844,-0.2199,2.6568,3.9682,5.449,1,False,True
39983,Zach Ertz,PHI,21,4.7796,4.233,2.9888,6.5704,-0.0925,-1.0429,-0.2197,3.6993,7.1579,4.1111,0,True,True
44075,Garrett Griffin,NO,3,4.7544,4.233,-0.3143,9.8231,-0.9977,2.9166,0.0201,6.6733,3.3267,3.709,0,False,True
53433,Kyle Pitts,ATL,35,4.752,4.233,3.3419,6.162,0.7304,-0.4267,-0.1496,5.053,9.9184,3.0789,1,True,True
40011,Travis Kelce,KC,43,4.7337,4.233,3.6907,5.7767,-0.236,1.3034,0.3273,6.1094,6.4487,3.7807,1,True,True
53553,John Bates,WAS,2,4.7247,4.233,4.0583,5.391,-2.0412,0.4057,-0.0517,3.0891,2.4109,5.6061,0,False,True
42516,James O'Shaughnessy,JAX,7,4.647,4.233,1.6875,7.6066,0.7498,-1.1684,-0.1274,4.2284,6.0573,5.8423,0,False,True
44959,George Kittle,SF,13,4.5653,4.233,2.3481,6.7826,0.3831,2.9519,0.2625,7.9003,6.792,4.1062,0,True,True
46094,Hayden Hurst,ATL,18,4.5235,4.233,3.3354,5.7115,-0.0185,-0.2581,-0.0883,4.2469,3.642,5.5943,0,True,True
40641,Jack Doyle,IND,11,4.5094,4.233,2.1052,6.9136,-0.4255,0.0913,-0.0462,4.1752,6.5521,4.3779,0,True,True
44987,Eric Saubert,DEN,8,4.5046,4.233,2.3067,6.7025,-0.2861,-0.592,-0.0967,3.6265,3.6235,3.9534,0,False,True
52513,Adam Trautman,NO,7,4.4979,4.233,2.7365,6.2593,0.8741,-0.1535,-0.0658,5.2185,6.2101,4.396,0,False,True
46155,Mark Andrews,BAL,38,4.4858,4.233,3.2423,5.7293,0.017,-0.8554,-0.2666,3.6474,9.9315,4.294,3,True,True
47803,Noah Fant,DEN,35,4.3957,4.233,3.3022,5.4891,0.3559,-1.0945,-0.3127,3.5457,5.0829,4.8334,1,True,True
47879,Dawson Knox,BUF,17,4.3823,4.233,2.4177,6.347,0.3424,0.3734,-0.0013,4.941,10.9414,5.1107,1,True,True
42302,Chris Manhertz,JAX,3,4.3693,4.233,0.9483,7.7903,-0.5741,-0.412,-0.0696,3.3832,9.9501,4.6111,0,False,True
44841,David Njoku,CLE,14,4.3035,4.233,2.2655,6.3415,1.455,0.3738,-0.0105,7.9909,9.9377,3.1695,0,True,True
48456,Donald Parham,LAC,7,4.2875,4.233,1.0496,7.5253,0.6362,1.6425,0.0432,6.2166,8.9263,6.6684,1,False,True
53484,Pat Freiermuth,PIT,22,4.2845,4.233,2.7886,5.7804,-0.8815,0.1436,-0.0257,3.4872,5.8765,3.6364,1,True,True
42398,Maxx Williams,ARI,14,4.2606,4.233,2.2797,6.2415,-0.5155,2.2655,0.206,6.0106,5.7751,4.5995,0,True,True
52451,Cole Kmet,CHI,22,4.181,4.233,2.6747,5.6874,0.5667,-0.7086,-0.1696,4.0392,5.279,3.995,0,True,True
45785,Dan Arnold,JAX,20,4.1678,4.233,3.2942,5.0413,-0.283,-0.1701,-0.0773,3.7147,6.7853,4.3088,0,True,True
45635,Robert Tonyan,GB,12,4.115,4.233,2.212,6.0181,1.315,-0.7317,-0.1271,4.6983,8.3017,3.5212,0,True,True
43370,Austin Hooper,CLE,16,4.1018,4.233,1.9813,6.2224,-0.5368,-0.6543,-0.1366,2.9107,5.5893,3.3524,0,True,True
45339,Pharaoh Brown,HOU,9,4.0489,4.233,2.9146,5.1832,-0.0541,1.1398,0.0319,5.1346,5.0876,4.5223,0,False,True
47852,Josh Oliver,BAL,7,3.9937,4.233,2.5704,5.417,-0.1589,-0.977,-0.1158,2.8578,5.5708,4.6556,0,False,True
34540,Jared Cook,LAC,21,3.9082,4.233,2.2816,5.5349,0.9159,-0.7186,-0.167,4.0156,6.6987,3.3483,2,True,True
44835,Evan Engram,NYG,16,3.8919,4.233,2.1977,5.5861,-0.5465,-0.5275,-0.1202,2.8179,5.7446,3.5806,0,True,True
47791,T.J. Hockenson,DET,47,3.8656,4.233,2.7621,4.9692,-0.1654,-0.3098,-0.1357,3.3904,6.2479,3.4782,1,True,True
43324,Hunter Henry,NE,25,3.7017,4.233,2.1066,5.2969,0.434,-0.0206,-0.0527,4.1151,7.7649,4.0396,2,True,True
44792,Mo Alie-Cox,IND,10,3.6361,4.233,1.6422,5.63,0.7493,-0.7774,-0.1207,3.5762,10.1238,5.2104,1,True,True
43399,Tyler Higbee,LA,20,3.577,4.233,1.6993,5.4547,0.7348,-0.5472,-0.136,3.7646,6.4854,3.1387,0,True,True
37118,Kyle Rudolph,NYG,11,3.545,4.233,1.102,5.988,-0.5304,-0.2764,-0.08,2.7383,5.8981,3.3313,1,True,True
45281,Jacob Hollister,JAX,4,3.5176,4.233,-1.0072,8.0423,0.3768,-3.7545,-0.1916,-0.2899,5.5399,5.2472,1,False,True
44856,Gerald Everett,SEA,10,3.4984,4.233,1.4413,5.5555,0.4618,2.3911,0.147,6.3513,6.0487,5.391,0,True,True
46118,Dallas Goedert,PHI,22,3.4923,4.233,1.643,5.3415,0.1024,1.2068,0.1537,4.6209,10.5609,4.4437,3,True,True
41236,Eric Ebron,PIT,7,3.4798,4.233,1.537,5.4226,-1.143,-1.5453,-0.1502,0.7915,5.9228,2.5734,0,False,True
53065,Tommy Hudson,TEN,2,3.4144,4.233,-0.4858,7.3147,4.7593,2.0127,-0.0225,10.1865,3.8135,5.5198,0,False,True
42547,Darren Waller,LV,27,3.4077,4.233,1.6936,5.1217,0.626,-0.2441,-0.0968,3.7896,8.8401,2.9667,1,True,True
44857,Adam Shaheen,MIA,9,3.3543,4.233,1.5369,5.1717,-0.5407,-1.2413,-0.1507,1.5723,6.0944,3.4942,0,False,True
46111,Mike Gesicki,MIA,33,3.3161,4.233,2.0614,4.5709,-0.606,0.1412,-0.0131,2.8513,9.5426,3.4185,0,True,True
45355,Anthony Firkser,TEN,11,3.2993,4.233,1.2242,5.3743,0.6344,-1.0145,-0.1481,2.9192,5.4445,4.1882,0,True,True
40149,Ryan Griffin,NYJ,11,3.2974,4.233,1.9093,4.6855,-0.1098,-0.5757,-0.1076,2.6119,4.3881,3.9251,0,True,True
45532,Blake Jarwin,DAL,10,3.2075,4.233,0.5762,5.8388,-0.9226,0.3999,-0.0212,2.5569,6.4431,3.6596,1,True,True
48011,Tommy Sweeney,BUF,7,3.1096,4.233,0.3364,5.8828,0.2568,-2.1248,-0.1854,1.0958,3.7614,3.902,1,False,True
47920,Foster Moreau,LV,7,3.1016,4.233,0.2881,5.915,0.7247,0.0007,-0.0564,3.827,10.8873,3.7093,0,False,True
42033,Cameron Brate,TB,12,3.0345,4.233,2.3228,3.7462,0.5118,-0.8796,-0.1418,2.6667,6.3333,2.9999,0,True,True
53512,Tommy Tremble,CAR,8,2.9122,4.233,0.0696,5.7548,0.5203,-1.2493,-0.1419,2.1832,6.8168,3.7502,0,False,True
44831,O.J. Howard,TB,11,2.8735,4.233,0.5702,5.1768,0.5163,0.5939,0.0002,3.9344,5.702,3.5637,1,True,True
48683,Joe Fortson,KC,3,2.7948,4.233,-0.683,6.2726,2.1729,1.4911,-0.0183,6.4589,7.8745,2.5951,0,False,True
39109,Derek Carrier,LV,2,2.7525,4.233,-0.18,5.6849,0.5369,-1.2339,-0.0814,2.0555,4.4445,3.6595,0,False,True
42428,Tyler Kroft,NYJ,7,2.5161,4.233,0.4137,4.6185,0.3012,-1.1141,-0.1241,1.703,6.8684,4.1075,1,False,True
42589,Geoff Swaim,TEN,10,2.2947,4.233,-0.0372,4.6267,-0.439,-1.142,-0.1515,0.7138,4.2862,3.2662,0,True,True
46331,Ross Dwelley,SF,4,1.3824,4.233,0.1045,2.6604,0.5629,-1.21,-0.1011,0.7354,12.0146,2.091,0,False,True
41349,Logan Thomas,WAS,10,1.339,4.233,-0.937,3.6151,0.4274,-0.4835,-0.0959,1.283,9.017,3.2678,2,True,True
52942,Juwan Johnson,NO,6,1.2083,4.233,-2.0936,4.5101,-0.0613,-1.3653,-0.1286,-0.8192,10.8192,3.4644,2,False,True
42460,Blake Bell,KC,1,1.0975,4.233,,,-0.6015,0.3281,-0.0566,0.824,3.176,1.2581,0,False,True
45094,Johnny Mundt,LA,1,0.635,4.233,,,0.19,0.6261,-0.0538,1.4511,7.5489,1.7304,0,False,True
52502,Josiah Deguara,GB,1,0.4305,4.233,,,0.0934,1.0416,-0.05,1.5655,2.4345,3.722,0,False,True
35534,Jimmy Graham,CHI,1,0.3403,4.233,,,2.7371,-2.0826,-0.0786,0.9947,10.0053,0.6312,0,False,True
53576,Brevin Jordan,HOU,2,-0.8087,4.233,-3.5795,1.9621,1.6642,-0.757,-0.0727,0.0986,15.9014,4.9981,0,False,True
45321,Antony Auclair,HOU,1,-3.0379,4.233,,,1.6309,0.4972,-0.055,-0.9098,11.9098,2.1621,0,False,True
48700,Jesper Horsted,CHI,1,-4.6428,4.233,,,0.5739,-0.9311,-0.0681,-7.8703,9.8703,0.2369,1,False,True
