nflId,displayName,team,n,n_plays,n_rows,value,value_shrunk,lo,hi,se,value_playmean,mean_sep,mean_exp_sep,targets,higher_is_better,meets_min_plays,soe_t1.0,n_plays_t1.0,soe_t1.5,n_plays_t1.5,soe_t2.0,n_plays_t2.0,soe_t2.5,n_plays_t2.5,soe_t3.0,n_plays_t3.0,soe_throw,n_plays_throw,soe_man,n_plays_man,soe_zone,n_plays_zone,soe_inline,n_plays_inline,soe_detached,n_plays_detached,soe_route,n_plays_route,soe_chip_release,n_plays_chip_release
53510,Hunter Long,MIA,5,5,20,0.6847849993988497,0.20880377482765727,0.33072730258150385,1.0388426962161956,0.18064168204966627,0.6677393520055573,3.8383514194094213,3.1535664200105717,1,True,False,0.09601608383523237,5.0,0.4816624140741503,5.0,1.0139145886132375,2.0,1.910152209258105,2.0,0.8038397172872311,1.0,0.831066837080033,5.0,0.3383641890830996,2.0,0.9682202078390089,3.0,0.8306136236146532,3.0,0.34451820956197493,2.0,0.6847849993988497,5.0,,
47852,Josh Oliver,BAL,57,57,297,0.42563145259887564,0.17997880595613175,0.15392546786043293,0.6973374373373183,0.13862550241757282,0.46113692447976506,3.426191097450479,3.0005596448516036,12,True,True,0.2269994028377584,57.0,0.5135279183372043,57.0,0.48103923562751144,53.0,0.4828086273629859,45.0,0.5340266275873827,35.0,0.3658016885948465,50.0,0.6337269275804567,8.0,0.36433459180762573,48.0,0.3022765408971154,19.0,0.48838805766449084,37.0,0.3813223624233372,48.0,0.6393576522691201,9.0
42460,Blake Bell,KC,23,23,125,0.37643434232992207,0.15729881473776275,0.10426052417360981,0.6486081604862344,0.138864192936894,0.3536684167854399,2.9994558942567418,2.62302155192682,2,True,False,-0.11950909401347268,23.0,0.09137817361712185,23.0,0.3071629752559035,22.0,0.8222382306378124,19.0,0.993824550467378,15.0,0.45277495067814477,23.0,0.3392998423108695,6.0,0.39030877090846905,17.0,0.3092065816033446,19.0,0.7093718240234482,4.0,0.4003428181027245,12.0,0.3536465763589695,11.0
47803,Noah Fant,DEN,233,233,1155,0.14782586434840012,0.11364756055304251,0.024499991087793424,0.2711517376090068,0.0629213639084728,0.1448323547004774,2.968812960597889,2.8209870962494885,50,True,True,0.065859430864907,233.0,0.16363194541990217,233.0,0.2622785879363658,215.0,0.16758004521242004,165.0,-0.07577812815715709,102.0,0.19785578673286797,207.0,-0.043895339276952224,55.0,0.21118912547642268,157.0,0.22056729506227513,147.0,-0.004919178600776293,64.0,0.07543526632117044,179.0,0.3627587739550203,54.0
45785,Dan Arnold,JAX/CAR,154,154,751,0.14717703389188277,0.09207260270434868,-0.023311726439300018,0.31766579422306557,0.08698406139346061,0.148606272179177,2.8821665246554695,2.734989490763587,34,True,True,0.012718379985635339,154.0,0.23695109001616166,153.0,0.08208825675388007,143.0,0.09325271109158555,101.0,0.38547157494333895,63.0,0.1961748277741463,137.0,-0.10311730583738764,53.0,0.3034871565103477,93.0,0.4125047105482149,25.0,0.11546081544505934,125.0,0.11327869808736726,141.0,0.4573009979413014,13.0
44857,Adam Shaheen,MIA,73,73,344,0.14013706118017832,0.07972735233640908,-0.04866264845069329,0.32893677081104994,0.09632638246473042,0.13975053020328979,3.0340556600561928,2.8939185988760148,11,True,True,0.0023508431723971213,73.0,0.19845198995276447,72.0,0.11778743950528557,58.0,-0.0012307737892021942,48.0,0.29935435487667095,31.0,0.28539378818057526,62.0,-0.09593871924164583,18.0,0.2032266637577822,52.0,0.16637540194769773,30.0,0.12101867217871948,43.0,0.15204432871419848,67.0,0.03157079836999457,6.0
45281,Jacob Hollister,JAX,36,36,175,0.2849324386319073,0.07669537277345193,-0.07082031060950628,0.6406851878733208,0.18150650471500693,0.2787555020244058,3.3376435355724086,3.0527110969405014,7,True,False,0.037500739715438464,36.0,0.48994078918807765,36.0,0.4162660686976804,30.0,0.06663967060274543,24.0,0.7583558909949227,16.0,0.1410379790527922,33.0,0.35742319417950674,8.0,0.38879741409976104,24.0,0.051824347171901236,5.0,0.45313873045111464,26.0,0.27478725829822626,35.0,0.5706883513639256,1.0
46155,Mark Andrews,BAL,213,213,1084,0.09305430691754216,0.07001186991434526,-0.029406406811684035,0.21551502064676836,0.062479955984299076,0.12556769321258276,2.916238890635634,2.8231845837180916,53,True,True,-0.08027110612602714,213.0,0.21462617086243807,211.0,0.1774012675608022,196.0,0.028900344971634077,167.0,-0.030509322661745733,130.0,0.22186645596007112,167.0,0.4269872014228596,47.0,-0.0005857451186624863,156.0,0.13316012159203164,58.0,0.06513678678372478,150.0,0.09178764393197751,200.0,0.11197974211362549,13.0
43845,Stephen Anderson,LAC,35,35,174,0.16083763055806274,0.0657108630829772,-0.09385513848785645,0.41553039960398197,0.12994529032955063,0.11588769006093627,2.869103945278582,2.7082663147205195,7,True,False,0.1564609898894593,35.0,-0.17300293632275432,35.0,-0.055481691136860176,31.0,0.4874596626237771,26.0,0.5415021607748243,14.0,0.3039292966195506,33.0,0.42250355978771775,8.0,0.07048341826695151,22.0,0.21960349228402354,13.0,-0.4938529259344648,3.0,0.18664851141975058,25.0,0.10191090255307723,10.0
44835,Evan Engram,NYG,164,164,786,0.08449555985110031,0.0590551951814568,-0.05237268445502925,0.2213638041572299,0.06983073689088243,0.08268091499420602,2.870518648078856,2.7860230882277555,25,True,True,0.12983557923070252,164.0,0.08135419927871468,164.0,0.14525842073993436,147.0,0.05109487779806048,103.0,0.12156529436576184,64.0,-0.018177449541381317,144.0,-0.04313784804248144,59.0,0.17879187621338033,100.0,0.02056587071306022,16.0,0.05702577691333929,129.0,0.11272852520539284,142.0,-0.07219739786522314,22.0
30842,Marcedes Lewis,GB,56,56,265,0.10817193691000936,0.05420005486720946,-0.09725230809110723,0.3135961819111259,0.1048082882658758,0.065533927439767,2.5350126396600934,2.4268407027500842,9,True,True,-0.03582789303854068,56.0,-0.16909667669364067,54.0,0.20235298271643845,45.0,0.03855575091552759,35.0,0.2049947138743473,25.0,0.48445884963250974,50.0,0.11055741288821555,21.0,0.13869453175081295,33.0,0.03978997487702563,40.0,0.1317324508652951,6.0,0.12025785917736793,41.0,0.07919671301262411,15.0
52942,Juwan Johnson,NO,58,58,298,0.14936280801484164,0.05134402030934862,-0.13264904631618485,0.43137466234586813,0.1438835991484829,0.17520235418836547,3.007199667803221,2.8578368597883794,13,True,True,0.0479170293193683,58.0,0.14302459418887153,58.0,0.10673605953865237,56.0,0.12297637855379408,43.0,0.06354385637921885,33.0,0.40146703504905995,50.0,-0.01565558925044869,20.0,0.22151291463059844,35.0,0.42206584477241443,15.0,0.045836655171689035,43.0,0.07453801034367469,54.0,1.1363375201535675,4.0
44841,David Njoku,CLE,118,118,561,0.08425021876379155,0.047691355867555484,-0.0922934413567523,0.26079387888433536,0.09007329597986931,0.061658721150610725,2.932864610118069,2.8486143913542774,20,True,True,-0.1405165360677774,118.0,-0.06756101515451017,118.0,0.2012873126122874,99.0,0.48711064734903414,76.0,0.4177942470244513,52.0,-0.06995541042548484,98.0,0.11640055037489952,25.0,0.047695224924533514,83.0,0.022694138038630077,65.0,0.1597296987005967,53.0,0.02729005829721492,97.0,0.32045198510225614,21.0
48456,Donald Parham,LAC,75,75,382,0.09527153884088269,0.04637327501500875,-0.11079786479743983,0.3013409424792052,0.10513745083587883,0.06870431172224231,2.6441824813218506,2.5489109424809677,10,True,True,-0.054788883384638526,75.0,0.034261347512503364,75.0,0.044253777707488146,70.0,0.10577292131164844,57.0,0.13610108673747093,36.0,0.34647583986652497,69.0,0.05448579446860229,18.0,0.1338752372284744,50.0,0.26772685741039587,43.0,-0.1747672255634461,29.0,0.032662554900189635,63.0,0.3843777293905533,12.0
53591,Noah Gray,KC,36,36,177,0.12785615528593539,0.045039238207014,-0.14289028830472314,0.3986025988765939,0.13813594060747883,0.1726533244287823,2.801665077794129,2.6738089225081936,3,True,False,0.23646996026095637,36.0,0.4045267458185685,35.0,0.07619294558008968,31.0,0.20813353012913122,26.0,-0.27332649674417875,21.0,-0.07408613757665036,28.0,-0.46047985840722166,12.0,0.48235079751278087,23.0,0.3576013009810595,4.0,0.12941515551625052,28.0,0.13650074184259914,33.0,0.040870003059506055,3.0
42503,Jesse James,CHI,42,42,206,0.11424843521395361,0.04372513253300257,-0.1379966477512073,0.3664935181791145,0.1286964709005923,0.11597602129588316,3.0993847707466515,2.985136335532698,6,True,True,0.023619273751571548,42.0,-0.035874612737548266,42.0,0.22751679624264212,35.0,0.5316119660224089,33.0,0.31645271770288863,23.0,-0.28176752783590114,31.0,-0.08796619249077545,12.0,0.20234946456273586,29.0,0.2406632838664032,27.0,-0.12559219353875195,14.0,0.0695799599494887,25.0,0.17182113666593063,17.0
47920,Foster Moreau,LV,87,87,415,0.08280488687770603,0.042893612582357604,-0.10812494601679447,0.27373471977220654,0.09741318004821455,0.06678988422499754,2.5784964326779747,2.4956915458002684,8,True,True,0.10393156662273519,87.0,0.07538026564637344,87.0,0.0013247995596742809,77.0,0.08221775282406944,56.0,0.4637316702295872,27.0,0.018974565757949303,81.0,0.22176144813293558,27.0,0.0391328671321802,52.0,0.05156047626291043,42.0,0.11509977344282174,44.0,0.09220602329600941,78.0,0.0035362138961025913,9.0
53576,Brevin Jordan,HOU,9,9,41,0.37972638149818705,0.042356054981568615,-0.1776170736849353,0.9370698366813094,0.2843589057056747,0.3805538926129446,3.341850458045207,2.96212407654702,3,True,False,0.05191589831353522,9.0,0.7778856733621939,9.0,0.15759504088191167,9.0,1.48063989140255,3.0,-0.5919147666923839,2.0,0.3804579986204467,9.0,,,0.37972638149818705,9.0,0.4778944632187241,8.0,-0.5283283744167797,1.0,0.37972638149818705,9.0,,
44856,Gerald Everett,SEA,113,113,560,0.095952258216393,0.04132242915610821,-0.13008322205146394,0.32198773848424994,0.11532422462645762,0.06573656112800996,3.330143895995029,3.234191637778636,14,True,True,-0.03962033347511084,113.0,-0.05573456257646196,113.0,0.12058282079629673,107.0,0.17483160002244863,79.0,0.29107467684882177,53.0,0.2354458079478216,95.0,0.04568190383719906,27.0,0.0011080185401404104,76.0,0.20171886540040704,40.0,0.04528019769027779,67.0,0.049119886813982015,100.0,0.4237788580332699,13.0
39109,Derek Carrier,LV,15,15,72,0.21358692566465554,0.04080559210594413,-0.1899900497191765,0.6171639010484875,0.20590662009379185,0.20743220950327648,2.7205215002466536,2.506934574581998,2,True,False,-0.17109890185137439,15.0,0.27196254869790254,15.0,0.7051769362878776,12.0,0.4236149330921879,11.0,-0.5858507980832808,4.0,0.20578797586812028,15.0,0.26165989940389833,7.0,0.21749294785567214,7.0,-0.11060292035168628,3.0,0.5563838086177558,5.0,0.26141394906215243,13.0,-0.1212022381178227,2.0
52526,Albert Okwuegbunam,DEN,59,59,296,0.09308930287409978,0.040105136468654,-0.13160854436087685,0.31778715010907643,0.11464175879335542,0.09340889500206948,2.7956874210191174,2.702598118145018,12,True,True,0.1430202743322576,59.0,-0.044804715602515144,59.0,0.033627185051889365,54.0,0.24853757249726194,45.0,0.15087662373900876,28.0,0.08892375423152302,51.0,-0.03900334038576611,16.0,0.10140248482036085,41.0,0.1257451429868584,38.0,-0.1067655664788697,15.0,0.03720538891676907,47.0,0.2916921355532288,12.0
48096,Andrew Beck,DEN,6,6,33,0.9502505038969444,0.03973611775052019,0.0161007989274925,1.8844002088663965,0.476606992331353,1.0157379682487744,3.941758955813219,2.991508451916274,0,True,False,0.2593387959768001,6.0,0.9417077130965182,6.0,1.1994643699524947,6.0,0.8060312306682512,6.0,1.1419171960917924,5.0,1.602356997493955,4.0,2.5676819489453164,1.0,0.3001909729184017,4.0,1.0509775535113213,3.0,0.31752537806152087,1.0,0.9502505038969444,6.0,,
45481,Ricky Seals-Jones,WAS,185,185,948,0.06085959238909183,0.03861923326843161,-0.08642695780210916,0.20814614258029282,0.07514619907714336,0.06663343092343094,2.8613189002767925,2.8004593078877003,31,True,True,-0.016843566703956793,185.0,0.05657556497034906,184.0,0.11639289797777752,175.0,0.1576416054131583,143.0,0.16320234369203301,102.0,-0.05759180066813344,159.0,0.07424941613967949,69.0,0.010423577416500535,102.0,-0.007418355827722001,16.0,0.0933266304068412,144.0,0.07456007728520661,153.0,0.0003425933908249082,32.0
44075,Garrett Griffin,NO,32,32,159,0.14811934305379817,0.034530682095317886,-0.19610596756875479,0.49234465367635116,0.17562515848089438,0.2057204865126937,2.9162912327533856,2.7681718896995875,3,True,False,0.3152094035298858,32.0,0.24275274382636683,32.0,-0.23658933833827964,29.0,-0.13177554837728642,23.0,0.29491873342606895,18.0,0.4111831221188914,25.0,0.25387060853106164,8.0,0.1260775215931482,20.0,-0.2672308165703659,10.0,0.5565131431436345,10.0,0.2084959940504274,28.0,-0.22786252906157453,4.0
46094,Hayden Hurst,ATL,146,146,696,0.06656954153637218,0.03379180977546948,-0.11951399265718743,0.2526530757299318,0.09494057867018348,0.07234352618287983,3.0796134886746467,3.013043947138274,22,True,True,0.1369299156335636,146.0,-0.04835890515721429,145.0,-0.03824612411181866,130.0,0.16890190309213263,89.0,0.0666599898463395,48.0,0.1455994327632113,138.0,-0.027494598191775542,35.0,0.08720485701357505,101.0,0.3767793784756357,53.0,-0.113660755436019,88.0,0.024298488490281146,131.0,0.38751642577521134,15.0
47924,Zach Gentry,PIT,27,27,118,0.14061086061714492,0.03101490755617581,-0.20808509551561108,0.48930681674990095,0.17790610006773266,0.1252510411001205,2.792331436532556,2.651720575915412,5,True,False,0.10727661094266099,27.0,0.19537181315619193,27.0,-0.1879252592334322,21.0,0.47536660196790415,12.0,0.1727163034749847,6.0,0.22505230006365567,25.0,0.017269325222933205,5.0,0.19312394160227855,19.0,0.17983748213412232,21.0,-0.17701153240176834,4.0,0.008174484035889414,23.0,0.8763685082907866,4.0
48766,Kendall Blanton,LA,5,5,22,0.2950802178268724,0.030372565576463288,-0.2500094996770383,0.840169935330783,0.27810699872648503,0.20476268662989128,3.0947647821501634,2.7996845643232913,0,True,False,0.3556684279424106,5.0,0.7608487589272361,5.0,0.32469264239064316,4.0,0.34531717430417586,3.0,0.6622543559763105,1.0,-0.5219493976521132,4.0,-0.08871287333709281,3.0,0.7556319272236305,2.0,-0.01813544097714966,3.0,0.6709390083916988,2.0,0.2950802178268724,5.0,,
42547,Darren Waller,LV,209,209,1035,0.04348513197042341,0.02979946295360352,-0.08111108069139489,0.1680813446322417,0.06356949625602974,0.052916581273866704,2.61633695267775,2.5728518207073265,46,True,True,-0.05750452099282195,209.0,0.11022308647331794,207.0,0.19354738375895908,193.0,0.06282963800908035,151.0,-0.17076863239752782,88.0,0.012808004401301762,187.0,0.2610068716949392,90.0,-0.1460046454124678,104.0,0.18221305436723137,103.0,-0.0861649673380739,99.0,0.008531836330316785,187.0,0.3075125056485842,22.0
46331,Ross Dwelley,SF,57,57,279,0.0919761607125105,0.02848659076466757,-0.17970211973213,0.36365444115715095,0.13861136757379616,0.09500710727910365,3.063481283205209,2.9715051224926983,5,True,True,-0.11334913940233635,57.0,0.05979350137062616,57.0,0.14652914590008964,52.0,0.22469784958662453,37.0,-0.24840051187940645,26.0,0.3847819498790542,50.0,0.1660852895716828,16.0,0.11516251091887178,37.0,0.14120610841990158,18.0,-0.001921736200011097,30.0,0.09936492641543844,48.0,0.059721356586267316,9.0
53512,Tommy Tremble,CAR,98,98,503,0.06025519930845894,0.02566004050389387,-0.14588151740996208,0.26639191602687995,0.10517179424409236,0.04309679700468262,2.786879792624095,2.7266245933156363,15,True,True,0.013519387094673154,98.0,0.1425077542674649,97.0,0.1651573720100406,92.0,0.03135921355278115,79.0,-0.03175571832834261,49.0,-0.010859235733771278,88.0,-0.02769020091250658,29.0,0.10388517776260711,60.0,0.05001033227519983,38.0,0.01844580018047987,52.0,0.06461720124664673,89.0,0.01983991604443337,9.0
46170,Ian Thomas,CAR,128,128,653,0.054545438061079705,0.025181375499377965,-0.13628388240513117,0.24537475852729057,0.09736189819704637,0.05093820861517828,2.9194950195664395,2.8649495815053596,13,True,True,-0.09880518373283202,128.0,0.1511807664209263,128.0,0.10700423624876844,117.0,0.033743211970893035,100.0,0.20983976749279537,70.0,-0.015168219026199102,110.0,-0.2200927973103434,33.0,0.17291348968608183,92.0,-0.04868018740012332,66.0,0.17751556235211016,62.0,0.029676761625866126,105.0,0.15177635344687718,23.0
53574,Luke Farrell,JAX,45,45,237,0.11606129389178445,0.024666462691226673,-0.22236810879002794,0.4544906965735968,0.1726680625927614,0.10132975776991218,2.96627754351516,2.850216249623375,6,True,True,0.02614924920575935,45.0,-0.021223378125258395,45.0,-0.04185802477518353,43.0,-0.05072194903770345,37.0,0.8256666666886233,24.0,0.2591969682077052,43.0,0.11548385292928458,11.0,0.11684577369005622,31.0,0.8595735315138748,14.0,-0.43161993583432806,23.0,0.017123866506405603,40.0,0.8256814627248465,5.0
44912,Jonnu Smith,NE,91,91,455,0.05683957327762066,0.024340486964193983,-0.14564522811613942,0.25932437467138075,0.10330857213967351,0.07106826767725627,2.9626403955099088,2.9058008222322878,25,True,True,-0.031101982261877287,91.0,-0.07555201522869462,90.0,-0.05780765533520877,81.0,0.03347466273292872,63.0,0.25113430181940005,42.0,0.31270276421924253,88.0,-0.07319331386451036,30.0,0.08586510041843616,54.0,-0.16635124384163966,35.0,0.17583324117706156,45.0,0.02112106913185856,79.0,0.26736227195491546,12.0
42516,James O'Shaughnessy,JAX,38,38,190,0.10763969573940359,0.023131945740009967,-0.223007967150601,0.43828735862940815,0.16869778718877784,0.08697805426287823,3.4030215771451373,3.295381881405734,10,True,False,0.05113646082181051,38.0,0.026476200063016618,38.0,0.05426780431400439,36.0,0.20414686361495188,26.0,0.4543492722185231,15.0,0.09258277254844599,37.0,2.3685617867522075,2.0,-0.016552121994917346,34.0,0.2739371909815041,8.0,0.07127811540930808,28.0,-0.12242467887004042,31.0,0.9703811005248186,7.0
46544,Deon Yelder,TB,4,4,20,0.622409429070444,0.017663228645374115,-0.6200154397108852,1.8648342978517733,0.6338902391741477,0.5625231589736772,3.340985260349341,2.718575831278897,1,True,False,-0.13671728285788023,4.0,0.11364407925698064,4.0,0.17308341672579902,4.0,0.8828109976400533,2.0,2.6373505339255363,2.0,1.2019561664445269,4.0,-0.001974003526842389,3.0,2.0793041051307797,1.0,0.8619545094575122,2.0,0.26309180848984226,2.0,0.26309180848984226,2.0,0.8619545094575122,2.0
40149,Ryan Griffin,NYJ,107,107,549,0.026436297645070612,0.01009181782340375,-0.14431441423893845,0.19718700952907967,0.08711771014490258,0.01846032874868582,2.8762905305250026,2.8498542328799323,19,True,True,-0.09944501253379207,107.0,-0.15407194377818084,107.0,-0.18771182070887568,100.0,-0.029770548092796924,82.0,0.5087887428080184,58.0,0.3509732806753337,95.0,0.14427525047296935,34.0,-0.004123580671526987,70.0,0.08555138671749565,62.0,-0.19215516057575507,40.0,0.005373904537920435,90.0,0.12458270676292509,17.0
44987,Eric Saubert,DEN,53,53,265,0.05879480060518812,0.009637615508871775,-0.23930043524205205,0.3568900364524283,0.1520894060445103,0.0922959906573065,2.9096011693184862,2.850806368713298,11,True,True,-0.0410422859168779,53.0,0.12472818655562574,53.0,0.01817420570330868,50.0,0.002554600569679044,40.0,0.25287409118688176,25.0,0.08664824633855858,44.0,-0.6508860196524551,9.0,0.18875062688008282,41.0,0.09105593150758988,30.0,0.025807826763758996,14.0,0.03436901806468969,43.0,0.14792748075297188,10.0
41349,Logan Thomas,WAS,94,94,461,0.03108429626723728,0.009162660562707209,-0.16938871860641178,0.23155731114088632,0.10228215044573931,0.052091143564163,2.775959798793734,2.7448755025264964,13,True,True,0.22006367459867102,94.0,0.12142587453378335,94.0,0.10302681445779177,87.0,0.0034384796150510187,65.0,-0.43225436997067457,40.0,-0.119343410780661,81.0,-0.21614237064939693,27.0,0.12605391793388143,64.0,-0.15170870220749838,11.0,0.10438383098580345,79.0,0.0062261945241379795,90.0,0.5519207137416994,4.0
46192,Durham Smythe,MIA,104,104,481,0.025903576270660526,0.007831495315041324,-0.1598472862678124,0.21165443880913345,0.09477084823391475,0.024514075126087217,2.85187987843076,2.8259763021600994,17,True,True,0.06527180224805564,104.0,0.010347966438515394,104.0,0.08852468480497414,84.0,0.1351896171599506,58.0,0.015438302374091472,40.0,-0.12416966122059661,91.0,-0.20788787776259107,31.0,0.12199361955297516,71.0,0.12468930967188091,43.0,-0.14149082273979333,52.0,0.04676873132839756,93.0,-0.14623395295567013,11.0
47791,T.J. Hockenson,DET,279,279,1370,0.013440369342331976,0.007828972625434869,-0.090068908531565,0.11694964721622896,0.05281085605811071,0.019075418500072123,2.7819918484802115,2.7685514791378796,66,True,True,0.05456033280662968,279.0,0.1255841028477051,278.0,-0.09970270771192559,261.0,-0.0019808475733091692,190.0,0.18380888560905467,109.0,-0.10022849100933816,253.0,0.02342970677564909,67.0,0.004425040527254522,200.0,-0.11700973286857971,78.0,0.08782488048231202,193.0,0.00471795084669562,254.0,0.0925834901042089,25.0
42428,Tyler Kroft,NYJ,104,104,511,0.027932668013806634,0.007743539050730042,-0.16866586141016965,0.22453119743778294,0.10030537215508994,0.0338120531640785,2.887593748049316,2.8596610800355093,12,True,True,-0.013824142580965423,104.0,0.08607896728981745,104.0,-0.10337515304368758,92.0,-0.08294161121622264,77.0,0.2104209388985414,42.0,0.15020032929635047,92.0,-0.1723970314198874,35.0,0.12194172286361321,63.0,0.09510898150460395,51.0,-0.1560222214806999,37.0,0.0510275214943741,87.0,-0.07452003306488103,17.0
45532,Blake Jarwin,DAL,115,115,570,0.017179860231912616,0.0028157433155434515,-0.16307471148221173,0.19743443194603696,0.09196661822149202,0.04598148602121805,2.662789390844343,2.6456095306124308,18,True,True,0.15656510645006888,115.0,-0.02968594109699279,113.0,-0.034726673429169616,104.0,-0.22431187229662766,81.0,-0.04469055963293242,55.0,0.1900084402633747,102.0,0.059936864848190725,34.0,-0.017879432452935475,71.0,0.43582746911830017,24.0,-0.08683387131700013,68.0,0.01136250162579903,105.0,0.07057490172374073,10.0
46189,Will Dissly,SEA,100,100,478,0.011628319897135782,-0.003729588004899141,-0.20233114813203903,0.2255877879263106,0.10916299389243614,0.024087622995345215,3.006454288857561,2.9948259689604257,11,True,True,-0.19413056771822482,100.0,0.033338525126395235,100.0,0.04301878446760479,89.0,-0.1433435424912943,64.0,0.012633177453623747,39.0,0.30802514129242503,86.0,-0.3488541138980679,21.0,0.05390306967164247,75.0,-0.1320787289383254,33.0,0.1113876381997504,64.0,0.06705761751759474,89.0,-0.3820136411701915,11.0
47904,Trevon Wesco,NYJ,23,23,118,0.06889843122725718,-0.0037422704446188233,-0.39656893235708274,0.5343657948115971,0.2374833487675204,0.03293208716192476,3.2689448534538963,3.2000464222266394,2,True,False,0.12315469367143293,23.0,-0.24339578516554167,23.0,-0.15580034014472857,22.0,0.2631275012704584,15.0,0.427597985769025,14.0,0.20904205488293554,21.0,0.1993068204052268,8.0,-0.00316936279214712,15.0,0.09499813150966213,7.0,-0.28805464700515043,4.0,0.129428608103699,19.0,-0.19523324968812508,4.0
53065,Tommy Hudson,TEN,13,13,65,0.1953713392283981,-0.005405982507419232,-0.6117822834288917,1.002524961885688,0.41181307278433155,0.09958733458418562,3.315830276917188,3.1204589376887895,4,True,False,-0.14056768374488832,13.0,-0.2985428830263967,13.0,-0.052266719165315154,13.0,0.44359283802816196,9.0,1.7129589544505854,5.0,0.5441592877096082,12.0,-0.5211602410232035,3.0,0.43310096231835177,9.0,1.381148947252359,4.0,-0.41130557650479127,9.0,0.8641131880054004,6.0,-0.34333737228640937,7.0
44831,O.J. Howard,TB,76,76,359,0.004113311741791725,-0.005764524929056242,-0.17663902894469888,0.18486565242828232,0.09222058198290337,0.05291214422404902,2.5246455262243552,2.520532214482563,18,True,True,0.0848092930654212,76.0,0.010363747245395342,75.0,-0.06614011021947881,65.0,-0.19511309717140912,41.0,-0.06941382970705852,29.0,0.11733749053048166,73.0,-0.00014088209789823962,30.0,-0.011510784185259249,42.0,0.13991461624959833,39.0,-0.022545957065717125,27.0,-0.02196460294653636,69.0,0.22440306476687902,7.0
41236,Eric Ebron,PIT,108,108,489,-0.008355270305724433,-0.014215860495805605,-0.19699550542224392,0.18028496481079503,0.09624501791659157,-0.0006371278409537847,2.7003179762230403,2.7086732465287646,12,True,True,-0.033711208071518756,108.0,0.2214134448460025,107.0,0.1111190577489976,89.0,-0.10912146391119924,55.0,-0.14625563130364144,25.0,-0.23207314426905987,105.0,0.01395307348089888,22.0,-0.03306668055795363,81.0,0.005393225498095757,77.0,0.11483185332483586,26.0,-0.03312229194742252,99.0,0.24853058207095796,9.0
52725,Ben Ellefson,MIN,10,10,45,0.09267044556747282,-0.015124872256787058,-0.7553727045894691,0.9407135957244148,0.4326750766106847,0.3909252497297617,2.4521955108428113,2.359525065275338,1,True,False,-0.14584699155890618,10.0,0.05062606688525908,10.0,-0.02020065754047153,7.0,-0.6256329985757525,5.0,0.45956274567204963,4.0,0.728188656694068,9.0,0.6225693921318066,3.0,-0.12260100147428782,7.0,0.09267044556747282,10.0,,,0.09267044556747282,10.0,,
53946,Jack Stoll,PHI,21,21,110,0.01208348119120714,-0.017072708350647326,-0.48465214711768123,0.5088191095000955,0.2534365450555553,0.0005304087074733664,3.4534750978131146,3.441391616621907,0,True,False,0.0232987038974025,21.0,0.1742959671635685,21.0,0.16764747638065547,20.0,0.0971114348442839,17.0,0.1598885868127195,15.0,-0.6389048677127708,16.0,-0.0830712968459748,2.0,-0.04044671180451209,17.0,-0.11398097937097829,12.0,0.33157627318143645,5.0,0.061648883956863736,17.0,-0.18617812987141943,4.0
46176,Christopher Herndon,MIN,27,27,126,-0.0078176592636726,-0.02124673284983384,-0.5251340098022694,0.5094986912749242,0.2639369135401004,-0.03019062818618369,2.9864055028485703,2.9942231621122426,4,True,False,0.010881671196564066,27.0,-0.04585498780598543,27.0,-0.25528175058507435,25.0,-0.4073140220948728,15.0,0.9214125949332576,7.0,0.24004481650995088,25.0,1.2959386612857609,2.0,-0.16489351208183875,22.0,-0.3023896506346395,12.0,0.3160674368760376,9.0,-0.0927855006101473,24.0,0.6209443667002399,3.0
47879,Dawson Knox,BUF,157,157,797,-0.020427222246731366,-0.021535224758032632,-0.17650896954147344,0.13565452504801073,0.07963354453813372,-0.01947316865662585,2.9609963727170827,2.9814235949638137,23,True,True,-0.21110955898593442,157.0,-0.285344556024709,157.0,-0.02837628464431758,146.0,0.09420419029190702,118.0,0.34142335486534015,80.0,0.1969480189958578,139.0,-0.22958604674618616,49.0,0.11190847027188772,94.0,0.02997531692513432,40.0,-0.03284432944119878,89.0,0.0018747819538983911,133.0,-0.1359135695802251,24.0
37179,Luke Stocker,MIN,4,4,22,0.006654436931672488,-0.022316148684523404,-1.3517513296285146,1.3650602034918597,0.6930641666123404,0.09067652005935474,2.6600641587071774,2.6534097217755046,1,True,False,0.15853900571696083,4.0,0.5451352100477935,4.0,0.22826947645400614,4.0,0.21564144824040837,4.0,-1.3004472182618787,2.0,-0.46076212820403095,4.0,,,0.006654436931672488,4.0,-0.6364238260735168,3.0,2.193120531149316,1.0,1.0149194344638597,2.0,-0.8335663943451501,2.0
53896,Tory Carter,TEN,1,1,6,0.07854525971338444,-0.022572446856245577,,,,0.07854525971338444,3.304488348409013,3.225943088695628,0,True,False,-0.21904044774327858,1.0,-1.1981819805996787,1.0,0.3174244617705164,1.0,1.0671980087684316,1.0,0.7628901259722713,1.0,-0.25901860988795544,1.0,,,0.07854525971338444,1.0,,,,,0.07854525971338444,1.0,,
45594,Colin Thompson,CAR,7,7,34,-0.008054832121274714,-0.022915790096599442,-0.8119384572483535,0.7958287930058041,0.4101447066974892,-0.12472690818773209,2.4196558062859204,2.4277106384071954,1,True,False,-0.2734696350562716,7.0,0.09674609702990893,7.0,-0.15862418190981856,7.0,0.7924394961891155,4.0,1.1432369692550475,2.0,-0.48323745369094684,7.0,-0.6678746333907477,2.0,-0.3465107238306221,3.0,0.3609662572271707,3.0,-0.29406260302690246,1.0,-0.008054832121274714,7.0,,
53556,Kylen Granson,IND,37,37,196,-0.022218099332834498,-0.02353962998764455,-0.34308466331198123,0.2986484646463123,0.1637074306016055,-0.014859204718408974,2.4946510268859274,2.516869126218762,2,True,False,-0.1695898759564572,37.0,-0.22712809404330836,37.0,0.022042107318621836,37.0,0.08149093548335899,34.0,0.29747835488507907,22.0,0.006656684002096835,29.0,-0.1868830914405554,17.0,0.22673359200917836,17.0,0.5803243253724882,4.0,-0.0978763979534558,25.0,-0.06154521966151444,35.0,0.5807977457069247,2.0
52513,Adam Trautman,NO,121,121,598,-0.023366737901200585,-0.023634612175006925,-0.17740834922203977,0.1306748734196386,0.07859265883716285,-0.022970626996374515,2.592939282512708,2.616306020413909,15,True,True,-0.11221699864201704,121.0,0.06650683335574566,120.0,0.05391011147804567,110.0,-0.0687280824827194,88.0,-0.17388288605090332,63.0,0.02809071234560238,96.0,-0.023353437561615138,47.0,-0.0332196338220841,65.0,-0.007702637067722732,50.0,-0.03643209630343354,58.0,-0.00448480919488853,109.0,-0.19267469863446512,12.0
48723,Parker Hesse,ATL,4,4,19,-0.020349743606733167,-0.024069460207796097,-0.9373019632718755,0.8966024760584093,0.4678327651352767,-0.10983075538053419,2.446154815601508,2.466504559208241,1,True,False,-0.38668283889561683,4.0,-0.37991372600344,4.0,-0.21362935089906715,4.0,1.7714915924835375,2.0,0.3919028835610119,1.0,-0.10015688346588048,4.0,-0.9300763985164913,1.0,0.3076866295051109,2.0,0.58881038677046,2.0,-0.8579449228753738,2.0,-0.020349743606733167,4.0,,
39907,Darren Fells,DET,53,53,257,-0.026569926040526094,-0.025333307105666426,-0.3013544821676207,0.24821463008656847,0.1401962021056605,-0.025093994999785006,2.56184050737401,2.588410433414536,5,True,True,-0.04131930976515413,53.0,-0.06227004013700192,53.0,-0.24450238603371974,47.0,-0.07237735601262453,37.0,0.46849006531619364,17.0,0.0973401551615142,50.0,0.07646018177120577,11.0,-0.06892827574260614,41.0,0.21252083245286477,26.0,-0.19199170043181313,25.0,-0.04929704649637322,47.0,0.1332301396646491,6.0
45142,Darrell Daniels,ARI,23,23,119,-0.03072183017344772,-0.026840873969659822,-0.3386442320659211,0.2772005717190257,0.1571032662716701,-0.01355926565213098,3.045265460180702,3.0759872903541496,1,True,False,0.00980355605939551,23.0,-0.06773531524065884,23.0,-0.16806772832026803,23.0,0.06322161256365032,17.0,0.02304722998455378,13.0,0.008385450925684657,20.0,-0.48720175415125855,4.0,0.03933732072614384,17.0,0.3700037121577404,5.0,-0.34827765946871314,12.0,-0.0659007013197711,19.0,0.12438501078988744,4.0
52962,Tyler Mabry,SEA,4,4,18,-0.09584827200753264,-0.02897138417645683,-0.6789773973211614,0.48728085330609605,0.2975148598538922,-0.14619231711873099,3.196257723529685,3.2921059955372183,0,True,False,-0.09955621651889596,4.0,-0.15736207841084476,4.0,0.13945870123604026,4.0,0.1380101178640991,2.0,-1.2391420378146791,1.0,-0.09743623975810167,3.0,,,0.09764084501223187,3.0,0.3069040888820539,2.0,-0.5992887231195159,2.0,-0.3638316795400103,3.0,0.6009085875769091,1.0
35534,Jimmy Graham,CHI,45,45,226,-0.04066889407434312,-0.031302200483405956,-0.3278246401964156,0.24648685204772938,0.14650803373575128,-0.0245499745244566,3.0463426871594037,3.087011581233747,3,True,True,0.06941520311358766,45.0,0.10311925937590805,45.0,0.2493703309817271,42.0,-0.2272969354548986,35.0,-0.046267604609248975,25.0,-0.5387262328796681,34.0,0.6693706669341953,8.0,-0.22417075667547479,30.0,-0.15316874744777448,7.0,-0.004100260408640936,32.0,-0.0626679977742642,42.0,0.2297906749423332,3.0
46111,Mike Gesicki,MIA,237,237,1126,-0.033114337810373096,-0.03161315843762778,-0.1455926278938386,0.0793639522730924,0.05738688269564566,-0.029829146859557704,2.9028519881235697,2.935966325933943,44,True,True,0.10200417532487902,237.0,0.07130410735498302,236.0,-0.0486301788619514,206.0,-0.043544062131973246,142.0,-0.16155074405043615,98.0,-0.22346114336718595,207.0,-0.15054992011744764,75.0,-0.0017834283229542511,151.0,0.3863791294971485,6.0,-0.06158379066462858,224.0,-0.0425220776495226,232.0,0.3358034601677035,5.0
53570,Jacob Harris,LA,2,2,8,-0.26267974407120825,-0.032325156220235914,-1.566817491042456,1.0414580029000393,0.6653764015159427,-0.08524603700029021,2.691768520828344,2.9544482648995523,0,True,False,1.0593264232814403,2.0,0.216121992619001,2.0,-1.644989908893122,1.0,-1.8604929805379775,1.0,-1.9520877904304024,1.0,0.8052358954909531,1.0,0.624488791283382,1.0,-0.7949808652839624,1.0,,,-0.26267974407120825,2.0,-0.26267974407120825,2.0,,
46167,Jordan Akins,HOU,140,140,661,-0.03674724405332137,-0.032786603342827715,-0.20630059426632558,0.13280610615968286,0.08650681133316541,-0.03291536659996778,2.7570820630082102,2.793829307061532,22,True,True,-0.21231456637759796,140.0,0.028824513125658972,138.0,0.13886066831824426,116.0,0.09590620235046454,85.0,-0.1956192158410478,59.0,-0.09156099860005401,123.0,-0.28449879919776044,45.0,0.04803398622177475,89.0,0.02748932452048284,71.0,-0.10942347360810648,55.0,-0.10898179651994727,125.0,0.48785619323554935,15.0
48683,Joe Fortson,KC,26,26,123,-0.07338946361086804,-0.03604213934938998,-0.5158243666911098,0.3690454394693736,0.2257320934082866,-0.011737663160671135,2.848825482644259,2.9222149462551275,3,True,False,-0.083832471806176,26.0,0.2162050577137467,26.0,-0.02935979336612372,22.0,-0.48812100506815836,16.0,-0.3619679044621335,11.0,-0.0014133078865858704,22.0,-0.23104213896218226,6.0,-0.04700436444833634,18.0,-0.527540855239941,12.0,0.33185331661199696,14.0,0.07238568567947364,23.0,-0.9823403944800575,3.0
52451,Cole Kmet,CHI,177,177,831,-0.0431170170536322,-0.03851079275619059,-0.18432762558207172,0.0980935914748073,0.07204622884104056,-0.048132418734613526,3.0402336607003715,3.0833506777540043,36,True,True,-0.029937214343826287,177.0,-0.11514940082284317,177.0,-0.12109357004012618,158.0,0.018128621581758538,109.0,0.014116259120560236,72.0,0.04340929978391344,138.0,0.3546277795537904,39.0,-0.159753522181182,128.0,-0.22486259983551393,42.0,0.003050366203907496,119.0,-0.061163213732717395,156.0,0.07154819724356398,21.0
41327,Richard Rodgers,PHI,3,3,13,-0.32620337235939273,-0.039270288861596406,-1.0545081876383802,0.40210144291959476,0.3715840894280549,-0.4385121517393666,1.810839931605003,2.137043303964396,0,True,False,0.3973577548706943,3.0,-0.8000771677526498,3.0,-1.0944533409280963,2.0,-0.34013845205545357,1.0,0.7524478988672656,1.0,-0.4186294556606196,3.0,,,-0.32620337235939273,3.0,-0.8808438893291254,1.0,-0.6302957039927473,1.0,-0.7734660956135347,2.0,0.19560313810377286,1.0
53724,Matt Bushman,LV,2,2,9,-0.4697606442007569,-0.03927333312464826,-0.9814665892324508,0.04194530083093695,0.26107446175086424,-0.44038976725378465,2.794655184690848,3.264415828891605,0,True,False,-0.1657827484157125,2.0,-0.19093530118217328,2.0,-0.8591537226257238,2.0,-1.17556828708346,1.0,,,-0.31026698313806655,2.0,,,-0.4697606442007569,2.0,-0.17605187473103473,1.0,-0.7047276597765346,1.0,-0.4697606442007569,2.0,,
53172,Dominique Dafney,GB,14,14,66,-0.12439353840718902,-0.040728112560313334,-0.6840555074956204,0.4352684306812423,0.2855418209634854,-0.21369228984103023,2.7633717450528335,2.8877652834600225,0,True,False,0.0027875602089057405,14.0,-0.15964345452274428,13.0,-0.16830416601229584,10.0,-0.46697370984229725,9.0,-0.04613944527395719,8.0,0.006773845157650911,12.0,0.21980985251181154,3.0,-0.21706368211615068,11.0,-0.08523021675660371,3.0,-0.6420981893216553,6.0,-0.013323087603923952,11.0,-0.5369409271050307,3.0
45217,Cethan Carter,MIA,13,13,65,-0.11269347001691978,-0.042389393340750356,-0.6015609423823016,0.3761740023484621,0.24942217977825606,-0.07217026322402224,2.934624391599872,3.0473178616167917,3,True,False,-0.10940834736165436,13.0,0.06914635768071828,13.0,-0.2736604248719379,12.0,-0.1446439897891685,11.0,0.003417457961073659,6.0,-0.1947165446869949,10.0,0.7083622182848284,2.0,-0.19227496748419795,10.0,1.203225123347213,1.0,-0.21588282176454704,10.0,-0.11269347001691978,13.0,,
45355,Anthony Firkser,TEN,116,116,553,-0.05088263871411058,-0.04245240820734443,-0.21987393245006318,0.11810865502184201,0.08622004782446561,-0.05515108953207749,2.635853921039635,2.6867365597537454,16,True,True,-0.08682079967192292,116.0,-0.13609868451059196,116.0,-0.17452798733670383,101.0,-0.02952253589454213,79.0,0.17317147354919554,42.0,0.10512086993816434,99.0,-0.16385838192437183,48.0,-0.004905702737492565,60.0,0.0321167827179788,13.0,-0.05909463840140246,100.0,-0.12088667350405428,79.0,0.08393994680726252,37.0
48700,Jesper Horsted,CHI,3,3,15,-0.40835969956417356,-0.0433369464536151,-0.574075227012141,-0.2426441721162061,0.08454873849386095,-0.4085040601806951,1.9752742022141097,2.3836339017782833,2,True,False,-0.34583498330990786,3.0,-0.529660403016453,3.0,-0.46266622643080524,2.0,-0.26300798180427,2.0,-0.3267084559019384,2.0,-0.46471466873649786,3.0,,,-0.5301781746128084,1.0,,,-0.40835969956417356,3.0,-0.40835969956417356,3.0,,
46915,Codey McElroy,TB,2,2,8,-0.5946224357231122,-0.043462815667733766,-0.6985005503719621,-0.4907443210742624,0.05299903808614787,-0.5946224357231122,0.8361386014543946,1.4307610371775068,1,True,False,-0.36651295651896726,2.0,-0.4691389002531082,2.0,-0.7651788124803698,2.0,,,,,-0.7776590736400035,2.0,-0.5946224357231122,2.0,,,-0.64762147380926,1.0,-0.5416233976369643,1.0,-0.5946224357231122,2.0,,
47835,Drew Sample,CIN,41,41,203,-0.07768819173056486,-0.044876708123441175,-0.39079864103066053,0.23542225756953084,0.1597502292347427,-0.08876848178139703,2.784196969193639,2.8618851609242033,4,True,True,-0.05820407095915947,41.0,-0.08180580205617814,41.0,-0.006254107459790171,37.0,0.07203022754901485,28.0,0.13277139495931045,16.0,-0.34850212105962436,40.0,-0.41028013599764884,7.0,0.05222303773284385,31.0,-0.26074894061322806,25.0,0.2967224633149163,12.0,-0.012589776401007342,38.0,-0.893588330527686,3.0
44967,Jeremy Sprinkle,DAL,4,4,17,-0.3575075399073351,-0.04596024295435428,-0.5551949883256777,-0.15982009148899243,0.10086094307058299,-0.35049647934491907,2.231818923130395,2.58932646303773,0,True,False,-0.2886175693748331,4.0,-0.36092628215914735,4.0,-0.4883318881014302,4.0,-0.39067837973361774,1.0,,,-0.2838617100373587,4.0,-0.3038206616359297,2.0,-0.5640626181796219,1.0,-0.0964908525483531,1.0,-0.5116303352498269,2.0,-0.4378203667870218,3.0,-0.0964908525483531,1.0
48011,Tommy Sweeney,BUF,38,38,188,-0.07705560337926966,-0.046560591573214155,-0.367254965970353,0.21314375921181372,0.14806089928116498,-0.07909288384874695,2.8476124013988726,2.9246680047781424,9,True,False,-0.0034606145203143553,38.0,-0.08353040291884428,38.0,-0.2570321835891894,33.0,0.026858015335133108,26.0,-0.16212989363557748,18.0,-0.013677229355556556,35.0,-0.09374787478887543,16.0,-0.14920845191762575,20.0,0.10008357014801404,14.0,-0.25476342030673665,19.0,0.0037796251311531834,32.0,-0.4567362221403465,6.0
46118,Dallas Goedert,PHI,143,143,731,-0.055180420209164915,-0.04747678809529884,-0.1981227426390893,0.08776190222075947,0.07292975634179816,-0.06303572011576512,2.73633870279267,2.7915191230018346,28,True,True,0.20972343367584392,143.0,0.13835435971233057,143.0,-0.052953552023619996,137.0,-0.21621951826291938,111.0,-0.3329973826289168,79.0,-0.275849281739865,118.0,-0.106505647957754,35.0,-0.044965665359204134,100.0,-0.2579508622334254,51.0,0.06349281446776359,88.0,-0.04842769778792401,134.0,-0.1433553918249838,9.0
43206,Ross Travis,ARI,2,2,12,-0.7723434478218086,-0.049425881459511,-1.0367396933798285,-0.5079472022637888,0.134896043652051,-0.7723434478218085,2.669876826665107,3.4422202744869157,0,True,False,-0.5193347663589012,2.0,-0.670746722383636,2.0,-0.5259235193597755,2.0,-0.6581586407718809,2.0,-0.8198877343860298,2.0,-1.4400093036706278,2.0,,,-0.7723434478218086,2.0,-0.7723434478218086,2.0,,,-0.9072394914738595,1.0,-0.6374474041697575,1.0
42302,Chris Manhertz,JAX,39,39,202,-0.10996096289167076,-0.04984844508824032,-0.49025171015135793,0.27032978436801636,0.19402589145902405,-0.16623965959095527,2.573278183865277,2.6832391467569474,4,True,False,-0.18718649419645395,39.0,-0.11837206981381546,39.0,-0.22257507705972937,38.0,-0.15782216324540793,30.0,-0.037431806879518484,23.0,0.11388239018617866,33.0,0.46037250174044747,9.0,-0.3645427227018844,28.0,-0.44923574443855563,24.0,0.20833022922032784,12.0,-0.0920593415714653,31.0,-0.17615533009894202,8.0
37118,Kyle Rudolph,NYG,113,113,544,-0.07133228399933755,-0.05364440051702614,-0.2638010748285645,0.12113650682988941,0.09819836266797294,-0.06216703180826144,2.612814424144549,2.6841467081438863,17,True,True,0.13343249736604124,113.0,0.20590881628811825,113.0,0.02994581806538386,103.0,-0.32514334647189863,75.0,-0.2721923966917337,41.0,-0.45140516110647183,99.0,-0.05425795499232407,32.0,-0.1801929286508611,67.0,0.26249084183972243,22.0,-0.08232671299247812,78.0,-0.04029276797784212,98.0,-0.24621345963264124,15.0
37234,Lee Smith,ATL,28,28,138,-0.07909773110069103,-0.054977092590560994,-0.29891579555815156,0.14072033335676953,0.112152073702786,-0.07819401174896513,2.6715326432238946,2.7506303743245857,8,True,False,0.036749282927193865,28.0,0.07731488518769163,27.0,-0.1527655375565717,27.0,-0.5300721002854036,18.0,-0.4929765152129052,10.0,0.16299156276318885,28.0,0.034464065927564375,4.0,-0.02346308065395247,20.0,0.027669634884601182,18.0,-0.21653129790840803,3.0,-7.129296026284622e-05,23.0,-0.43629723149542654,5.0
44792,Mo Alie-Cox,IND,108,108,569,-0.07507986596301863,-0.05549497419600375,-0.2715022996593248,0.12134256773328753,0.10021552739607457,-0.07822081923978866,2.8218490110285197,2.896928876991538,22,True,True,0.07224862982641124,108.0,-0.11705478649796017,108.0,-0.1223913422345856,102.0,-0.10280287010036472,92.0,-0.045750825276602354,66.0,-0.13892519770982015,93.0,-0.35007744640257676,28.0,0.061441820995856725,72.0,-0.3079830292378054,43.0,0.1063590026652712,61.0,-0.1360846591650815,89.0,0.19768194979620496,19.0
34540,Jared Cook,LAC,192,192,920,-0.06467099942241232,-0.05581758928830107,-0.19605716327720768,0.06671516443238305,0.06703375706877315,-0.061377448173797665,2.6280385009770306,2.692709500399443,37,True,True,0.07509654901631235,192.0,0.1525039232593142,192.0,0.02652247713096673,168.0,-0.18270023801068883,125.0,-0.40215780584046223,65.0,-0.32963257962121295,178.0,0.022746558589572505,63.0,-0.14366098263996993,115.0,-0.041817033046200644,39.0,-0.09078296582197751,143.0,-0.11035718831509045,170.0,0.25198155117856363,22.0
53526,Tre' McKitty,LAC,1,1,5,-1.9177788308965653,-0.05663518971300035,,,,-1.9177788308965653,2.4610468347055323,4.378825665602098,0,True,False,0.5026597537599036,1.0,-2.996580051467756,1.0,-2.778140146559426,1.0,-2.2864654175431904,1.0,-2.0303682926723585,1.0,,,,,-1.9177788308965653,1.0,-1.9177788308965653,1.0,,,-1.9177788308965653,1.0,,
39983,Zach Ertz,PHI/ARI,162,162,814,-0.06672587453648231,-0.05710198990163026,-0.20099880125690162,0.06754705218393701,0.06850659526552007,-0.06981864276657346,2.5582629317095202,2.6249888062460025,35,True,True,-0.06376258121532775,162.0,-0.2511355385945925,162.0,-0.19525997507077605,151.0,-0.06599516648180644,120.0,0.1752210042201846,82.0,0.14404516353254973,137.0,-0.060023598940671934,50.0,-0.06790652455797366,104.0,-0.03575606925640723,46.0,-0.0787189642197237,106.0,-0.06200383369300363,148.0,-0.11394628297126896,14.0
45321,Antony Auclair,HOU,18,18,78,-0.1616596699535965,-0.05782797284034498,-0.5978948586699343,0.27457551876274133,0.22256897383486623,-0.1358386718836945,2.453275549213126,2.6149352191667226,1,True,False,-0.0033379895961767048,18.0,0.07151731531565486,18.0,-0.2636709482184735,14.0,-0.323446105792736,8.0,-1.8302039981774472,3.0,-0.12159458843519273,17.0,-0.4433653447773662,6.0,-0.02877963465936549,12.0,0.15468620125282417,11.0,-0.8130638989677571,2.0,-0.11721461474209717,16.0,-0.4638860453917921,2.0
45094,Johnny Mundt,LA,26,26,128,-0.17875090216811276,-0.058527415999277674,-0.6433338806432078,0.28583207630698226,0.2370321318750485,-0.17651489032676704,2.8777563076910884,3.0565072098592014,1,True,False,0.0487201722099485,26.0,0.10811456863204179,26.0,-0.2374751690903898,24.0,-0.4104375825934076,15.0,-0.2656954284207825,11.0,-0.4684308165273503,26.0,-0.664686909902122,7.0,0.021286885670141233,18.0,-0.1666472093426694,14.0,-0.19566377290193596,10.0,-0.03581175187228181,24.0,-1.5604960216944788,2.0
52673,Mitchell Wilcox,CIN,7,7,34,-0.5372289666183218,-0.06130361366409083,-1.426204541691693,0.35174660845504957,0.4535589668741691,-0.6424889016362874,1.9642527263376421,2.501481692955964,0,True,False,-0.3210076122130522,7.0,-0.5519504609222097,7.0,-0.21035491563454453,6.0,-0.6669286644610501,4.0,0.26650303628191235,3.0,-1.2892490443243396,7.0,-0.04661876227558359,4.0,-1.4366810079133419,3.0,-0.46175565365586657,4.0,-0.6950368028125465,3.0,-0.5372289666183218,7.0,,
43324,Hunter Henry,NE,198,198,929,-0.07427447118112457,-0.06365704267084193,-0.20301971075040356,0.05447076838815443,0.06568634671901989,-0.09137023732844254,2.641251569485417,2.715526040666542,36,True,True,-0.17884667277783334,198.0,-0.16508288137736002,197.0,-0.1781289552894495,159.0,0.07807119851454306,124.0,0.2009010610107968,70.0,0.019395503417400775,181.0,-0.049673463485855975,78.0,-0.09812913783155142,112.0,0.09230802146519085,36.0,-0.10501833291456764,156.0,-0.04726526228342974,163.0,-0.1814447011388228,35.0
46226,Tyler Conklin,MIN,174,174,852,-0.08594036202336618,-0.0703712297810947,-0.23002832990861988,0.05814760586188754,0.07351426932921108,-0.09829332492291898,2.5422858781058504,2.6282262401292162,34,True,True,0.0634267093222219,174.0,-0.017353929397234936,174.0,-0.15020236310710122,157.0,-0.1517903921568206,118.0,-0.08869617413052386,64.0,-0.20647430135868167,165.0,-0.18635476004631427,62.0,-0.059177121004040836,102.0,-0.05791404804182668,142.0,-0.07631146251621361,27.0,-0.14837265064063476,157.0,0.41750298661375707,17.0
53433,Kyle Pitts,ATL,239,239,1132,-0.08708770595202027,-0.07707986269291994,-0.19501465635798615,0.02083924445394561,0.055064770615288715,-0.07615411192776954,2.7400439048889935,2.827131610841014,56,True,True,0.033497176379313154,239.0,-0.007952413946832913,237.0,-0.1760123128196248,211.0,-0.14735602961813055,145.0,-0.1561199763867054,76.0,-0.15327698965171438,224.0,-0.15061186267060417,63.0,-0.0595386281947331,162.0,-0.08335557854483731,34.0,-0.08403844611277525,197.0,-0.09415444634259379,234.0,0.2021251878103404,5.0
42398,Maxx Williams,ARI,71,71,340,-0.11905014448188418,-0.07770091295051204,-0.3371482226535059,0.09904793368973754,0.11127452967939884,-0.07248456675302116,2.602035728281808,2.7210858727636924,15,True,True,-0.04530813692270429,71.0,0.007797970517877837,70.0,-0.12713495165213615,62.0,-0.17160631687086675,43.0,-0.7855459198572242,30.0,0.015965420078380865,64.0,-0.2865587252202311,16.0,-0.09488620014179507,48.0,-0.28482754258729714,37.0,0.1379271562254437,29.0,-0.08661908560739084,66.0,-0.48042480051195274,5.0
40641,Jack Doyle,IND,128,128,621,-0.10661676750170494,-0.08177778528087562,-0.2695468729083802,0.0563133379049703,0.0831276047993241,-0.0838660312724562,2.6866706654618784,2.793287432963583,15,True,True,0.0020245092941651686,128.0,-0.055287322390743195,126.0,-0.05974894547810534,109.0,-0.15575980870542763,83.0,-0.21916207237612287,59.0,-0.23388522187175048,116.0,-0.25169877900317134,27.0,-0.13452277749325756,92.0,-0.2501515088103796,45.0,-0.02908907021569703,71.0,-0.13875897199676107,118.0,0.21142188750200852,10.0
53484,Pat Freiermuth,PIT,119,119,509,-0.10542058294348365,-0.08219807235949463,-0.262386811744499,0.05154564585753173,0.08008481061276294,-0.08637315357889536,2.6827993808272654,2.7882199637707488,27,True,True,0.22090561654265287,119.0,0.07179966879436166,115.0,-0.3446837277494527,91.0,-0.46966616295264146,48.0,-0.14230722017609573,25.0,-0.27690028330478456,111.0,-0.04504820151113703,19.0,-0.09485034637060695,85.0,-0.16323239721011745,57.0,-0.035886681861469726,58.0,-0.0932455793576408,116.0,-0.48056288093226657,3.0
46206,Dalton Schultz,DAL,172,172,820,-0.105316999665043,-0.08440906603267138,-0.2514894170750318,0.04085541774494582,0.07457776398468817,-0.09919416656233725,2.4725793777981124,2.5778963774631554,39,True,True,0.058918630816318304,172.0,-0.24878843269066436,171.0,-0.08998210780226605,151.0,-0.18705636968398284,109.0,-0.20985831546198827,54.0,-0.053020433294446334,163.0,0.00363421240895621,61.0,-0.16042019364363766,104.0,-0.11655379098779955,72.0,-0.09832449901813627,96.0,-0.14009593007967883,152.0,0.12396631936477835,20.0
43399,Tyler Higbee,LA,196,196,959,-0.10298746261340169,-0.08511979143155604,-0.2373227794241866,0.0313478541973832,0.068538426944278,-0.08416047163217176,2.7628834079994116,2.865870870612813,27,True,True,-0.0032715984399675096,196.0,0.003807716291660625,196.0,-0.12087150493243273,170.0,-0.16919434987061024,132.0,-0.26835483144760464,80.0,-0.18659383355644116,185.0,0.13698648202382024,50.0,-0.2013017040575514,126.0,0.051194830509009824,97.0,-0.2704000583518824,97.0,-0.08930005304525691,162.0,-0.1587509830762138,34.0
47840,J.J. Arcega-Whiteside,PHI,15,15,72,-0.44438918525323423,-0.08543931964044385,-1.0449192715062798,0.15614090099981126,0.306392901149513,-0.41118481628446885,2.678086847553138,3.1224760328063725,0,True,False,0.005349373701540679,15.0,-0.41239291174820863,15.0,-0.5084246025710738,13.0,-0.5977337175975446,10.0,-1.1833674984958704,8.0,-0.348779206378771,11.0,-0.4021315378809308,2.0,-0.4509344291114537,12.0,-0.2216055604568512,1.0,-0.3980179207409671,13.0,-0.5175232367062781,11.0,-0.27817543195086186,4.0
40615,Demetrius Harris,ARI,31,31,160,-0.18092518632348278,-0.09019110985061676,-0.4717576385242982,0.10990726587733265,0.1483839041840895,-0.19123223444186135,2.586628881594165,2.767554067917648,3,True,False,0.09167710791005944,31.0,-0.34292185029173544,31.0,-0.21379821273989563,29.0,0.08394846189901772,23.0,-0.37337745673933703,19.0,-0.36281250274438226,27.0,-0.07615342934018737,8.0,-0.16286164007146678,21.0,-0.3364311176552379,12.0,-0.18522160220581857,9.0,-0.20174916725540445,30.0,0.35355699092917287,1.0
35481,Rob Gronkowski,TB,83,83,394,-0.14442900709958176,-0.09059325001518703,-0.3677714526009954,0.07891343840183188,0.11395022729663962,-0.14887708705950337,2.5500712642906356,2.6945002713902175,21,True,True,-0.07563179648048368,83.0,-0.06828536380947793,83.0,-0.15017793685647393,73.0,-0.22863556131069665,49.0,-0.1974200377317462,26.0,-0.22076064521745326,80.0,-0.25092286553622845,24.0,-0.09359367907847059,53.0,-0.07555777127302499,47.0,-0.2676484346845266,30.0,-0.14281847074165566,76.0,-0.16044489643673598,7.0
45635,Robert Tonyan,GB,159,159,761,-0.1142179726037455,-0.09544530475653129,-0.2415255302649453,0.013089585057454306,0.06495283554142847,-0.08979193266117755,2.654711034700705,2.7689290073044504,24,True,True,-0.016801987693162934,159.0,-0.13959862181527846,158.0,-0.16471751999420495,133.0,-0.05747783273347541,102.0,-0.12825704118423328,70.0,-0.1830476034567147,139.0,0.06603915755542307,54.0,-0.21895408521264947,98.0,-0.039297412430880745,39.0,-0.1421661700051432,110.0,-0.11634257460018292,141.0,-0.09914233928859889,18.0
43079,Daniel Brown,NYJ,6,6,33,-0.4874277789616019,-0.09779022838359992,-1.0580874891496856,0.08323193122648193,0.29115291336126725,-0.4846873680407567,2.573702409928267,3.061130188889869,0,True,False,-0.07965648377437813,6.0,-0.1448842841458995,6.0,-0.16661867910905656,6.0,-0.4475005816378121,5.0,-1.7352255010984607,4.0,-0.7599591851623254,6.0,-0.5214690536402277,2.0,-0.4679756220023871,4.0,-0.29047472935113383,3.0,-0.7162778697747744,2.0,-0.17068263729648087,3.0,-0.751382063682536,3.0
52598,Charlie Woerner,SF,36,36,183,-0.21150732776005884,-0.10105171744223387,-0.5088162632604037,0.08580160774028603,0.15168823239813514,-0.187615936430339,2.5351405540320258,2.746647881792085,5,True,False,-0.01488400084145294,36.0,-0.06636326503359018,36.0,-0.0942969896604012,32.0,-0.3086237867128186,26.0,-0.5172455020361852,20.0,-0.4361911286121028,33.0,0.12570118505603803,9.0,-0.3048177413430923,25.0,-0.31062665030207964,26.0,0.07530603108493762,10.0,-0.19864969074285863,29.0,-0.2546722520320882,7.0
42033,Cameron Brate,TB,158,158,750,-0.1307335786469946,-0.10560212313578538,-0.26852164527066674,0.007054487976677515,0.07030003399166945,-0.13485196612810132,2.444186837739307,2.5749204163863015,24,True,True,-0.057657959228862514,158.0,-0.030771486312103923,157.0,-0.10908476903328244,141.0,-0.20318674412893378,93.0,-0.24608810258280048,52.0,-0.24855840338319513,149.0,-0.24445789815342522,57.0,-0.057525458095574945,87.0,0.012918147128076003,31.0,-0.18245787124239554,99.0,-0.16187539759124256,148.0,0.25520253469779275,10.0
40011,Travis Kelce,KC,295,295,1447,-0.12178197177534646,-0.10782121490955454,-0.22310492510650703,-0.020459018444185864,0.051695384352632955,-0.10836608089501545,2.4854715173933695,2.607253489168716,71,True,True,-0.05244958471499978,295.0,-0.08179046014008932,292.0,-0.1542508791506531,261.0,-0.3149915312328292,201.0,-0.10848334067878541,142.0,-0.06986585818198679,256.0,-0.13876938132606706,77.0,-0.1554076626223772,201.0,0.11185731116311282,58.0,-0.17591416508489954,233.0,-0.13524633812720785,275.0,0.04855496480810793,20.0
45339,Pharaoh Brown,HOU,74,74,346,-0.17479446924388187,-0.11086104043221567,-0.387780926834689,0.038191988346925304,0.10866655999530979,-0.19416179187611646,2.7667605972626044,2.9415550665064862,16,True,True,-0.3011205152613343,74.0,-0.101448883227599,74.0,-0.0525906998368817,61.0,-0.3088276539824416,40.0,-0.3892983859000808,30.0,-0.05147254393809236,67.0,-0.4427769534773791,19.0,-0.05857118201888268,53.0,-0.3364149256952578,54.0,0.2369832581672081,13.0,-0.20292600529546007,68.0,0.06744931342248604,6.0
44959,George Kittle,SF,103,103,489,-0.18444049138200014,-0.11349886028028314,-0.40545363377811194,0.03657265101411167,0.112761807344955,-0.17799299398448298,2.780413064382787,2.9648535557647873,20,True,True,-0.018711520000445497,103.0,-0.059726483966839265,103.0,-0.1094773329610887,86.0,-0.2326836595483725,63.0,-0.41901936245714866,44.0,-0.4400145860316902,90.0,-0.05898183112600924,12.0,-0.177815344145037,82.0,-0.010611822733522016,47.0,-0.36564254516815015,49.0,-0.2029498473790119,96.0,0.0233270296844569,7.0
42589,Geoff Swaim,TEN,85,85,417,-0.16476905961187263,-0.11912979885414389,-0.33669445902590367,0.007156339802158379,0.08771704051736276,-0.13674142883651502,2.4324177165108365,2.597186776122709,16,True,True,-0.05737830064634367,85.0,-0.16209598542416964,84.0,-0.2643164121008217,78.0,-0.25553744492327624,60.0,0.028400586013154355,33.0,-0.19745158476304997,77.0,-0.2831836402089654,24.0,-0.18673556585488907,56.0,-0.2418655090740865,56.0,-0.041341464006842396,24.0,-0.12794249930881998,69.0,-0.30445601248552057,16.0
52502,Josiah Deguara,GB,27,27,125,-0.27133397309438473,-0.12066457292398687,-0.5812157039839654,0.03854775779519587,0.15810292392325542,-0.25673481497074346,2.5620835206413957,2.83341749373578,1,True,False,-0.14549378103365218,27.0,0.04989748760209899,27.0,-0.1545735305711439,25.0,-0.0702474363143217,14.0,-0.5590499384816905,9.0,-0.9328867345709491,23.0,0.24676592883880977,9.0,-0.5935662422062119,15.0,-0.37254777808971967,6.0,-0.3550122801846201,16.0,-0.16492025380188438,21.0,-0.6083107508539692,6.0
43370,Austin Hooper,CLE,130,130,611,-0.17269206034622522,-0.12483423848101557,-0.3436774563954102,-0.0017066642970402501,0.08723744696386988,-0.16851058570326424,2.523370231199602,2.696062291545827,26,True,True,-0.08841264502863051,130.0,-0.13787213332816572,130.0,-0.18368751695345523,105.0,-0.0811264418483094,83.0,-0.24765996189005593,54.0,-0.33672941091352837,109.0,-0.10223090986984293,36.0,-0.19777987275000014,87.0,-0.1451462774475933,79.0,-0.23388129502427987,48.0,-0.0957753647334672,107.0,-0.4658234042562635,23.0
42721,Eric Tomlinson,BAL,16,16,80,-0.5520304424285154,-0.1297602383645489,-1.0479230061174485,-0.05613787873958237,0.253006410045374,-0.4862605422239178,2.2101418403717896,2.762172282800305,0,True,False,-0.01829086330420137,16.0,-0.3441208320144779,15.0,-0.20879064006057435,14.0,-0.8850891969804894,11.0,-1.6090885235674917,8.0,-0.823513174063968,16.0,1.5772607975386532,1.0,-0.7025643876296718,14.0,-0.7659357361480705,13.0,0.6858203240421964,2.0,-0.40890557265372346,12.0,-1.0115366032844264,4.0
44009,J.P. Holtz,CHI,7,7,30,-0.32883268310444325,-0.13418337694423635,-0.6586662734600974,0.0010009072512109363,0.16828244405900725,-0.25121914570414877,2.3208446826507254,2.649677365755169,0,True,False,-0.16441828838993575,7.0,-0.22507871923646655,7.0,-0.6137195423976615,4.0,-0.7873158842233989,3.0,-1.0770163777279678,2.0,-0.023948980290243473,7.0,-0.4731552846580463,3.0,-0.3452883149552987,2.0,-0.5319074173578959,3.0,0.19250595394251496,3.0,-0.32883268310444325,7.0,,
53553,John Bates,WAS,19,19,98,-0.4563232199193768,-0.13511422868111023,-0.878243181869838,-0.034403257968915635,0.21526528670941897,-0.4536050970097791,2.262538341614805,2.718861561534182,2,True,False,-0.28176881970412027,19.0,-0.41910602176431866,19.0,-0.4907747188501447,18.0,-0.8269488903153809,14.0,-0.6171076224658137,12.0,-0.22415829318068045,16.0,-0.8225010655566584,7.0,-0.2528910834542204,12.0,-0.48457853566213344,12.0,-0.6255290965167565,5.0,-0.4813577707907292,16.0,-0.33704094812058,3.0
52523,Harrison Bryant,CLE,73,73,345,-0.23530367391915472,-0.13575255565117947,-0.4695170718305539,-0.0010902760077555473,0.11949663158744855,-0.1808840182337653,3.0060671641376158,3.2413708380567705,13,True,True,-0.048311770537838354,73.0,-0.18369844726454806,73.0,-0.10962026470077972,60.0,-0.34041494403464184,44.0,-0.8198151651159112,30.0,-0.27835528045362795,65.0,0.06287164451613755,10.0,-0.30764677822307396,59.0,-0.6753363746122485,11.0,-0.12022115987974602,35.0,-0.19238533695036414,65.0,-0.5289041154556539,8.0
42486,MyCole Pruitt,TEN,65,65,323,-0.20498758269347525,-0.14364338848480776,-0.3826590362362464,-0.027316129150704055,0.09064870078712817,-0.2169641460588494,2.448621871272929,2.653609453966404,12,True,True,0.0650544024891165,65.0,0.07509133149603739,64.0,-0.2782509857651312,59.0,-0.4195694063519087,46.0,-0.46972744651110176,32.0,-0.42977353415518693,57.0,-0.0753846531497658,17.0,-0.2779192144449336,43.0,-0.3540304886251986,22.0,-0.06850261016570228,26.0,-0.22659780650772413,57.0,-0.07148442224100411,8.0
52541,Colby Parkinson,SEA,28,28,134,-0.3456358259613444,-0.14677755610808232,-0.6614069295131285,-0.029864722409560285,0.1611077058937674,-0.325514865798275,3.174397647181323,3.5200334731426675,1,True,False,-0.23604907062729583,28.0,-0.17440741137802945,28.0,-0.4285568806941176,27.0,-0.8004049168312374,17.0,-0.2823014953305641,11.0,-0.28431232039837484,23.0,-0.26417534142547877,9.0,-0.36457794191760307,18.0,0.5843477875232712,5.0,-0.6119049033082933,20.0,-0.4123812179810934,25.0,0.08450114483259366,3.0
47959,Kaden Smith,NYG,43,43,225,-0.3604037949625059,-0.14804330665542448,-0.6850454984126486,-0.03576209151236315,0.16563352216844018,-0.33726666695966917,2.410964539736146,2.771368334698652,3,True,True,-0.09841838440084195,43.0,-0.40750365217677764,43.0,-0.6154743133891315,42.0,-0.2238238579039433,35.0,-0.12437848990600658,24.0,-0.5965096407105392,38.0,-0.1544712257398251,8.0,-0.48897108974511405,32.0,-0.6644998395032334,18.0,0.25016663361299646,13.0,-0.41567821891098095,32.0,-0.21826956195214164,11.0
42500,C.J. Uzomah,CIN,198,198,930,-0.19332051228321112,-0.15740473889650805,-0.3220478351202337,-0.0645931894461885,0.06567720552909317,-0.18915729746231436,2.7607430617863216,2.9540635740695325,20,True,True,-0.012248392804817073,198.0,-0.06291958014952324,198.0,-0.20694838881496722,177.0,-0.2787919601211087,115.0,-0.47484500766632776,62.0,-0.3709638170496553,180.0,-0.2471980378239687,67.0,-0.15632925746194007,122.0,-0.19716229434170912,98.0,-0.11864176163486263,86.0,-0.19894880562844897,174.0,-0.15837273732557144,24.0
53959,Brock Wright,DET,8,8,40,-0.6119017272564129,-0.18945621985784936,-1.0082290203944837,-0.2155744341183421,0.2022078026214647,-0.561917283233027,2.0932303492978077,2.7051320765542206,0,True,False,-0.09695412209349931,8.0,-0.5870916241378752,8.0,-0.3525054159146928,8.0,-0.5912321242771961,6.0,-1.4880153006992816,4.0,-1.1140343074379462,6.0,-0.07049180073536715,1.0,-0.6889956688062268,6.0,-0.28171651417482085,3.0,-0.17750310847688738,2.0,-0.755942612577494,6.0,-0.17977907129317,2.0
