nflId,displayName,team,n,n_inline,n_detached,n_eff,n_games,value,value_shrunk,lo,hi,box_res_inline,box_res_detached,n_deep_diff,two_high_diff,man_diff,top_eligible,higher_is_better,n_backfield
44792,Mo Alie-Cox,IND,123,61,62,30.74796747967479,8,0.8012735089720734,0.5375626195094871,0.25614471896278324,1.2115779123102082,0.20971503035677871,-0.5915584786152946,-0.1114929193483996,-0.19803673066938232,-0.006939693452452274,True,True,0
53946,Jack Stoll,PHI,30,25,5,4.166666666666666,8,2.079892981280077,0.5036949420127544,1.0477952596458948,2.6583038265518204,0.060563347212474986,-2.019329634067602,-0.25692531765589555,-0.43044426392250357,0.17167592309898827,False,True,1
44987,Eric Saubert,DEN,68,54,14,11.11764705882353,8,0.9530559924110427,0.47593734023445255,0.3060237770842258,1.4733836231433752,0.08632716146530538,-0.8667288309457373,-0.07650130354369888,-0.05458359356995607,-0.0919145208180548,False,True,2
40149,Ryan Griffin,NYJ,137,92,45,30.218978102189784,7,0.6178008362803166,0.46250046904984216,0.4109359623886471,0.9087071899463136,0.419194085568019,-0.19860675071229758,-0.07704253792609103,-0.12847867900969162,-0.21676007670135605,True,True,7
46189,Will Dissly,SEA,131,62,69,32.65648854961832,8,0.5992338563078814,0.45958609471911066,0.32493974082541244,0.8521113887784899,0.21499094646146572,-0.3842429098464157,-0.16002847484435312,-0.0017333549739145943,-0.0080801077741528,True,True,3
42503,Jesse James,CHI,56,42,14,10.5,6,0.8778297354641544,0.45657112762615504,0.48910034228299715,1.5678552187817998,0.37392330733677726,-0.5039064281273772,-0.17692787061549164,-0.23618773712190028,0.10182146050389375,False,True,0
45094,Johnny Mundt,LA,33,23,10,6.96969696969697,5,1.0628478173866762,0.45280439817182494,-1.3097806692687715,1.929136749239332,0.38465327560684875,-0.6781945417798274,-0.07645445801894776,-0.05454281302534814,-0.0833435605237847,False,True,0
46226,Tyler Conklin,MIN,214,185,29,25.070093457943926,7,0.6086086767382868,0.4479046584794338,0.4165407442364133,0.7555356256011094,0.3724297924838095,-0.2361788842544773,-0.3239347650117649,-0.13788985398476677,-0.0937492394875743,True,True,3
46167,Jordan Akins,HOU,149,93,56,34.95302013422819,8,0.5475229836403777,0.44110711602982255,0.3142180376098819,0.7817653995146652,0.48966487670198816,-0.05785810693838945,-0.021018027822423457,-0.02938214366047083,-0.027904855035543037,True,True,5
46118,Dallas Goedert,PHI,155,64,91,37.57419354838709,7,0.5233395463688378,0.4335269554831256,0.06720538164939101,1.055166214789137,0.19151357267952893,-0.3318259736893089,-0.0067719698043509635,0.05070930210173159,0.13417546990337031,True,True,0
43399,Tyler Higbee,LA,221,123,98,54.542986425339365,8,0.4936391079477184,0.43256800320923144,0.2949360489292946,0.6447503744845559,0.21169329007570198,-0.28194581787201645,-0.09492545689092885,-0.06057339410705716,0.010726319283891651,True,True,2
52523,Harrison Bryant,CLE,72,37,35,17.98611111111111,8,0.6038881343581813,0.4286363464106369,0.3535474019435082,0.9386957321920213,0.22031695220049105,-0.38357118215769026,-0.10210086087259587,-0.1442083958496469,0.07747382338996611,True,True,7
42486,MyCole Pruitt,TEN,96,68,28,19.833333333333332,8,0.5855738332558983,0.4280317115956034,0.006291627506711854,0.8950073022490043,0.4081690291203874,-0.17740480413551088,-0.21990550089265257,-0.11105287949161885,-0.09952220601884412,True,True,0
42398,Maxx Williams,ARI,88,53,35,21.079545454545457,5,0.5709883311261926,0.42636273365484273,0.2643036084857267,0.7965383919349548,0.1912890482699631,-0.37969928285622956,-0.2305356638358811,-0.20462457171378037,-0.08023902694005922,True,True,5
52673,Mitchell Wilcox,CIN,8,5,3,1.875,6,2.0140836717646735,0.42485011075013346,0.8826103107711653,3.603112273143175,0.4511214004639575,-1.5629622713007159,-0.896234126130371,-0.10942266203564094,0.2266422586449838,False,True,0
44967,Jeremy Sprinkle,DAL,8,6,2,1.5,4,2.3918534666484303,0.4242265787858603,1.1896155482837543,3.5940913850131055,1.1411645316530528,-1.2506889349953774,-0.07714935351627555,-0.00280029416813124,-0.2878064752267751,False,True,0
45281,Jacob Hollister,JAX,36,7,29,5.638888888888888,4,0.9192746972894614,0.4210996137991925,-0.04682948645197582,2.9837605486177177,0.7005236376430876,-0.21875105964637384,-0.413858114138266,-0.27747112727810336,-0.1724221627034003,False,True,4
46170,Ian Thomas,CAR,166,102,64,39.325301204819276,8,0.4902014219977146,0.4200185537568153,0.04975185677815092,0.97705433950261,0.346207186522342,-0.1439942354753726,-0.1801835142105039,0.03568993603721104,0.08072063789839175,True,True,0
46331,Ross Dwelley,SF,69,38,31,17.07246376811594,7,0.5805978678905648,0.41972326387984815,0.31482670353897496,1.1841537065993442,0.4778507217990877,-0.10274714609147707,-0.15251738439724583,-0.03674298149608521,-0.1645083040260105,True,True,3
52541,Colby Parkinson,SEA,39,15,24,9.23076923076923,5,0.7108545745457377,0.41864239790811486,0.37631146191308784,0.8347832059361076,0.23018440023338502,-0.48067017431235276,-0.08919667520452929,-0.038465983188650126,0.13613261750738234,False,True,0
30842,Marcedes Lewis,GB,74,68,6,5.513513513513514,8,0.8548873475924663,0.41291678989141206,0.13730611742977034,1.4835039253317905,0.37905446795979075,-0.4758328796326756,-0.1216885471888625,-0.06936382632563731,0.2255043170150306,False,True,0
52513,Adam Trautman,NO,148,89,59,35.47972972972973,7,0.4660572310940039,0.40610790690106996,0.14724831935407606,0.7064294812465955,0.32591723417874685,-0.14013999691525705,-0.019445378180582576,0.006227607450604092,-0.1317943558757821,True,True,2
52502,Josiah Deguara,GB,29,10,19,6.551724137931035,7,0.7262555216456097,0.405541830587576,0.3545710322057001,1.154009780317013,0.6824065306062663,-0.04384899103934331,-0.19690936388737157,-0.2839084371498314,0.12291881810964805,False,True,4
46094,Hayden Hurst,ATL,165,76,89,40.99393939393939,7,0.4555969801806824,0.40497221686200346,0.1844168148166297,0.6980110042735433,-0.019265347894795528,-0.4748623280754779,-0.08238279582803222,-0.07037736045856259,-0.02395386926626367,True,True,2
53172,Dominique Dafney,GB,13,7,6,3.230769230769231,3,1.002834094635646,0.4020224219383271,0.031339470921287305,1.785417446964555,0.623293653762791,-0.37954044087285493,-0.2639238385132906,-0.16083248505229544,0.24614182381084698,False,True,5
45785,Dan Arnold,JAX,164,33,131,26.359756097560975,7,0.4747151001774048,0.4016756138373088,0.14480066790773255,0.8808135372040115,0.35529708286523803,-0.11941801731216678,-0.0791967757736814,-0.04387930249889724,0.0015074496000319106,True,True,1
40615,Demetrius Harris,ARI,38,29,9,6.868421052631579,7,0.6802583678370315,0.4014487842921169,0.1348133014044576,1.0698766271423243,0.11651486477776812,-0.5637435030592634,-0.3510306882607023,-0.38800777894126676,-0.20893261955021544,False,True,5
40641,Jack Doyle,IND,142,65,77,35.24647887323943,8,0.447606527475561,0.3978811627775166,0.10266701882881771,0.8777802198445409,0.2856918306377239,-0.1619146968378371,-0.3877616258194075,-0.21350534704023916,0.06260998330181117,True,True,2
45339,Pharaoh Brown,HOU,101,87,14,12.05940594059406,7,0.5277038474668394,0.39463148178665897,0.08817670745954864,0.9035438210488608,0.292623201216409,-0.23508064625043046,-0.13384017924107963,-0.17623858297992762,-0.07776431971674562,False,True,2
47835,Drew Sample,CIN,59,47,12,9.559322033898304,8,0.550758424081359,0.3925918676253194,-0.09430467793550894,1.0652496231856747,0.11885160552972227,-0.43190681855163676,-0.004078434570705225,0.055106634430241344,0.2621392604810784,False,True,1
47852,Josh Oliver,BAL,57,20,37,12.982456140350877,7,0.5046943619494866,0.3916241176093571,0.11803342037538511,0.7930202478135662,-0.15309003011905195,-0.6577843920685386,-0.12746529790507954,-0.0031972525168226795,0.2152060857833168,False,True,0
53574,Luke Farrell,JAX,49,25,24,12.244897959183673,7,0.5085887717738966,0.3910057537530214,0.2671846291253918,1.0725440859135196,0.2496375895891802,-0.2589511821847164,-0.04381928017290308,-0.16904303984278438,-0.062120378414897634,False,True,2
47920,Foster Moreau,LV,116,67,49,28.30172413793104,7,0.4355389477585434,0.38857466537415897,0.2504952693173387,0.7793910693669805,0.13616654648437626,-0.29937240127416714,0.024541041883092272,-0.0007444893257943785,0.11753726739483585,True,True,1
45532,Blake Jarwin,DAL,128,60,68,31.875,7,0.42251822533649497,0.38537971219118017,0.14628505889636592,0.7230233337559359,0.3806911872765735,-0.04182703805992148,-0.0948753220459646,-0.12086776704007156,-0.12342345784823676,True,True,0
52598,Charlie Woerner,SF,47,37,10,7.872340425531914,7,0.5335764843761865,0.38505869024739564,-0.012088331017705095,0.7322428603969947,0.1411656048408778,-0.3924108795353088,-0.4494481513413782,-0.29041755021602483,-0.2690648251699253,False,True,0
43845,Stephen Anderson,LAC,25,22,3,2.64,7,0.7571571822931762,0.38117770048176985,-0.51783323837147,1.9556737352690448,0.3009140731647952,-0.456243109128381,-0.5433203684565234,-0.5335892857554493,0.2481632377649557,False,True,15
46915,Codey McElroy,TB,2,1,1,0.5,2,1.2253258931762065,0.37798570133770737,1.2253258931762065,1.2253258931762065,0.769797824776453,-0.45552806839975357,-0.6640387098560333,0.18909119229436433,0.30184299318686225,False,True,0
42589,Geoff Swaim,TEN,118,94,24,19.11864406779661,8,0.4222841785203205,0.37797930450831574,-0.04388469213408233,0.9417148123426391,0.4617012097432697,0.039417031222949185,-0.26800588095283095,-0.27713427050759243,0.09377428833062076,False,True,2
53556,Kylen Granson,IND,40,13,27,8.775,8,0.46224202647791135,0.3759961130242859,-0.7142154499359336,1.1298712779659925,0.23861125941842135,-0.22363076705949,-0.11376254413406275,-0.17574952895492774,-0.2178894313969624,False,True,0
44831,O.J. Howard,TB,93,66,27,19.161290322580644,8,0.41384842824114776,0.3755088475890799,-0.133011256557683,0.7954825188154256,0.1018486005002133,-0.3119998277409345,0.20779833157509897,0.13844727707593396,-0.28851329261886133,True,True,1
52942,Juwan Johnson,NO,59,16,43,11.661016949152543,7,0.437432592657263,0.37528944404628284,-0.25751112894533373,1.1101170603212074,0.3430026575569652,-0.0944299351002978,0.48045011443312835,0.1216937022803519,-0.33483298684629603,False,True,0
46544,Deon Yelder,TB,4,2,2,1.0,1,1.0356058894591813,0.37390596730001735,,,-0.11428797075259389,-1.1498938602117752,0.44324852581322116,0.3056366486132157,-0.6304591136166631,False,True,0
43079,Daniel Brown,NYJ,5,3,2,1.2000000000000002,2,0.8921481772630987,0.3730535757475699,-0.05210189196209569,1.8712010229136427,0.5226068604216684,-0.3695413168414303,0.7406936636343877,0.5799789157824409,0.29040792631318124,False,True,1
48096,Andrew Beck,DEN,5,4,1,0.8,3,0.9358704147252304,0.3717612582389519,0.6505518381184563,2.0307548161721525,-0.22135325023988917,-1.1572236649651195,0.42263292507408234,-0.1368386216510145,-0.08235510922499326,False,True,3
47904,Trevon Wesco,NYJ,19,15,4,3.1578947368421053,6,0.5318077063142985,0.3705549655512213,-0.05287225116270238,1.2664952233860067,0.5346107880985442,0.002803081784245709,0.3799779553398344,0.04934484708926973,0.2984347153047642,False,True,13
53959,Brock Wright,DET,11,7,4,2.5454545454545454,2,0.5679085242186692,0.37041209594519314,-0.42954528777128953,1.201139525952955,-0.04919116713169647,-0.6170996913503657,-0.38629444284399583,-0.2605209957773257,-0.1528757540634318,False,True,0
44835,Evan Engram,NYG,170,38,132,29.50588235294118,6,0.3860791446125051,0.36987285222392174,0.19666049067196592,0.5964568478791785,0.10387004312367383,-0.28220910148883127,-0.2598377659101378,-0.15135999760247593,-0.17660975832191475,True,True,0
48723,Parker Hesse,ATL,4,2,2,1.0,2,0.8130087702063307,0.36911924462283396,0.8130087702063307,2.857945550082457,0.38743431221334035,-0.4255744579929903,-0.9013563351668136,-0.46177966731554354,-0.35694104023420076,False,True,0
37234,Lee Smith,ATL,63,60,3,2.857142857142857,7,0.5201261834943461,0.36886198482656263,0.2507985720392714,0.7792784988846393,-0.03815838296028775,-0.5582845664546339,-0.24705306691695544,-0.30908017401010096,0.10137734748083711,False,True,0
47924,Zach Gentry,PIT,43,39,4,3.627906976744186,7,0.46608706805718614,0.3672446767072168,0.189438005212482,0.6569318546559098,0.03712860092603844,-0.4289584671311477,0.07693077341350646,0.16713682939065516,-0.057419014044702996,False,True,0
45594,Colin Thompson,CAR,16,15,1,0.9375,7,0.6875753837262004,0.366421928334305,0.5223170836318911,0.899912833225144,0.366321077212803,-0.3212543065133975,0.317751802490048,0.4348033989713878,-0.6315870790500393,False,True,0
45217,Cethan Carter,MIA,16,4,12,3.0,5,0.4721385354912277,0.36633938434207314,-0.2673437981078396,0.87283116619656,0.21930115382453352,-0.25283738166669417,0.3818188944444182,0.0394437103111725,0.021439941457556885,False,True,0
42460,Blake Bell,KC,40,36,4,3.5999999999999996,7,0.44792671397432515,0.3658570706098334,0.30592010089361954,0.5889642345904034,-0.4812704964434059,-0.9291972104177311,-0.20337796251400253,-0.1887868358182484,-0.30791370175738597,False,True,0
48766,Kendall Blanton,LA,6,4,2,1.3333333333333333,1,0.5810972410037849,0.3656763601268636,,,-0.18432569363505524,-0.7654229346388401,-0.12926857716204376,-0.1513395326399869,-0.03861336881106575,False,True,0
39109,Derek Carrier,LV,16,11,5,3.4375,4,0.445778115235021,0.36543365622832596,0.007530564597930833,1.0306356401065213,0.015343655543344846,-0.43043445969167615,-0.3945697872421984,-0.3293090909253905,0.4154779339551049,False,True,0
37179,Luke Stocker,MIN,9,8,1,0.8888888888888888,2,0.6237946858540919,0.36505038986203836,0.16211437894624878,0.6237946858540919,0.5141230193218886,-0.10967166653220328,-0.003218660962379327,0.13897626997700085,0.03819653000839762,False,True,0
53510,Hunter Long,MIA,8,6,2,1.5,2,0.5078971516374939,0.36410419232635505,0.1048838993190595,0.7792116009903833,0.16037061483020842,-0.3475265368072855,0.781054973236457,0.8558935829978729,-0.1689196323071344,False,True,0
47803,Noah Fant,DEN,249,185,64,47.55020080321285,8,0.3663879344776845,0.36295327002607203,0.21666621900559802,0.4672348075136901,0.16563999591278858,-0.2007479385648959,0.0010660243613952736,-0.024773305407885693,-0.11084596434128094,True,True,2
46206,Dalton Schultz,DAL,186,90,96,46.45161290322581,7,0.36634699049451713,0.3628915526995409,0.25449742380663426,0.47405575958124596,0.3918825145738227,0.02553552407930562,-0.039653594553148076,0.006180285411085111,-0.08661930600291878,True,True,3
47959,Kaden Smith,NYG,64,51,13,10.359375,8,0.3658107721534648,0.3605595842768267,-0.015249678802434965,1.0007460402916513,-0.04416192297859217,-0.409972695132057,-0.41311674689306455,-0.0057421211241633074,-0.24668008770897026,False,True,4
53065,Tommy Hudson,TEN,19,9,10,4.7368421052631575,3,0.3517086307582975,0.3586422905961741,-0.20621821974497503,0.8293829299042332,0.15765036481356137,-0.19405826594473616,-0.13671881632854482,0.04726076524869813,-0.1169456157410185,False,True,0
45355,Anthony Firkser,TEN,118,16,102,13.830508474576273,6,0.354891561270786,0.3583215471918604,0.047838035224166756,0.649071020403963,0.33937314679615377,-0.015518414474632248,0.0359458145494114,-0.001352316466754766,0.005909960233593754,False,True,0
44912,Jonnu Smith,NE,104,57,47,25.759615384615383,8,0.35559520808464323,0.3580017303144024,0.0731070931428939,0.5572774415631131,0.3459431774403227,-0.009652030644320493,-0.04665908070460186,0.031924241997843425,-0.15033378287774748,True,True,5
41327,Richard Rodgers,PHI,3,2,1,0.6666666666666666,2,0.27496700260590634,0.3575492084117216,-0.03956229502478337,0.27496700260590634,0.9561288490830973,0.6811618464771909,1.2841577578454857,0.19650311820077807,-0.027118297194672347,False,True,0
53576,Brevin Jordan,HOU,10,9,1,0.8999999999999999,1,0.21834950969401856,0.35633170731307195,,,0.36760687983998175,0.1492573701459632,0.27266974709457154,-0.06286317788712267,-0.10799148240326313,False,True,0
42516,James O'Shaughnessy,JAX,37,9,28,6.810810810810811,2,0.3355092614648221,0.3562583894024791,0.29451882870918006,0.3355092614648221,0.2647839158904548,-0.07072534557436724,0.21491977445919833,0.090453760997938,-0.1338676630718417,False,True,1
45635,Robert Tonyan,GB,164,54,110,36.21951219512195,8,0.3522135091613075,0.35619494051719947,0.18204898354228752,0.5555603686665568,0.2909631931671398,-0.061250315994167685,-0.09085836276640434,-0.08726056531924073,0.17120353060934582,True,True,0
47840,J.J. Arcega-Whiteside,PHI,19,3,16,2.5263157894736845,7,0.29279530835247974,0.3558626022517057,-0.689262683799229,1.3667837429538636,0.202461181715897,-0.09033412663658275,-0.23095612411477945,-0.17524768507913147,0.29000598849837933,False,True,0
45481,Ricky Seals-Jones,WAS,196,39,157,31.23979591836735,8,0.3426666003928768,0.35256701736757634,0.03644875646991107,0.506490195742036,0.19656048327820028,-0.1461061171146765,-0.11456898972881649,-0.010316162756488258,-0.0026309198148581348,True,True,12
42428,Tyler Kroft,NYJ,125,80,45,28.799999999999997,5,0.33965269069829496,0.3517239077347323,0.1969801306786072,0.45196962767223897,0.4275096548728775,0.08785696417458255,-0.06385849099147253,-0.04750640131076156,0.04535533056171795,True,True,7
53553,John Bates,WAS,27,21,6,4.666666666666667,6,0.27706909171970984,0.35170919585147814,-0.14387489436074147,0.6058836715662081,0.10948641566370274,-0.16758267605600707,-0.29750477916173124,-0.35335150950757555,0.026404570500969116,False,True,1
42302,Chris Manhertz,JAX,64,52,12,9.75,7,0.31053595517020316,0.35074782579654884,-0.5765435211091817,0.5720119583308382,0.26602143112695703,-0.04451452404324615,-0.3490660034433855,-0.3714967507576119,-0.2416926937925798,False,True,1
44009,J.P. Holtz,CHI,8,5,3,1.875,3,0.13470031168760416,0.3504729441749184,0.06456482552959883,1.0720733662155622,-0.044027630956873585,-0.17872794264447775,-0.3418267423256222,-0.2609631296268693,0.3299457934793158,False,True,2
52962,Tyler Mabry,SEA,6,4,2,1.3333333333333333,3,-0.01719407219354596,0.34864425825052464,-1.5427230856352827,1.348402694402239,-0.1353677141995988,-0.11817364200605285,0.15719621472275114,0.1726368938330914,0.09842196021678615,False,True,0
37118,Kyle Rudolph,NYG,154,73,81,38.396103896103895,8,0.33572749516275696,0.34854689208803624,0.08546284401514981,0.6340515289445897,0.024731119676840295,-0.3109963754859167,-0.27542029576246896,-0.14683633304957994,-0.16712610217167445,True,True,1
53591,Noah Gray,KC,43,13,30,9.069767441860465,6,0.2887052132181796,0.3476208773940186,-0.04608738218477259,0.5716643508713299,-0.37990343205062366,-0.6686086452688033,0.04085851832546228,0.06002310716245335,-0.04226864536443495,False,True,0
53724,Matt Bushman,LV,2,1,1,0.5,1,-0.22630472794890721,0.3467698741232481,,,-1.3098892975006384,-1.0835845695517312,-0.6786518507823185,-0.7562804376308532,-0.34057647389926937,False,True,0
43370,Austin Hooper,CLE,156,106,50,33.97435897435897,8,0.32630846635871624,0.34523373147326786,0.13950662068060865,0.5337276422339106,0.121111630099205,-0.20519683625951124,-0.14093692026655155,-0.15988362899292258,0.05202870042603501,True,True,2
46176,Christopher Herndon,MIN,29,20,9,6.206896551724139,7,0.2369994225387859,0.34467628711279624,-0.2846648922997955,0.6991076366617694,0.19268684845145684,-0.04431257408732906,0.012365823880943552,0.2250542073592414,-0.2325497958614615,False,True,0
53433,Kyle Pitts,ATL,245,46,199,37.36326530612245,7,0.32487734718981714,0.343814490607303,0.07795051147838697,0.6170134453559306,0.006943628842339581,-0.3179337183474776,-0.012525010885157756,0.018033977351140457,-0.10858504068926664,True,True,0
42547,Darren Waller,LV,224,125,99,55.24553571428571,6,0.32923285915077005,0.3428416080175867,0.21150475839196775,0.49851305778827154,0.07059931681626613,-0.2586335423345039,-0.04555276755112714,0.0025670461872186537,-0.0008973630061710203,True,True,0
44075,Garrett Griffin,NO,45,35,10,7.777777777777777,7,0.23109622261916257,0.34063991187955067,-0.49644999121585154,1.3812658846438435,0.19763193432224962,-0.03346428829691295,0.09985725488194136,0.08750746992317872,-0.2531007045234347,False,True,3
46155,Mark Andrews,BAL,215,64,151,44.948837209302326,7,0.31754226695031545,0.3385812942872999,0.21273568186442873,0.499076824747335,-0.005594494246296544,-0.323136761196612,-0.08808597005045228,-0.07076014872034034,0.06397521964533928,True,True,1
48011,Tommy Sweeney,BUF,42,22,20,10.476190476190476,6,0.23940866969097518,0.33691511376777206,-0.032067947188240686,1.4361322852498164,0.6288105118590563,0.38940184216808116,0.25045646958968465,0.013176457760999571,-0.27324750273835346,False,True,5
42721,Eric Tomlinson,BAL,26,23,3,2.6538461538461537,7,-0.07886105582764832,0.33521421640123883,-0.35289707943891657,0.38272232246101356,-0.13293144863584938,-0.054070392808201063,-0.8005965794268367,-0.7305986783063422,-0.22839958813804387,False,True,0
39983,Zach Ertz,PHI,168,60,108,38.57142857142857,8,0.30351748328236394,0.33374294667726445,0.046100131340221576,0.5234040235326844,0.1767103312912435,-0.12680715199112041,-0.06593993969681328,0.040356189713880414,-0.03815834406719246,True,True,0
35534,Jimmy Graham,CHI,49,17,32,11.10204081632653,6,0.21728815331078738,0.33149850885836296,-0.20288120304103952,0.57567618998808,-0.25833749882856666,-0.47562565213935404,-0.2958693885654037,0.05490440309128871,-0.07158411768622529,False,True,1
45142,Darrell Daniels,ARI,24,12,12,6.0,5,0.076830670106015,0.3264495051010846,-0.5027578760487316,0.5585639463071543,-0.10644066577821724,-0.18327133588423225,0.25599517184025233,0.26274959254582897,-0.2775136186628299,False,True,2
35481,Rob Gronkowski,TB,95,64,31,20.88421052631579,4,0.2434422822044777,0.32289720652415,0.03081400658814709,0.5187327369564559,-0.13735843985314392,-0.3808007220576216,0.10815064916059189,0.02366538468614396,0.037214846814615975,True,True,2
44857,Adam Shaheen,MIA,92,47,45,22.98913043478261,6,0.24790461236282055,0.3219531399420155,-0.06980586662148144,0.6317374294354081,-0.224183349538615,-0.47208796190143554,-0.004857960668370798,-0.062467379878480625,-0.07098219924579169,True,True,2
34540,Jared Cook,LAC,205,60,145,42.4390243902439,7,0.2791485739572976,0.32065373024974275,0.12704344210757693,0.41839408365906305,0.2610930575160421,-0.018055516441255446,0.027617978570323776,-0.009638715092604569,0.023501539463654793,True,True,0
42033,Cameron Brate,TB,152,53,99,34.51973684210527,8,0.2679393937646345,0.3199258538755191,0.05426618625608869,0.4874240697020175,0.037390993033922,-0.23054840073071248,-0.04461001299797726,-0.03459277184886113,-0.10953289622195927,True,True,7
44841,David Njoku,CLE,143,88,55,33.84615384615385,8,0.26594411178143673,0.3195160774556224,0.025952400202921444,0.45774789793147175,0.06155809825895076,-0.20438601352248598,0.045967166486321494,0.04165985844708332,0.07394940429198002,True,True,1
42500,C.J. Uzomah,CIN,203,117,86,49.566502463054185,8,0.28252467370836953,0.31930223910086414,0.16742707545093385,0.4140534231139413,0.1020360641952932,-0.18048860951307635,0.03146350290601403,0.05803476803174787,0.15528472602923019,True,True,13
45321,Antony Auclair,HOU,34,31,3,2.735294117647059,8,-0.3805892011295672,0.31740595329161553,-1.0766464068465738,0.48988517159613687,0.1556409114160573,0.5362301125456245,0.6883086380348087,0.33714953959428606,-0.47348271049515817,False,True,8
46111,Mike Gesicki,MIA,243,13,230,12.304526748971192,8,0.14954358667137227,0.314703107110785,-0.3808597171775861,0.5994531415139978,-0.20985080320088498,-0.35939438987225725,-0.07771659471145508,-0.13833483851058392,0.12019638414062717,False,True,0
53484,Pat Freiermuth,PIT,126,67,59,31.373015873015873,7,0.2480977764753583,0.31395644596566585,0.11879640280038073,0.40605657527752603,-0.0006004048940524884,-0.2486981813694108,0.035453864266816196,0.04365678957736766,0.01958386518480093,True,True,0
44856,Gerald Everett,SEA,123,54,69,30.29268292682927,6,0.24542107707183183,0.31382536842586356,-0.17099017398987446,0.6204799066925076,-0.13672192003698855,-0.3821429971088204,-0.10428537664035567,-0.09421258491427795,-0.0029237459332516758,True,True,0
53512,Tommy Tremble,CAR,110,56,54,27.490909090909092,8,0.23469076237806352,0.3124097337852569,-0.1263565257326542,0.6540637379531749,0.3505680607298041,0.11587729835174061,-0.14411768139509015,0.05478174130019277,0.07648837730828924,True,True,0
48683,Joe Fortson,KC,29,15,14,7.241379310344827,6,0.00920561618772775,0.31129016785232305,-0.625322397987212,0.7206359853030364,-0.46335677139091264,-0.4725623875786404,0.538437333460296,0.2683617442779297,-0.15370085085685187,False,True,0
44959,George Kittle,SF,121,70,51,29.50413223140496,4,0.23498554188500093,0.3104396764038029,-0.028858047669522102,0.44715398552869834,0.3937077097271138,0.15872216784211285,0.07476136073420646,-0.0060420303657953926,0.07249467941898025,True,True,5
39907,Darren Fells,DET,65,40,25,15.384615384615383,7,0.16046309516709406,0.30910733298331455,-0.14572972316915478,0.5162480837884645,0.08183059439330789,-0.07863250077378617,-0.30655731186735624,-0.13840565108188863,0.11418184782266676,True,True,0
41236,Eric Ebron,PIT,113,87,26,20.01769911504425,6,0.1841724371433065,0.30584005068441544,-0.11171920799535623,0.356824875190366,0.018367338467535445,-0.16580509867577106,0.03377396267192361,0.027655283035915423,0.02912469039835565,True,True,0
40011,Travis Kelce,KC,304,68,236,52.78947368421053,8,0.24657768167066862,0.2987904431615624,0.20977278733748775,0.31838660742017133,-0.30428109948427506,-0.5508587811549437,0.010368544130425095,-0.014637072224806869,0.0697781977525279,True,True,0
52526,Albert Okwuegbunam,DEN,67,52,15,11.64179104477612,5,0.05712663303233623,0.2977909583689678,-0.23424475229917227,0.40888618877831984,0.29972554219642095,0.24259890916408472,-0.030932592640084827,0.04117012745805093,-0.21320274104178774,False,True,2
48456,Donald Parham,LAC,97,64,33,21.77319587628866,7,0.1591723552613227,0.29457427669795555,-0.4877584550140246,0.7407055198439443,0.1690128078208574,0.009840452559534685,0.030398118930282172,0.0311778240493185,-0.04198448202653194,True,True,0
47791,T.J. Hockenson,DET,291,93,198,63.278350515463906,8,0.24430061579620235,0.2924314304429731,0.0635230346355805,0.4509059836790424,0.28190811362480156,0.037607497828599214,-0.022436522870027245,-0.058944250287068824,0.04385490281010696,True,True,1
43324,Hunter Henry,NE,225,53,172,40.51555555555556,8,0.17431168757263701,0.2722026811911875,0.0343646618288198,0.2967045683933845,0.23287606868258148,0.05856438110994446,0.023102534957025356,-0.06095251215393563,-0.027542955338259498,True,True,2
41349,Logan Thomas,WAS,96,13,83,11.239583333333334,4,-0.14515503678630515,0.25942888053663826,-0.25224437865757365,0.12085067608023085,-0.16300389911189891,-0.017848862325593767,-0.22836146009653222,-0.1044564703631094,0.1290412185672423,False,True,4
47879,Dawson Knox,BUF,137,48,89,31.182481751824824,6,0.08761736359862679,0.24886424068716703,-0.11487238769381695,0.29857291700732147,-0.036447555812380204,-0.12406491941100699,-0.018999821397379026,0.013134964277814099,0.0030403869861399258,True,True,30
46192,Durham Smythe,MIA,127,70,57,31.417322834645674,8,0.08551039287705492,0.24751137680085367,-0.24689391097677443,0.3648383508390921,-0.2785211567440651,-0.36403154962112,-0.07223590062031093,-0.05781841684795294,0.06664514833419627,True,True,2
52451,Cole Kmet,CHI,204,85,119,49.583333333333336,8,0.11938399977354547,0.23422508465545064,-0.12584296442929302,0.3500573670040674,-0.04892632016525,-0.16831031993879547,0.028987683628051437,0.03573192462924359,-0.03227368239748021,True,True,4
43206,Ross Travis,ARI,2,2,0,0.0,1,,,,,0.4828527985499069,,,,,False,True,0
46797,Tanner Hudson,SF,1,1,0,0.0,1,,,,,1.314995914517171,,,,,False,True,0
48475,Chris Myarick,NYG,3,3,0,0.0,1,,,,,-0.15208501914347097,,,,,False,True,0
48700,Jesper Horsted,CHI,3,0,3,0.0,2,,,,,,-1.6386284539168245,,,,False,True,0
52614,Tyler Davis,GB,2,2,0,0.0,1,,,,,1.0259764358382526,,,,,False,True,0
52725,Ben Ellefson,MIN,17,17,0,0.0,4,,,,,0.09222551968857452,,,,,False,True,0
53526,Tre' McKitty,LAC,1,1,0,0.0,1,,,,,-1.0829726324969995,,,,,False,True,0
53570,Jacob Harris,LA,2,0,2,0.0,1,,,,,,0.022898021866124108,,,,False,True,0
