possessionTeam,res_box_no_te,res_box_te,res_n_deep_no_te,res_n_deep_te,res_deepest_no_te,res_deepest_te,res_two_high_no_te,res_two_high_te,res_man_no_te,res_man_te,res_pff_two_high_no_te,res_pff_two_high_te,res_blitz_no_te,res_blitz_te,n_te,n_no_te,res_box_diff,res_n_deep_diff,res_deepest_diff,res_two_high_diff,res_man_diff,res_pff_two_high_diff,res_blitz_diff
TEN,-0.9862,0.1373,0.0045,-0.1208,2.7777,-0.0714,0.0236,-0.1003,0.0697,0.0025,0.176,0.0086,-0.2169,0.0212,275.0,2.0,1.1235,-0.1254,-2.8491,-0.1239,-0.0672,-0.1674,0.2381
BUF,-0.4136,0.0399,0.4437,-0.0785,0.4785,-0.7249,0.0981,-0.046,-0.0813,0.0594,-0.0319,-0.0577,-0.1439,-0.0372,203.0,51.0,0.4535,-0.5223,-1.2034,-0.1442,0.1407,-0.0258,0.1066
LAC,-0.2367,0.1162,0.3311,-0.1352,0.6835,-0.8845,0.2936,-0.0868,0.4225,0.0055,-0.0783,-0.0323,-0.0639,-0.0253,270.0,4.0,0.3529,-0.4663,-1.568,-0.3804,-0.417,0.046,0.0386
NO,-0.1356,0.1513,-0.0661,-0.1238,0.1561,-0.4196,0.0226,-0.1167,0.0775,0.0885,-0.0167,-0.0754,-0.0134,0.133,186.0,17.0,0.2869,-0.0577,-0.5756,-0.1392,0.011,-0.0587,0.1464
HOU,0.0125,0.2521,-0.1229,-0.0744,0.0514,-0.1581,0.0771,-0.0239,0.112,0.0122,-0.0065,-0.033,0.0419,0.0817,239.0,12.0,0.2396,0.0485,-0.2095,-0.101,-0.0997,-0.0266,0.0397
PIT,-0.2827,-0.0539,0.1696,0.0044,-1.471,-0.0992,0.0928,0.0126,-0.422,-0.101,0.1349,0.0787,-0.1916,-0.06,236.0,2.0,0.2288,-0.1652,1.3718,-0.0802,0.321,-0.0562,0.1316
CIN,-0.1004,0.0238,-0.2876,0.0593,0.2552,-0.1075,-0.1569,0.032,0.2087,-0.0073,0.036,0.0341,0.0386,0.0194,249.0,9.0,0.1243,0.3469,-0.3627,0.1889,-0.216,-0.0018,-0.0193
DAL,0.1428,0.2214,0.0373,-0.0652,-0.4483,-0.4529,-0.0293,-0.0551,-0.1857,0.0125,0.1469,-0.0103,-0.1876,0.0994,257.0,4.0,0.0785,-0.1025,-0.0046,-0.0257,0.1983,-0.1572,0.287
NYJ,0.2295,0.2247,-0.2058,-0.241,-0.9819,-0.3087,-0.0743,-0.1663,-0.0181,0.0943,0.0459,-0.0923,0.0216,0.0282,251.0,20.0,-0.0048,-0.0352,0.6732,-0.092,0.1124,-0.1381,0.0065
MIN,0.3217,0.2861,0.0687,-0.0219,1.2542,-0.1944,0.0371,-0.0252,0.0863,0.0064,-0.3502,0.0183,0.0482,0.0309,240.0,14.0,-0.0356,-0.0906,-1.4486,-0.0623,-0.0798,0.3685,-0.0172
ARI,-0.0217,-0.0623,-0.0097,0.0924,-0.4784,-0.3357,0.0636,0.0573,-0.1009,-0.1106,0.0051,-0.017,-0.0445,-0.0566,160.0,75.0,-0.0406,0.1021,0.1426,-0.0063,-0.0097,-0.0221,-0.0122
NE,0.1859,0.1308,-0.7935,-0.0221,-1.9607,-0.0728,-0.4504,-0.0498,0.5082,0.0987,-0.3623,-0.076,0.4118,0.0911,283.0,3.0,-0.0551,0.7714,1.8879,0.4007,-0.4095,0.2863,-0.3207
CHI,0.0056,-0.1181,0.0996,-0.0141,-1.6651,-0.4819,0.213,-0.0203,-0.0193,-0.0269,0.2167,-0.0574,0.0594,0.0863,239.0,9.0,-0.1237,-0.1137,1.1832,-0.2333,-0.0075,-0.2741,0.0269
TB,0.2017,-0.115,0.1693,0.0451,0.3021,-0.2147,0.1613,0.0684,-0.0328,0.0881,0.1512,0.0277,-0.0933,-0.0394,290.0,19.0,-0.3167,-0.1242,-0.5168,-0.0929,0.1209,-0.1235,0.0539
DET,0.4211,0.1044,-0.6039,-0.1132,0.3014,-0.879,-0.4651,-0.0605,0.2107,-0.0372,-0.187,-0.0831,-0.0729,-0.0212,325.0,3.0,-0.3167,0.4907,-1.1804,0.4046,-0.2479,0.1039,0.0517
JAX,0.4074,0.0061,-0.0735,0.0217,0.303,0.3059,0.0662,0.0207,0.0038,-0.0262,0.1565,0.0343,0.0644,0.0438,258.0,6.0,-0.4014,0.0952,0.0029,-0.0455,-0.03,-0.1222,-0.0205
BAL,0.187,-0.274,0.2589,0.0782,-0.4672,-0.0285,0.2407,0.0459,-0.0642,-0.0663,0.0933,-0.0502,-0.0449,0.0407,258.0,13.0,-0.461,-0.1807,0.4387,-0.1948,-0.002,-0.1435,0.0855
CAR,0.6546,0.1496,-0.4252,0.0638,-2.1766,0.729,-0.4629,-0.0267,0.8251,0.0265,0.6779,-0.0073,-0.2653,0.024,293.0,1.0,-0.505,0.489,2.9056,0.4362,-0.7986,-0.6852,0.2893
IND,0.3888,-0.1169,0.2301,0.0506,-0.1241,-0.2951,0.1186,0.0209,-0.2742,-0.0218,0.1819,0.0184,0.2186,0.0201,254.0,4.0,-0.5058,-0.1795,-0.171,-0.0977,0.2524,-0.1635,-0.1984
ATL,,-0.1852,,0.0392,,-0.0626,,0.0261,,-0.0429,,0.0601,,-0.0117,289.0,0.0,,,,,,,
CLE,,0.0075,,-0.02,,0.1564,,-0.0098,,-0.0099,,0.0588,,-0.0392,249.0,0.0,,,,,,,
DEN,,0.0658,,-0.1142,,0.4392,,-0.1465,,-0.0312,,-0.0986,,-0.0096,292.0,0.0,,,,,,,
GB,,0.1078,,-0.113,,-0.4015,,-0.0438,,0.0478,,0.042,,-0.0293,226.0,0.0,,,,,,,
KC,,-0.4974,,0.3868,,0.991,,0.3364,,-0.0119,,0.1469,,-0.1299,339.0,0.0,,,,,,,
LA,,-0.0081,,0.1031,,0.1348,,0.0723,,-0.0464,,0.071,,-0.0176,251.0,0.0,,,,,,,
LV,,-0.0462,,-0.053,,0.5796,,-0.0438,,0.1162,,-0.1067,,0.0046,264.0,0.0,,,,,,,
MIA,,-0.287,,0.0385,,0.6266,,0.0179,,-0.0013,,0.0299,,-0.0543,309.0,0.0,,,,,,,
NYG,,-0.1677,,0.1554,,0.0151,,0.1069,,0.0099,,-0.0192,,0.0379,299.0,0.0,,,,,,,
PHI,,-0.0441,,-0.1838,,0.0848,,-0.154,,0.0052,,-0.0382,,0.0043,255.0,0.0,,,,,,,
SEA,,-0.1618,,0.1945,,0.5014,,0.049,,-0.0626,,0.0137,,0.0247,233.0,0.0,,,,,,,
SF,,0.2075,,-0.0517,,-0.0269,,-0.0518,,-0.0864,,0.0276,,-0.0221,219.0,0.0,,,,,,,
WAS,,-0.0511,,0.1032,,0.6177,,0.0105,,0.0429,,-0.037,,-0.0231,298.0,0.0,,,,,,,
