summary_level,nflId,displayName,season,first_week,last_week,games,height_inches,weight,age_at_first_game,pff_participations,routes,pass_blocks,chips,set_releases,targets_identified,receptions,receiving_yards,route_value_yards,receiving_touchdowns,ambiguous_yard_labels,route_participation_rate,pass_block_rate,target_rate_per_route,catch_rate,yards_per_route_run,yards_per_target,yards_per_reception,touchdowns_per_route,inline_route_share,slot_route_share,wide_route_share,backfield_route_share,play_action_route_share,shotgun_route_share,man_coverage_route_share,zone_coverage_route_share,red_zone_route_share,third_or_fourth_down_route_share,average_yards_to_go_on_route,average_defenders_in_box_on_route,average_route_runners_on_play,average_te_depth_at_snap,average_te_sideline_distance_at_snap,average_snap_defender_distance,average_release_defender_distance,average_arrival_defender_distance,average_minimum_route_separation,average_mean_route_separation,average_snap_to_release_seconds,average_route_path_to_release,average_route_depth_at_release,average_route_max_depth_to_release,average_route_lateral_displacement,average_route_speed_to_release,average_route_max_speed_to_release,average_inferred_air_yards_on_targets,snap_tracking_availability,release_tracking_availability,arrival_tracking_availability_on_targets,beaten_by_defender_events,hits_allowed,hurries_allowed,sacks_allowed,league_baseline_yards_per_route,league_baseline_yards_per_target,baseline_expected_yards_from_routes,yards_over_route_baseline,baseline_expected_yards_from_targets,yards_over_target_baseline
all_tight_ends,ALL,ALL_TIGHT_ENDS,2021,1,8,122,,,,9903,8570,1333,736,335,1490,1019,11177.0,11177.0,87,0,0.8653943249520347,0.13460567504796525,0.17386231038506417,0.6838926174496645,1.3042007001166862,7.501342281879195,10.968596663395486,0.01015169194865811,0.4278879813302217,0.4047841306884481,0.14655775962660444,0.020653442240373396,0.2175029171528588,0.6301050175029171,0.27992998833138855,0.6579929988331389,0.1527421236872812,0.28763127187864646,8.694282380396732,6.080182072829132,4.758109684947491,-1.6045620608899296,19.84901545305549,2.9374487926368182,3.1232759013455778,3.0768353962862482,1.2059639031746312,2.760339306454675,2.880709856181554,11.278299247921886,6.04268180018477,6.131891249835027,5.379110700620134,3.734047086487837,6.092463385670934,2.660727272727273,0.996732788798133,0.8872812135355893,0.0738255033557047,69.0,19.0,72.0,24.0,1.3042007001166862,7.501342281879195,11177.0,0.0,11177.0,0.0
player,40011,Travis Kelce,2021,1,8,8,77.0,260.0,31.93768523652094,279,271,8,18,2,63,41,502.0,502.0,3,0,0.9713261648745519,0.02867383512544803,0.23247232472324722,0.6507936507936508,1.8523985239852399,7.968253968253968,12.24390243902439,0.01107011070110701,0.1992619926199262,0.46863468634686345,0.33210332103321033,0.0,0.1918819188191882,0.7527675276752768,0.24354243542435425,0.6974169741697417,0.12546125461254612,0.2730627306273063,8.719557195571955,5.483394833948339,4.808118081180812,-1.4136296296296298,17.813481481481478,2.750766676723221,2.8131319801246497,2.526202623652698,1.2111703456379255,2.4926091570179136,2.9978540772532187,11.646351931330472,6.783648068669527,6.991587982832618,4.817253218884121,3.655160147452464,5.867725321888412,2.163999999999999,0.996309963099631,0.8634686346863468,0.07936507936507936,0.0,0.0,0.0,0.0,1.3042007001166862,7.501342281879195,353.43838973162195,148.56161026837805,472.58456375838927,29.415436241610735
player,46155,Mark Andrews,2021,1,7,7,77.0,255.0,26.021068194418778,212,209,3,7,6,51,36,488.0,488.0,3,0,0.9858490566037735,0.014150943396226415,0.24401913875598086,0.7058823529411765,2.334928229665072,9.568627450980392,13.555555555555555,0.014354066985645933,0.291866028708134,0.5358851674641149,0.1674641148325359,0.004784688995215311,0.2727272727272727,0.5311004784688995,0.22009569377990432,0.7320574162679426,0.14832535885167464,0.28708133971291866,9.019138755980862,5.952153110047847,4.588516746411483,-1.3361244019138756,19.276842105263157,2.841652829739411,3.210025859251569,2.2542956210840845,1.2348188193623473,2.8698683556994893,3.132727272727273,13.351151515151512,8.201454545454546,8.280545454545456,6.101999999999999,4.038405156173624,6.375272727272728,7.579999999999998,1.0,0.7894736842105263,0.0392156862745098,0.0,0.0,0.0,0.0,1.3042007001166862,7.501342281879195,272.5779463243874,215.42205367561257,382.56845637583893,105.43154362416107
player,53433,Kyle Pitts,2021,1,8,7,78.0,250.0,,228,224,4,4,1,50,33,484.0,484.0,1,0,0.9824561403508771,0.017543859649122806,0.22321428571428573,0.66,2.1607142857142856,9.68,14.666666666666666,0.004464285714285714,0.18303571428571427,0.47767857142857145,0.3392857142857143,0.0,0.22321428571428573,0.6383928571428571,0.25,0.6919642857142857,0.14285714285714285,0.3482142857142857,8.5625,6.035714285714286,4.611607142857143,-1.5529596412556048,18.04421524663677,3.4053284006319338,2.7157962130755946,2.122567029918019,1.4434246192854867,2.952114960790175,2.7234449760765553,11.307511961722488,7.255023923444977,7.263923444976076,4.86267942583732,3.940973028202596,6.435406698564593,3.6525000000000043,0.9955357142857143,0.9375,0.08,1.0,0.0,0.0,0.0,1.3042007001166862,7.501342281879195,292.1409568261377,191.8590431738623,375.06711409395973,108.93288590604027
player,47791,T.J. Hockenson,2021,1,8,8,77.0,248.0,24.19488422075744,274,262,12,18,6,62,45,436.0,436.0,2,0,0.9562043795620438,0.043795620437956206,0.2366412213740458,0.7258064516129032,1.6641221374045803,7.032258064516129,9.688888888888888,0.007633587786259542,0.3015267175572519,0.5916030534351145,0.10305343511450382,0.003816793893129771,0.1297709923664122,0.7595419847328244,0.2366412213740458,0.7175572519083969,0.13740458015267176,0.30916030534351147,8.603053435114504,5.961832061068702,4.824427480916031,-1.400763358778626,19.826603053435115,2.617785924166889,2.788526554250136,2.7654016934180237,1.2139484281941466,2.7264993978922876,2.8868644067796607,11.476525423728814,7.158898305084746,7.17207627118644,5.049364406779661,3.841746696747384,6.114872881355931,2.4642857142857144,1.0,0.9007633587786259,0.11290322580645161,0.0,0.0,0.0,1.0,1.3042007001166862,7.501342281879195,341.7005834305718,94.29941656942822,465.08322147651006,-29.08322147651006
player,46111,Mike Gesicki,2021,1,8,8,78.0,252.0,25.9444067982231,227,222,5,3,1,43,33,409.0,409.0,2,0,0.9779735682819384,0.022026431718061675,0.19369369369369369,0.7674418604651163,1.8423423423423424,9.511627906976743,12.393939393939394,0.009009009009009009,0.05405405405405406,0.7117117117117117,0.23423423423423423,0.0,0.16666666666666666,0.8153153153153153,0.31981981981981983,0.6351351351351351,0.11711711711711711,0.34684684684684686,8.405405405405405,5.815315315315315,4.594594594594595,-1.7097285067873305,19.042533936651584,3.492949020415145,2.81210419605304,4.982540917395412,1.490854859463687,3.0127408446826967,2.7917525773195884,11.609123711340207,6.906597938144331,7.00159793814433,4.832164948453609,3.9167366383243083,6.161494845360827,4.299999999999997,0.9954954954954955,0.8783783783783784,0.023255813953488372,1.0,0.0,2.0,0.0,1.3042007001166862,7.501342281879195,289.5325554259043,119.46744457409568,322.55771812080536,86.44228187919464
player,46206,Dalton Schultz,2021,1,8,7,77.0,242.0,25.164103301231375,174,159,15,10,8,39,29,332.0,332.0,3,0,0.9137931034482759,0.08620689655172414,0.24528301886792453,0.7435897435897436,2.088050314465409,8.512820512820513,11.448275862068966,0.018867924528301886,0.4339622641509434,0.4591194968553459,0.0880503144654088,0.018867924528301886,0.20125786163522014,0.5974842767295597,0.3522012578616352,0.6037735849056604,0.16352201257861634,0.2578616352201258,8.415094339622641,6.3081761006289305,4.786163522012578,-1.5429559748427673,20.321509433962262,2.684605001171534,2.85744580088717,4.187108547388927,1.1727702944530303,2.5402233826992426,2.81,10.251333333333331,5.552933333333334,5.695466666666667,4.596133333333333,3.513527096533108,5.7402,2.6300000000000026,1.0,0.9433962264150944,0.10256410256410256,0.0,0.0,1.0,0.0,1.3042007001166862,7.501342281879195,207.3679113185531,124.6320886814469,292.5523489932886,39.447651006711396
player,42547,Darren Waller,2021,1,6,6,78.0,255.0,28.99991101802227,213,201,12,16,4,44,26,319.0,319.0,2,0,0.9436619718309859,0.056338028169014086,0.21890547263681592,0.5909090909090909,1.5870646766169154,7.25,12.26923076923077,0.009950248756218905,0.5223880597014925,0.27860696517412936,0.19900497512437812,0.0,0.06965174129353234,0.7014925373134329,0.42786069651741293,0.5074626865671642,0.14427860696517414,0.30845771144278605,9.2636815920398,5.940298507462686,4.721393034825871,-1.541890547263682,20.342636815920397,2.66837311346311,2.7409263408013795,4.0839142197626845,1.0999151467618078,2.586901235992827,2.8966480446927374,12.111675977653631,7.128659217877096,7.142011173184358,5.863910614525139,4.019938436584371,6.741340782122904,,1.0,0.8905472636815921,0.0,1.0,0.0,1.0,0.0,1.3042007001166862,7.501342281879195,262.1443407234539,56.85565927654608,330.05906040268457,-11.059060402684565
player,46118,Dallas Goedert,2021,1,8,7,77.0,256.0,26.69185541113096,146,135,11,7,0,26,20,317.0,317.0,2,0,0.9246575342465754,0.07534246575342465,0.1925925925925926,0.7692307692307693,2.348148148148148,12.192307692307692,15.85,0.014814814814814815,0.362962962962963,0.5333333333333333,0.1037037037037037,0.0,0.18518518518518517,0.8814814814814815,0.24444444444444444,0.7037037037037037,0.17777777777777778,0.3111111111111111,8.607407407407408,5.896296296296296,4.859259259259259,-1.6330597014925372,19.110298507462684,2.788681762251245,2.8864233805869963,3.1410025318352233,1.1160998804408784,2.6904294692910615,3.2450450450450457,14.298198198198197,8.825585585585586,8.932522522522522,5.627117117117118,4.2216294049657845,6.802072072072072,,0.9925925925925926,0.8296296296296296,0.0,1.0,0.0,1.0,1.0,1.3042007001166862,7.501342281879195,176.06709451575264,140.93290548424736,195.03489932885907,121.96510067114093
player,47803,Noah Fant,2021,1,8,8,76.0,249.0,23.81157723977905,244,227,17,41,12,50,35,303.0,303.0,3,0,0.930327868852459,0.06967213114754098,0.22026431718061673,0.7,1.3348017621145374,6.06,8.657142857142857,0.013215859030837005,0.7136563876651982,0.2290748898678414,0.048458149779735685,0.00881057268722467,0.20704845814977973,0.7400881057268722,0.23348017621145375,0.6740088105726872,0.1762114537444934,0.32158590308370044,8.731277533039648,6.097345132743363,4.832599118942731,-1.7409734513274338,20.40154185022026,2.8773597321090243,3.562662706067654,3.7812074898843058,1.1555368420799887,2.81497391624698,2.918407960199006,10.9155223880597,5.00745,5.1401,5.817014925373136,3.587953920691582,6.201044776119402,1.7283333333333328,1.0,0.8854625550660793,0.12,1.0,0.0,3.0,1.0,1.3042007001166862,7.501342281879195,296.05355892648777,6.946441073512233,375.06711409395973,-72.06711409395973
player,43324,Hunter Henry,2021,1,8,8,77.0,250.0,26.76577890031965,215,191,24,23,10,35,25,297.0,297.0,4,0,0.8883720930232558,0.11162790697674418,0.18324607329842932,0.7142857142857143,1.5549738219895288,8.485714285714286,11.88,0.020942408376963352,0.2198952879581152,0.643979057591623,0.13612565445026178,0.0,0.16230366492146597,0.6230366492146597,0.4031413612565445,0.5602094240837696,0.10471204188481675,0.32460732984293195,8.712041884816754,6.104712041884817,4.780104712041885,-1.811587301587302,20.51703703703704,2.851807432699877,3.3513656074933906,5.0570984680922475,0.9927143111397009,2.5611853228089387,2.708720930232558,10.475348837209301,5.329360465116278,5.503197674418605,4.697732558139535,3.7441714215883106,6.062034883720931,,0.9895287958115183,0.9109947643979057,0.0,4.0,3.0,1.0,0.0,1.3042007001166862,7.501342281879195,249.10233372228706,47.89766627771294,262.54697986577185,34.453020134228154
player,47879,Dawson Knox,2021,1,6,6,76.0,254.0,24.827340739371788,159,149,10,18,3,23,17,270.0,270.0,4,0,0.9371069182389937,0.06289308176100629,0.15436241610738255,0.7391304347826086,1.8120805369127517,11.73913043478261,15.882352941176471,0.026845637583892617,0.2751677852348993,0.40939597315436244,0.1476510067114094,0.16778523489932887,0.2751677852348993,0.7449664429530202,0.2953020134228188,0.610738255033557,0.2214765100671141,0.28187919463087246,8.436241610738255,6.0134228187919465,4.845637583892618,-1.7719463087248328,19.765771812080533,3.097643517572082,3.7176576343177503,2.659824018773425,1.1755570128905872,2.9276791665889763,3.1156716417910446,13.575522388059701,6.72858208955224,6.7885820895522375,7.213059701492537,4.148546123692926,6.516791044776119,2.5933333333333337,1.0,0.8993288590604027,0.13043478260869565,1.0,0.0,0.0,0.0,1.3042007001166862,7.501342281879195,194.32590431738623,75.67409568261377,172.5308724832215,97.46912751677851
player,46226,Tyler Conklin,2021,1,8,7,75.0,254.0,26.12237075367735,203,166,37,12,3,33,23,270.0,270.0,1,0,0.8177339901477833,0.18226600985221675,0.19879518072289157,0.696969696969697,1.6265060240963856,8.181818181818182,11.73913043478261,0.006024096385542169,0.8313253012048193,0.0963855421686747,0.06626506024096386,0.006024096385542169,0.0963855421686747,0.42168674698795183,0.3493975903614458,0.5903614457831325,0.12650602409638553,0.3614457831325301,8.891566265060241,6.066265060240964,4.855421686746988,-1.621566265060241,21.42180722891566,2.7900698570508538,2.893294140343589,3.7883117634488457,1.079557975240849,2.5144340812279884,2.8063291139240505,10.197405063291137,5.439556962025316,5.490569620253164,5.155569620253164,3.502343589013507,6.099367088607595,-1.5549999999999962,1.0,0.9518072289156626,0.06060606060606061,0.0,1.0,4.0,0.0,1.3042007001166862,7.501342281879195,216.4973162193699,53.50268378063009,247.54429530201344,22.45570469798656
player,44841,David Njoku,2021,1,8,8,76.0,246.0,25.17505492925933,137,113,24,14,7,18,14,251.0,251.0,1,0,0.8248175182481752,0.17518248175182483,0.1592920353982301,0.7777777777777778,2.2212389380530975,13.944444444444445,17.928571428571427,0.008849557522123894,0.5575221238938053,0.3185840707964602,0.12389380530973451,0.0,0.21238938053097345,0.415929203539823,0.22123893805309736,0.7079646017699115,0.1504424778761062,0.2831858407079646,8.424778761061948,6.088495575221239,4.725663716814159,-1.393628318584071,20.383451327433622,3.0073422574545665,3.2463598738784256,2.309793516292978,1.2772262022113405,2.8898453195316396,2.8723404255319145,10.979787234042552,6.553829787234042,6.562659574468085,4.733510638297871,3.574784015735657,6.088404255319149,2.6000000000000014,1.0,0.831858407079646,0.1111111111111111,0.0,0.0,1.0,1.0,1.3042007001166862,7.501342281879195,147.37467911318555,103.62532088681445,135.0241610738255,115.9758389261745
player,42500,C.J. Uzomah,2021,1,8,8,78.0,260.0,28.660410549155696,207,190,17,12,9,20,18,250.0,250.0,5,0,0.9178743961352657,0.0821256038647343,0.10526315789473684,0.9,1.3157894736842106,12.5,13.88888888888889,0.02631578947368421,0.531578947368421,0.26842105263157895,0.16842105263157894,0.031578947368421054,0.1368421052631579,0.6052631578947368,0.3368421052631579,0.6157894736842106,0.14736842105263157,0.34210526315789475,8.036842105263158,5.926315789473684,4.7894736842105265,-1.7748947368421053,18.669684210526313,3.502847404250267,2.808835469484974,1.933213626747107,1.4229499356449933,2.9661125878953163,2.6965517241379313,9.284655172413792,5.003390804597702,5.040919540229885,3.9550000000000005,3.296218933381968,5.547011494252874,,1.0,0.9157894736842105,0.0,1.0,0.0,1.0,0.0,1.3042007001166862,7.501342281879195,247.7981330221704,2.20186697782961,150.0268456375839,99.9731543624161
player,34540,Jared Cook,2021,1,8,7,77.0,254.0,34.43465642689446,191,179,12,21,1,36,21,225.0,225.0,2,0,0.93717277486911,0.06282722513089005,0.2011173184357542,0.5833333333333334,1.2569832402234637,6.25,10.714285714285714,0.0111731843575419,0.26256983240223464,0.5586592178770949,0.1787709497206704,0.0,0.10614525139664804,0.7039106145251397,0.31843575418994413,0.6145251396648045,0.1787709497206704,0.4022346368715084,8.720670391061452,6.055865921787709,4.754189944134078,-1.6673743016759779,19.665865921787706,2.5819797894652874,2.6871713512754964,1.8749347690328737,1.1251015581765365,2.5528749369959507,2.7521212121212124,10.253090909090911,5.83830303030303,5.885151515151515,5.11830303030303,3.5445038902562414,6.042787878787879,0.015000000000000568,1.0,0.9217877094972067,0.05555555555555555,1.0,0.0,1.0,0.0,1.3042007001166862,7.501342281879195,233.45192532088683,-8.45192532088683,270.048322147651,-45.04832214765099
player,39983,Zach Ertz,2021,1,8,8,77.0,250.0,30.83978452671855,155,150,5,11,2,33,19,222.0,222.0,2,0,0.967741935483871,0.03225806451612903,0.22,0.5757575757575758,1.48,6.7272727272727275,11.68421052631579,0.013333333333333334,0.32,0.5133333333333333,0.16,0.0,0.23333333333333334,0.8,0.32,0.6466666666666666,0.13333333333333333,0.2733333333333333,8.426666666666666,6.06,4.826666666666667,-1.5835999999999997,19.272266666666667,2.780177157984822,2.912764955801238,3.0708512804909636,1.112506668838884,2.6072490225459606,3.161417322834646,12.58228346456693,7.132440944881888,7.275039370078739,5.418661417322835,3.839395298326988,5.937795275590552,3.419999999999997,1.0,0.8466666666666667,0.09090909090909091,0.0,0.0,0.0,0.0,1.3042007001166862,7.501342281879195,195.63010501750293,26.369894982497073,247.54429530201344,-25.54429530201344
player,45785,Dan Arnold,2021,1,8,7,78.0,220.0,26.497464013634776,154,145,9,8,4,31,20,210.0,210.0,1,0,0.9415584415584416,0.05844155844155844,0.21379310344827587,0.6451612903225806,1.4482758620689655,6.774193548387097,10.5,0.006896551724137931,0.1793103448275862,0.6896551724137931,0.12413793103448276,0.006896551724137931,0.09655172413793103,0.7241379310344828,0.3310344827586207,0.6206896551724138,0.10344827586206896,0.42758620689655175,8.248275862068965,5.758620689655173,4.786206896551724,-1.369444444444444,19.67409722222222,2.7683607014255447,3.0863017515761753,2.916968334286453,1.2333953481779132,2.804623233571675,2.827692307692308,12.163384615384617,7.735846153846154,7.806461538461538,4.561999999999999,4.072096342316686,6.481846153846153,-0.3199999999999932,0.993103448275862,0.896551724137931,0.03225806451612903,0.0,1.0,2.0,0.0,1.3042007001166862,7.501342281879195,189.1091015169195,20.89089848308049,232.54161073825503,-22.54161073825503
player,43399,Tyler Higbee,2021,1,8,8,78.0,257.0,28.69600334024655,215,192,23,28,10,27,21,209.0,209.0,1,0,0.8930232558139535,0.10697674418604651,0.140625,0.7777777777777778,1.0885416666666667,7.7407407407407405,9.952380952380953,0.005208333333333333,0.5,0.2552083333333333,0.234375,0.010416666666666666,0.16666666666666666,0.4583333333333333,0.265625,0.6302083333333334,0.2552083333333333,0.2760416666666667,8.265625,5.848958333333333,4.802083333333333,-1.505526315789474,18.582368421052628,3.13124921970198,2.816977244076341,2.334842545523366,1.3658449647138013,2.8357939337220923,2.8094972067039103,11.029329608938546,6.040502793296089,6.077430167597766,5.5061452513966485,3.737819087657424,6.328435754189944,,0.9895833333333334,0.9427083333333334,0.0,0.0,0.0,0.0,1.0,1.3042007001166862,7.501342281879195,250.40653442240375,-41.40653442240375,202.53624161073827,6.463758389261727
player,53484,Pat Freiermuth,2021,1,8,7,77.0,258.0,,120,115,5,1,2,26,21,198.0,198.0,1,0,0.9583333333333334,0.041666666666666664,0.22608695652173913,0.8076923076923077,1.7217391304347827,7.615384615384615,9.428571428571429,0.008695652173913044,0.5217391304347826,0.34782608695652173,0.13043478260869565,0.0,0.06086956521739131,0.6869565217391305,0.16521739130434782,0.7130434782608696,0.2,0.3565217391304348,8.060869565217391,5.878260869565217,4.843478260869565,-1.819043478260869,20.68530434782608,3.094352297899301,2.691288053806555,2.2176090344424466,1.3398477544612277,2.7450152616627888,2.376635514018691,8.904672897196262,5.30271028037383,5.338504672897196,3.2809345794392524,3.5675708096637924,5.835514018691589,9.260000000000005,1.0,0.9304347826086956,0.038461538461538464,0.0,0.0,0.0,0.0,1.3042007001166862,7.501342281879195,149.9830805134189,48.01691948658109,195.03489932885907,2.965100671140931
player,45481,Ricky Seals-Jones,2021,1,8,8,77.0,243.0,26.497464013634776,198,176,22,20,8,28,17,193.0,193.0,2,0,0.8888888888888888,0.1111111111111111,0.1590909090909091,0.6071428571428571,1.0965909090909092,6.892857142857143,11.352941176470589,0.011363636363636364,0.1590909090909091,0.6363636363636364,0.14204545454545456,0.0625,0.3068181818181818,0.7386363636363636,0.375,0.5511363636363636,0.1534090909090909,0.3125,8.75,5.784090909090909,4.8352272727272725,-1.44625,20.16420454545454,2.686370387755927,3.1391289859865603,3.1707181032060037,1.1003904291551492,2.6797673209159947,3.125165562913907,12.945562913907285,6.712582781456954,6.813443708609273,6.932649006622516,4.031232367826559,6.34682119205298,,1.0,0.8579545454545454,0.0,0.0,2.0,1.0,0.0,1.3042007001166862,7.501342281879195,229.53932322053677,-36.53932322053677,210.03758389261745,-17.037583892617448
player,52451,Cole Kmet,2021,1,8,8,78.0,258.0,22.511071411459508,198,170,28,18,5,34,21,192.0,192.0,0,0,0.8585858585858586,0.1414141414141414,0.2,0.6176470588235294,1.1294117647058823,5.647058823529412,9.142857142857142,0.0,0.3176470588235294,0.5588235294117647,0.11176470588235295,0.011764705882352941,0.18823529411764706,0.6882352941176471,0.21176470588235294,0.7352941176470589,0.12352941176470589,0.32941176470588235,9.4,5.864705882352941,4.770588235294118,-1.374260355029586,19.515739644970413,3.0756105108107676,3.3709377355820425,2.9922219724942387,1.2923453160701925,2.9697140003621287,2.709230769230769,10.663615384615385,5.856692307692309,5.89423076923077,5.282538461538461,3.7527134290968847,6.081076923076923,2.9574999999999987,0.9941176470588236,0.7705882352941177,0.23529411764705882,6.0,0.0,0.0,2.0,1.3042007001166862,7.501342281879195,221.71411901983666,-29.71411901983666,255.0456375838926,-63.04563758389261
player,44959,George Kittle,2021,1,4,4,76.0,250.0,27.926651471282778,119,98,21,4,3,20,13,191.0,191.0,0,0,0.8235294117647058,0.17647058823529413,0.20408163265306123,0.65,1.9489795918367347,9.55,14.692307692307692,0.0,0.46938775510204084,0.41836734693877553,0.08163265306122448,0.030612244897959183,0.21428571428571427,0.6530612244897959,0.11224489795918367,0.826530612244898,0.09183673469387756,0.30612244897959184,8.96938775510204,6.224489795918367,4.785714285714286,-1.4881250000000001,20.515104166666664,2.457778174536322,3.108490291311009,3.529601699868929,1.0857955204139778,2.6324182251546566,2.7247058823529406,10.915411764705881,5.527411764705882,5.632588235294117,5.459764705882353,3.9319033066060562,5.948823529411765,-3.460000000000001,0.9795918367346939,0.8775510204081632,0.05,1.0,0.0,0.0,0.0,1.3042007001166862,7.501342281879195,127.81166861143525,63.18833138856475,150.0268456375839,40.973154362416096
player,35481,Rob Gronkowski,2021,1,8,4,78.0,265.0,32.32373012450632,92,81,11,3,4,21,15,183.0,183.0,3,0,0.8804347826086957,0.11956521739130435,0.25925925925925924,0.7142857142857143,2.259259259259259,8.714285714285714,12.2,0.037037037037037035,0.6172839506172839,0.2222222222222222,0.13580246913580246,0.024691358024691357,0.16049382716049382,0.6296296296296297,0.2839506172839506,0.6419753086419753,0.19753086419753085,0.20987654320987653,8.641975308641975,5.839506172839506,4.790123456790123,-1.2924691358024696,20.729382716049383,2.509638711620211,2.9756002332679925,2.7431344699396827,0.9922935931350638,2.3845258680102948,2.643589743589744,10.554871794871795,6.370897435897437,6.493333333333333,4.866666666666667,3.8250326740136575,6.123333333333333,2.8599999999999994,1.0,0.9629629629629629,0.09523809523809523,1.0,0.0,0.0,1.0,1.3042007001166862,7.501342281879195,105.64025670945158,77.35974329054842,157.52818791946308,25.47181208053692
player,42398,Maxx Williams,2021,1,5,5,76.0,252.0,27.420138674989904,89,70,19,5,1,15,14,165.0,165.0,1,0,0.7865168539325843,0.21348314606741572,0.21428571428571427,0.9333333333333333,2.357142857142857,11.0,11.785714285714286,0.014285714285714285,0.5285714285714286,0.34285714285714286,0.05714285714285714,0.07142857142857142,0.34285714285714286,0.7428571428571429,0.22857142857142856,0.6857142857142857,0.18571428571428572,0.17142857142857143,8.8,6.185714285714286,4.8,-1.3421739130434782,20.883333333333333,2.8781486452723946,3.0789466642417214,2.9821332766102864,1.2323658132973385,2.6176467249338984,2.9158730158730157,10.576984126984128,5.488730158730157,5.72031746031746,5.345714285714285,3.4781761496666754,5.715396825396825,4.019999999999999,0.9857142857142858,0.9142857142857143,0.2,0.0,0.0,2.0,0.0,1.3042007001166862,7.501342281879195,91.29404900816803,73.70595099183197,112.52013422818793,52.47986577181207
player,45635,Robert Tonyan,2021,1,8,8,77.0,237.0,27.37085634886411,153,148,5,14,5,22,12,157.0,157.0,2,0,0.9673202614379085,0.032679738562091505,0.14864864864864866,0.5454545454545454,1.0608108108108107,7.136363636363637,13.083333333333334,0.013513513513513514,0.32432432432432434,0.4864864864864865,0.1891891891891892,0.0,0.1554054054054054,0.527027027027027,0.33783783783783783,0.6216216216216216,0.20270270270270271,0.43243243243243246,8.45945945945946,6.0608108108108105,4.824324324324325,-1.443243243243243,19.401418918918914,2.846642771685287,2.9450086632830765,1.593953846750938,1.136681774522313,2.692953730995205,2.9728682170542635,12.123798449612401,6.7784496124031,6.883333333333333,5.618217054263566,3.774692520666476,6.223798449612404,4.419999999999995,1.0,0.8716216216216216,0.09090909090909091,1.0,0.0,1.0,0.0,1.3042007001166862,7.501342281879195,193.02170361726957,-36.021703617269566,165.02953020134228,-8.029530201342283
player,46167,Jordan Akins,2021,1,8,8,76.0,243.0,29.399645441042594,140,127,13,11,2,22,16,156.0,156.0,0,0,0.9071428571428571,0.09285714285714286,0.1732283464566929,0.7272727272727273,1.2283464566929134,7.090909090909091,9.75,0.0,0.5905511811023622,0.28346456692913385,0.11811023622047244,0.007874015748031496,0.11811023622047244,0.7244094488188977,0.3228346456692913,0.6299212598425197,0.13385826771653545,0.4094488188976378,7.889763779527559,6.118110236220472,4.732283464566929,-2.0470866141732285,20.037874015748027,3.25282665624821,3.0658966600733644,2.28469894956355,1.2745535718490764,2.8122098830154347,2.8201754385964906,11.157192982456142,5.526140350877193,5.595350877192984,5.713508771929824,3.714250507770354,5.953245614035088,,1.0,0.8976377952755905,0.0,1.0,0.0,2.0,0.0,1.3042007001166862,7.501342281879195,165.63348891481914,-9.63348891481914,165.02953020134228,-9.029530201342283
player,46094,Hayden Hurst,2021,1,8,7,76.0,245.0,28.052595193604247,159,140,19,12,3,22,18,143.0,143.0,1,0,0.8805031446540881,0.11949685534591195,0.15714285714285714,0.8181818181818182,1.0214285714285714,6.5,7.944444444444445,0.007142857142857143,0.40714285714285714,0.44285714285714284,0.15,0.0,0.22142857142857142,0.6357142857142857,0.22857142857142856,0.7,0.15714285714285714,0.2714285714285714,8.928571428571429,6.05,4.757142857142857,-1.7937142857142856,20.022357142857143,3.2337715312465893,3.5396161144929446,3.8196537351399464,1.4482520014577378,3.0346711835096465,2.814285714285715,10.995187969924812,5.023308270676691,5.053383458646616,6.049624060150377,3.7356353581500628,6.169774436090225,5.163333333333334,1.0,0.95,0.13636363636363635,3.0,1.0,2.0,0.0,1.3042007001166862,7.501342281879195,182.58809801633606,-39.58809801633606,165.02953020134228,-22.029530201342283
player,44792,Mo Alie-Cox,2021,1,8,8,77.0,267.0,27.98140961142255,115,100,15,17,2,22,10,137.0,137.0,3,0,0.8695652173913043,0.13043478260869565,0.22,0.45454545454545453,1.37,6.2272727272727275,13.7,0.03,0.45,0.47,0.08,0.0,0.28,0.72,0.25,0.67,0.15,0.26,8.85,5.91,4.85,-1.5899999999999996,19.462600000000002,2.7073265384405443,3.4483771439509785,5.5067382215350325,1.0225138655933537,2.7153351686791716,3.354022988505747,14.109770114942531,8.169310344827588,8.22793103448276,7.036436781609196,4.002056847256786,6.470114942528736,3.3400000000000034,1.0,0.87,0.045454545454545456,0.0,0.0,0.0,1.0,1.3042007001166862,7.501342281879195,130.42007001166863,6.579929988331372,165.02953020134228,-28.029530201342283
player,44835,Evan Engram,2021,3,8,6,75.0,240.0,27.066948671088387,157,151,6,15,5,24,16,137.0,137.0,1,0,0.9617834394904459,0.03821656050955414,0.15894039735099338,0.6666666666666666,0.9072847682119205,5.708333333333333,8.5625,0.006622516556291391,0.2185430463576159,0.7152317880794702,0.06622516556291391,0.0,0.23178807947019867,0.7152317880794702,0.3509933774834437,0.6158940397350994,0.08609271523178808,0.32450331125827814,9.152317880794701,5.774834437086093,4.66887417218543,-1.5258940397350995,19.419470198675498,2.7783506565086054,3.0740506547022814,3.804118801102258,1.2621640348785512,2.835780164930031,2.787313432835821,11.150298507462686,6.366567164179104,6.388283582089552,5.469179104477613,3.8460309318905432,6.260746268656717,5.170000000000002,1.0,0.8874172185430463,0.041666666666666664,0.0,0.0,0.0,0.0,1.3042007001166862,7.501342281879195,196.93430571761962,-59.93430571761962,180.03221476510066,-43.03221476510066
player,46192,Durham Smythe,2021,1,8,8,78.0,260.0,26.094991683607464,124,100,24,6,5,17,13,134.0,134.0,0,0,0.8064516129032258,0.1935483870967742,0.17,0.7647058823529411,1.34,7.882352941176471,10.307692307692308,0.0,0.49,0.33,0.16,0.02,0.28,0.62,0.3,0.68,0.1,0.16,8.46,6.13,4.73,-1.7088999999999999,19.577799999999996,3.115744257175651,3.080488545892839,2.62698908125143,1.2817670959001453,2.830729739021167,2.6954022988505746,9.696091954022988,4.658620689655173,4.865977011494253,4.733333333333334,3.4239360606294036,5.658620689655172,,1.0,0.87,0.0,1.0,0.0,2.0,0.0,1.3042007001166862,7.501342281879195,130.42007001166863,3.579929988331372,127.5228187919463,6.477181208053693
player,44856,Gerald Everett,2021,1,8,6,75.0,240.0,27.217533556472755,117,108,9,8,5,13,10,124.0,124.0,1,0,0.9230769230769231,0.07692307692307693,0.12037037037037036,0.7692307692307693,1.1481481481481481,9.538461538461538,12.4,0.009259259259259259,0.4166666666666667,0.39814814814814814,0.18518518518518517,0.0,0.17592592592592593,0.7037037037037037,0.25,0.6666666666666666,0.10185185185185185,0.3888888888888889,8.87037037037037,5.601851851851852,4.675925925925926,-1.4674766355140185,18.169158878504675,3.432564353192488,3.8511433867692375,6.4162130753270885,1.4452958406380525,3.397273298984663,3.0224719101123587,12.017415730337076,6.198651685393259,6.264494382022473,6.455505617977529,3.751101467239024,5.947415730337078,-0.75,0.9907407407407407,0.8333333333333334,0.07692307692307693,0.0,0.0,1.0,0.0,1.3042007001166862,7.501342281879195,140.8536756126021,-16.853675612602103,97.51744966442953,26.482550335570465
player,44912,Jonnu Smith,2021,1,8,8,75.0,248.0,26.059398892516615,104,89,15,8,4,23,14,124.0,124.0,1,0,0.8557692307692307,0.14423076923076922,0.25842696629213485,0.6086956521739131,1.3932584269662922,5.391304347826087,8.857142857142858,0.011235955056179775,0.4606741573033708,0.3595505617977528,0.12359550561797752,0.056179775280898875,0.43820224719101125,0.39325842696629215,0.33707865168539325,0.5842696629213483,0.14606741573033707,0.10112359550561797,9.651685393258427,6.764044943820225,4.573033707865169,-1.7345454545454544,20.598863636363635,2.9073586102870768,3.9661469680548787,2.5148498013291993,1.1963757175323402,2.815523700102449,2.871764705882353,11.422588235294118,4.318352941176471,4.535058823529412,6.982235294117647,3.911157752517157,6.119294117647058,1.1000000000000014,0.9887640449438202,0.9662921348314607,0.043478260869565216,1.0,0.0,1.0,0.0,1.3042007001166862,7.501342281879195,116.07386231038507,7.926137689614933,172.5308724832215,-48.530872483221486
player,46170,Ian Thomas,2021,1,8,8,75.0,260.0,25.268143767496937,158,122,36,16,6,13,8,123.0,123.0,0,0,0.7721518987341772,0.22784810126582278,0.10655737704918032,0.6153846153846154,1.0081967213114753,9.461538461538462,15.375,0.0,0.5327868852459017,0.39344262295081966,0.07377049180327869,0.0,0.18032786885245902,0.6229508196721312,0.26229508196721313,0.7131147540983607,0.06557377049180328,0.3114754098360656,9.032786885245901,6.081967213114754,4.844262295081967,-1.5653278688524588,20.87213114754098,2.4536427702003216,3.48553426581731,2.1782390052726592,1.022843886550143,2.6537197394482175,3.088571428571428,13.008666666666665,6.257619047619047,6.444952380952381,6.527809523809524,4.010786443310191,6.568952380952381,,1.0,0.860655737704918,0.0,4.0,0.0,0.0,0.0,1.3042007001166862,7.501342281879195,159.11248541423572,-36.11248541423572,97.51744966442953,25.482550335570465
player,42486,MyCole Pruitt,2021,1,8,8,74.0,243.0,29.470831023224296,90,62,28,2,6,11,10,122.0,122.0,1,0,0.6888888888888889,0.3111111111111111,0.1774193548387097,0.9090909090909091,1.967741935483871,11.090909090909092,12.2,0.016129032258064516,0.6290322580645161,0.20967741935483872,0.16129032258064516,0.0,0.3870967741935484,0.5806451612903226,0.25806451612903225,0.6612903225806451,0.20967741935483872,0.22580645161290322,9.258064516129032,6.5,4.790322580645161,-1.8122580645161293,19.710806451612903,2.9325553036542096,2.6550419299226915,2.35038617053764,1.078532197900849,2.4438252322070344,2.827777777777778,10.738333333333335,5.0183333333333335,5.202222222222223,5.878703703703705,3.678833429344016,6.032407407407407,0.8966666666666671,1.0,0.8709677419354839,0.2727272727272727,0.0,1.0,2.0,0.0,1.3042007001166862,7.501342281879195,80.86044340723454,41.13955659276546,82.51476510067114,39.48523489932886
player,43370,Austin Hooper,2021,1,8,8,76.0,254.0,26.872557273592204,154,126,28,14,9,24,15,119.0,119.0,1,0,0.8181818181818182,0.18181818181818182,0.19047619047619047,0.625,0.9444444444444444,4.958333333333333,7.933333333333334,0.007936507936507936,0.6190476190476191,0.31746031746031744,0.047619047619047616,0.015873015873015872,0.23015873015873015,0.42857142857142855,0.2777777777777778,0.6666666666666666,0.1746031746031746,0.2777777777777778,9.103174603174603,6.214285714285714,4.76984126984127,-1.4714285714285713,21.033809523809524,2.7277576790456526,2.7806916792555323,2.3715338653465547,1.0455339250621536,2.5032032626458833,2.791509433962264,10.004622641509433,5.284905660377359,5.302830188679247,4.928396226415094,3.3605412839557007,5.639056603773586,5.43,1.0,0.8412698412698413,0.041666666666666664,1.0,0.0,2.0,0.0,1.3042007001166862,7.501342281879195,164.32928821470247,-45.32928821470247,180.03221476510066,-61.03221476510066
player,40641,Jack Doyle,2021,1,8,8,78.0,262.0,31.357248951039377,130,115,15,7,3,15,11,118.0,118.0,0,0,0.8846153846153846,0.11538461538461539,0.13043478260869565,0.7333333333333333,1.0260869565217392,7.866666666666666,10.727272727272727,0.0,0.4434782608695652,0.45217391304347826,0.09565217391304348,0.008695652173913044,0.21739130434782608,0.6695652173913044,0.19130434782608696,0.7304347826086957,0.13043478260869565,0.25217391304347825,9.547826086956523,6.060869565217391,4.808695652173913,-1.6393913043478259,19.92365217391304,2.7602000138378426,3.0308460011290803,2.039464610937689,1.0852761195368266,2.65366009373967,2.8990476190476193,10.632666666666667,5.7424761904761885,5.985238095238094,4.146190476190476,3.52538123844177,5.818380952380952,3.7900000000000063,1.0,0.9130434782608695,0.06666666666666667,1.0,0.0,0.0,0.0,1.3042007001166862,7.501342281879195,149.9830805134189,-31.983080513418912,112.52013422818793,5.479865771812072
player,52523,Harrison Bryant,2021,1,8,8,77.0,240.0,23.38993956070282,77,71,6,5,3,13,9,117.0,117.0,0,0,0.922077922077922,0.07792207792207792,0.18309859154929578,0.6923076923076923,1.647887323943662,9.0,13.0,0.0,0.4647887323943662,0.2535211267605634,0.2112676056338028,0.07042253521126761,0.43661971830985913,0.15492957746478872,0.1267605633802817,0.8169014084507042,0.16901408450704225,0.14084507042253522,7.873239436619718,6.690140845070423,4.436619718309859,-1.8959154929577475,18.359295774647883,4.079192941448744,3.246897473551886,2.887328535690341,1.7001499993363038,3.2601983086609736,2.715873015873016,10.325555555555555,4.599047619047619,4.608730158730159,5.6761904761904765,3.608310339530419,6.192857142857144,,1.0,0.8873239436619719,0.0,0.0,1.0,0.0,0.0,1.3042007001166862,7.501342281879195,92.59824970828473,24.401750291715274,97.51744966442953,19.482550335570465
player,46189,Will Dissly,2021,1,8,8,76.0,267.0,25.180530743273305,126,96,30,2,8,10,8,114.0,114.0,0,0,0.7619047619047619,0.23809523809523808,0.10416666666666667,0.8,1.1875,11.4,14.25,0.0,0.34375,0.4791666666666667,0.14583333333333334,0.03125,0.28125,0.5208333333333334,0.17708333333333334,0.78125,0.11458333333333333,0.11458333333333333,8.364583333333334,5.895833333333333,4.802083333333333,-1.8067021276595743,19.357446808510637,3.5031144402218453,3.701045840947271,4.451286785403445,1.5248949774709797,3.1282640341567416,2.80625,11.467500000000001,6.537000000000001,6.609125000000001,4.1972499999999995,3.904032177370439,6.145250000000001,-0.6500000000000057,0.9791666666666666,0.8541666666666666,0.1,1.0,0.0,6.0,0.0,1.3042007001166862,7.501342281879195,125.20326721120188,-11.203267211201876,75.01342281879195,38.98657718120805
player,42033,Cameron Brate,2021,1,8,8,77.0,245.0,30.188162659055283,155,154,1,10,0,24,12,108.0,108.0,0,0,0.9935483870967742,0.0064516129032258064,0.15584415584415584,0.5,0.7012987012987013,4.5,9.0,0.0,0.33116883116883117,0.4155844155844156,0.2077922077922078,0.045454545454545456,0.12987012987012986,0.7012987012987013,0.35064935064935066,0.564935064935065,0.18831168831168832,0.2597402597402597,8.467532467532468,5.941558441558442,4.824675324675325,-1.6687012987012984,19.89785714285714,2.916330136279003,2.61031987392102,2.5808171988998905,1.0404413421064709,2.495562631706993,2.7448275862068967,10.728551724137931,6.143241379310345,6.272206896551724,4.457172413793104,3.7286147477764526,5.930413793103448,3.923333333333337,1.0,0.9415584415584416,0.125,1.0,0.0,0.0,0.0,1.3042007001166862,7.501342281879195,200.84690781796968,-92.84690781796968,180.03221476510066,-72.03221476510066
player,44831,O.J. Howard,2021,1,8,8,78.0,250.0,26.809585412431467,90,72,18,6,0,17,11,106.0,106.0,1,0,0.8,0.2,0.2361111111111111,0.6470588235294118,1.4722222222222223,6.235294117647059,9.636363636363637,0.013888888888888888,0.625,0.25,0.1111111111111111,0.013888888888888888,0.25,0.5694444444444444,0.4027777777777778,0.5416666666666666,0.20833333333333334,0.20833333333333334,8.125,6.333333333333333,4.763888888888889,-1.3597222222222218,20.648055555555555,2.4477177972472735,3.07484548894863,2.2859465607125804,1.1406966142039738,2.343520957551915,2.6753623188405795,10.071159420289856,5.1042028985507235,5.305652173913044,5.423043478260869,3.5579645104539166,5.752608695652174,4.083333333333329,1.0,0.9583333333333334,0.17647058823529413,3.0,1.0,1.0,1.0,1.3042007001166862,7.501342281879195,93.9024504084014,12.097549591598593,127.5228187919463,-21.522818791946307
player,41349,Logan Thomas,2021,1,4,4,78.0,250.0,30.20185219409023,93,87,6,4,0,12,10,105.0,105.0,2,0,0.9354838709677419,0.06451612903225806,0.13793103448275862,0.8333333333333334,1.206896551724138,8.75,10.5,0.022988505747126436,0.12643678160919541,0.7586206896551724,0.08045977011494253,0.034482758620689655,0.2413793103448276,0.6781609195402298,0.27586206896551724,0.6896551724137931,0.14942528735632185,0.3218390804597701,8.701149425287356,5.758620689655173,4.862068965517241,-1.4217241379310344,19.97137931034483,2.641519700068814,2.981950058822515,2.504371799400101,1.1846336987055373,2.751489400013477,2.8486486486486484,12.019864864864866,7.437027027027026,7.533243243243244,4.879324324324325,4.084198069210726,6.22945945945946,,1.0,0.8505747126436781,0.0,0.0,0.0,0.0,0.0,1.3042007001166862,7.501342281879195,113.4654609101517,-8.465460910151705,90.01610738255033,14.98389261744967
player,37118,Kyle Rudolph,2021,1,8,8,78.0,265.0,31.841858491276344,145,107,38,11,4,16,11,96.0,96.0,2,0,0.7379310344827587,0.2620689655172414,0.14953271028037382,0.6875,0.897196261682243,6.0,8.727272727272727,0.018691588785046728,0.308411214953271,0.5514018691588785,0.14018691588785046,0.0,0.27102803738317754,0.7009345794392523,0.2616822429906542,0.6074766355140186,0.19626168224299065,0.3177570093457944,8.785046728971963,5.990654205607477,4.654205607476635,-1.3563551401869156,18.534859813084108,2.79010793398882,2.657537958209302,3.564932617087672,1.1506549380275641,2.6280553002583957,2.840860215053764,10.142150537634409,6.091075268817205,6.10752688172043,4.220752688172044,3.4392562192794736,5.963978494623657,0.060000000000002274,1.0,0.8691588785046729,0.0625,1.0,0.0,2.0,1.0,1.3042007001166862,7.501342281879195,139.54947491248544,-43.54947491248544,120.02147651006712,-24.021476510067117
player,45339,Pharaoh Brown,2021,1,7,7,78.0,258.0,27.359904720836155,91,67,24,3,2,14,9,92.0,92.0,0,0,0.7362637362637363,0.26373626373626374,0.208955223880597,0.6428571428571429,1.373134328358209,6.571428571428571,10.222222222222221,0.0,0.7910447761194029,0.11940298507462686,0.05970149253731343,0.029850746268656716,0.2537313432835821,0.5223880597014925,0.23880597014925373,0.7313432835820896,0.1044776119402985,0.2537313432835821,8.835820895522389,6.432835820895522,4.641791044776119,-2.2528358208955224,21.89014925373134,3.246245756381648,3.565991169026422,1.3299143551875046,1.0973468208505208,2.829229829451082,2.7596774193548392,10.523387096774195,4.174677419354837,4.243548387096774,5.206935483870968,3.685959284821615,5.939838709677419,0.8500000000000014,1.0,0.9253731343283582,0.14285714285714285,1.0,0.0,1.0,0.0,1.3042007001166862,7.501342281879195,87.38144690781797,4.618553092182026,105.01879194630872,-13.018791946308724
player,45355,Anthony Firkser,2021,1,8,6,74.0,246.0,26.5631737818025,110,109,1,12,24,16,11,92.0,92.0,0,0,0.990909090909091,0.00909090909090909,0.14678899082568808,0.6875,0.8440366972477065,5.75,8.363636363636363,0.0,0.14678899082568808,0.5871559633027523,0.26605504587155965,0.0,0.08256880733944955,0.7522935779816514,0.41284403669724773,0.5137614678899083,0.1651376146788991,0.5596330275229358,7.935779816513762,5.853211009174312,4.724770642201835,-1.6477981651376146,20.268440366972467,2.7869447709814175,3.49219870477118,2.172473273588895,1.0512064032696324,2.5853488342253494,2.7163043478260867,10.022717391304347,3.9448913043478258,4.157934782608694,5.286086956521738,3.5567260676490644,5.866739130434781,3.453333333333338,1.0,0.8440366972477065,0.1875,0.0,0.0,0.0,0.0,1.3042007001166862,7.501342281879195,142.1578763127188,-50.1578763127188,120.02147651006712,-28.021476510067117
player,47920,Foster Moreau,2021,1,7,7,76.0,250.0,24.356420734169763,112,82,30,7,1,7,6,92.0,92.0,2,0,0.7321428571428571,0.26785714285714285,0.08536585365853659,0.8571428571428571,1.1219512195121952,13.142857142857142,15.333333333333334,0.024390243902439025,0.4634146341463415,0.1951219512195122,0.32926829268292684,0.012195121951219513,0.08536585365853659,0.7195121951219512,0.3170731707317073,0.6097560975609756,0.2073170731707317,0.24390243902439024,9.731707317073171,6.2926829268292686,4.817073170731708,-1.2051219512195122,19.690365853658538,2.3905358579250375,2.885063993863253,2.596039208038876,0.9886521908353709,2.4684657428067065,2.6776315789473686,10.715789473684211,6.311578947368421,6.358684210526317,5.332105263157896,3.85136219836508,6.064736842105264,,1.0,0.926829268292683,0.0,3.0,1.0,1.0,2.0,1.3042007001166862,7.501342281879195,106.94445740956827,-14.944457409568273,52.50939597315436,39.49060402684564
player,45532,Blake Jarwin,2021,1,8,7,77.0,260.0,27.15182378830503,111,101,10,3,7,15,10,90.0,90.0,2,0,0.9099099099099099,0.09009009009009009,0.1485148514851485,0.6666666666666666,0.8910891089108911,6.0,9.0,0.019801980198019802,0.42574257425742573,0.42574257425742573,0.1485148514851485,0.0,0.22772277227722773,0.594059405940594,0.2871287128712871,0.6237623762376238,0.18811881188118812,0.297029702970297,8.594059405940595,6.396039603960396,4.732673267326732,-1.509009900990099,19.646633663366334,2.8700570367918736,3.065939682107464,4.035978956143564,1.313689323884947,2.6389790368546984,2.820224719101123,11.251573033707865,6.768651685393258,6.801348314606741,4.8094382022471915,3.8539988325609125,6.048988764044944,3.700000000000003,1.0,0.8811881188118812,0.06666666666666667,0.0,0.0,0.0,0.0,1.3042007001166862,7.501342281879195,131.7242707117853,-41.724270711785294,112.52013422818793,-22.520134228187928
player,52526,Albert Okwuegbunam,2021,1,8,5,77.0,255.0,23.384463746688844,66,56,10,7,5,12,11,87.0,87.0,0,0,0.8484848484848485,0.15151515151515152,0.21428571428571427,0.9166666666666666,1.5535714285714286,7.25,7.909090909090909,0.0,0.7142857142857143,0.16071428571428573,0.10714285714285714,0.017857142857142856,0.375,0.5535714285714286,0.26785714285714285,0.6964285714285714,0.14285714285714285,0.2857142857142857,9.125,6.527272727272727,4.839285714285714,-1.5018181818181828,19.953214285714278,2.859218104343196,3.39706628112375,2.1303823636724784,1.0630981213412303,2.8433800437612424,3.03125,11.785833333333334,6.616808510638298,6.686595744680851,5.233958333333333,3.8019274354311414,6.3847916666666675,2.875,1.0,0.8571428571428571,0.16666666666666666,0.0,1.0,0.0,0.0,1.3042007001166862,7.501342281879195,73.03523920653443,13.964760793465572,90.01610738255033,-3.016107382550331
player,30842,Marcedes Lewis,2021,1,8,8,78.0,267.0,37.317672505253356,74,56,18,10,6,9,7,86.0,86.0,0,0,0.7567567567567568,0.24324324324324326,0.16071428571428573,0.7777777777777778,1.5357142857142858,9.555555555555555,12.285714285714286,0.0,0.8928571428571429,0.017857142857142856,0.08928571428571429,0.0,0.39285714285714285,0.30357142857142855,0.375,0.5892857142857143,0.16071428571428573,0.125,7.928571428571429,6.892857142857143,4.607142857142857,-1.5921428571428566,20.208035714285717,2.7359351863976604,3.619321818059516,,1.1131184241781502,2.466803207106266,2.7260000000000004,7.749200000000001,2.575799999999999,2.7094,4.5488,2.7913678820441463,5.1062,,1.0,0.8928571428571429,0.0,1.0,0.0,0.0,0.0,1.3042007001166862,7.501342281879195,73.03523920653443,12.964760793465572,67.51208053691275,18.487919463087252
player,52513,Adam Trautman,2021,1,8,7,78.0,253.0,24.60009445779174,142,114,28,8,4,15,7,80.0,80.0,0,0,0.8028169014084507,0.19718309859154928,0.13157894736842105,0.4666666666666667,0.7017543859649122,5.333333333333333,11.428571428571429,0.0,0.5087719298245614,0.3157894736842105,0.15789473684210525,0.017543859649122806,0.22807017543859648,0.5350877192982456,0.40350877192982454,0.5175438596491229,0.23684210526315788,0.2894736842105263,8.956140350877194,6.491228070175438,4.649122807017544,-1.16078947368421,20.183684210526316,2.4918997233636957,3.029620419103467,2.9023482388628414,1.0473182744075458,2.4874764270265017,2.9933333333333323,11.622111111111106,5.720333333333335,5.903,6.437333333333335,3.719346744580958,5.914111111111111,-3.1099999999999994,1.0,0.7894736842105263,0.06666666666666667,3.0,0.0,1.0,1.0,1.3042007001166862,7.501342281879195,148.67887981330222,-68.67887981330222,112.52013422818793,-32.52013422818793
player,53512,Tommy Tremble,2021,1,8,8,76.0,248.0,,104,93,11,6,2,14,8,72.0,72.0,1,0,0.8942307692307693,0.10576923076923077,0.15053763440860216,0.5714285714285714,0.7741935483870968,5.142857142857143,9.0,0.010752688172043012,0.46236559139784944,0.44086021505376344,0.0967741935483871,0.0,0.17204301075268819,0.6666666666666666,0.3010752688172043,0.6129032258064516,0.15053763440860216,0.3225806451612903,8.763440860215054,6.301075268817204,4.731182795698925,-1.6376344086021497,20.596129032258062,2.5879527096203687,2.9936545515670203,1.8222983063738132,1.2159529949914287,2.6870514868170434,3.097619047619047,13.286666666666665,7.115833333333335,7.166309523809523,6.68547619047619,4.094883080152496,6.495238095238094,5.560000000000002,1.0,0.9032258064516129,0.07142857142857142,0.0,0.0,0.0,1.0,1.3042007001166862,7.501342281879195,121.29066511085182,-49.29066511085182,105.01879194630872,-33.018791946308724
player,42516,James O'Shaughnessy,2021,1,2,2,76.0,245.0,29.66248451371349,34,34,0,6,0,8,7,72.0,72.0,0,0,1.0,0.0,0.23529411764705882,0.875,2.1176470588235294,9.0,10.285714285714286,0.0,0.20588235294117646,0.6470588235294118,0.11764705882352941,0.029411764705882353,0.14705882352941177,0.6176470588235294,0.058823529411764705,0.8823529411764706,0.08823529411764706,0.29411764705882354,9.235294117647058,5.735294117647059,4.823529411764706,-1.4817647058823524,18.954411764705885,2.9939033661778267,4.078865762845762,3.3320839335903742,1.4118310557080695,3.1335213104347783,2.696969696969697,9.962121212121213,5.774545454545456,5.867878787878789,4.319090909090909,3.531748419397418,5.925151515151515,5.57,1.0,0.9705882352941176,0.125,0.0,0.0,0.0,0.0,1.3042007001166862,7.501342281879195,44.342823803967335,27.657176196032665,60.01073825503356,11.989261744966441
player,40149,Ryan Griffin,2021,1,8,7,78.0,255.0,31.66937034983607,136,102,34,7,10,18,10,71.0,71.0,0,0,0.75,0.25,0.17647058823529413,0.5555555555555556,0.696078431372549,3.9444444444444446,7.1,0.0,0.5686274509803921,0.3431372549019608,0.0392156862745098,0.049019607843137254,0.18627450980392157,0.6764705882352942,0.30392156862745096,0.6666666666666666,0.0784313725490196,0.28431372549019607,8.588235294117647,6.186274509803922,4.784313725490196,-1.677128712871287,21.28475247524752,2.917322670188305,3.7819677338563027,1.9731733258695552,1.0478854144366334,2.93040986964916,3.094382022471909,12.578314606741573,6.313595505617979,6.429775280898877,6.16808988764045,3.848090590810596,6.081348314606742,5.184999999999999,0.9901960784313726,0.8823529411764706,0.1111111111111111,6.0,0.0,3.0,0.0,1.3042007001166862,7.501342281879195,133.028471411902,-62.02847141190199,135.0241610738255,-64.0241610738255
player,48456,Donald Parham,2021,1,8,7,80.0,237.0,24.074416312449948,88,67,21,8,4,8,6,70.0,70.0,2,0,0.7613636363636364,0.23863636363636365,0.11940298507462686,0.75,1.044776119402985,8.75,11.666666666666666,0.029850746268656716,0.6119402985074627,0.34328358208955223,0.04477611940298507,0.0,0.31343283582089554,0.4925373134328358,0.19402985074626866,0.7164179104477612,0.19402985074626866,0.16417910447761194,8.537313432835822,6.537313432835821,4.776119402985074,-1.3940298507462692,20.68089552238806,2.262494555414469,3.39867407513522,2.570505051354001,0.9489897991539811,2.432729896063935,2.872131147540984,11.293114754098358,6.504426229508195,6.5263934426229495,5.346393442622951,3.7138487981761306,6.242622950819673,,1.0,0.9104477611940298,0.0,1.0,0.0,0.0,1.0,1.3042007001166862,7.501342281879195,87.38144690781797,-17.381446907817974,60.01073825503356,9.989261744966441
player,42428,Tyler Kroft,2021,1,8,5,78.0,250.0,28.90956008679165,125,100,25,12,6,12,8,66.0,66.0,1,0,0.8,0.2,0.12,0.6666666666666666,0.66,5.5,8.25,0.01,0.59,0.24,0.12,0.05,0.2,0.62,0.33,0.61,0.11,0.32,8.57,6.35,4.69,-1.7040816326530612,20.937551020408165,2.896158998165236,3.644643635028291,5.700866344501923,1.1002619595620626,2.8215048491284596,2.955813953488372,11.97651162790698,5.245116279069768,5.37139534883721,6.919418604651162,3.8478765703766165,6.128720930232559,,0.98,0.88,0.0,3.0,1.0,1.0,0.0,1.3042007001166862,7.501342281879195,130.42007001166863,-64.42007001166863,90.01610738255033,-24.01610738255033
player,52942,Juwan Johnson,2021,1,8,7,76.0,231.0,24.997090973805076,57,56,1,4,0,12,6,60.0,60.0,3,0,0.9824561403508771,0.017543859649122806,0.21428571428571427,0.5,1.0714285714285714,5.0,10.0,0.05357142857142857,0.26785714285714285,0.5,0.23214285714285715,0.0,0.14285714285714285,0.6785714285714286,0.3392857142857143,0.6071428571428571,0.125,0.3392857142857143,8.553571428571429,6.267857142857143,4.696428571428571,-1.5037499999999997,18.99267857142857,3.1865462514863228,3.383711991254657,5.261349636737705,1.404084163153511,3.041117637572061,3.1041666666666665,14.605208333333332,9.994583333333335,9.994583333333335,5.897499999999998,4.413867766160917,6.705208333333334,,1.0,0.8571428571428571,0.0,0.0,0.0,0.0,0.0,1.3042007001166862,7.501342281879195,73.03523920653443,-13.035239206534428,90.01610738255033,-30.01610738255033
player,42503,Jesse James,2021,1,8,6,79.0,250.0,27.27502960361951,56,42,14,10,7,6,6,58.0,58.0,1,0,0.75,0.25,0.14285714285714285,1.0,1.380952380952381,9.666666666666666,9.666666666666666,0.023809523809523808,0.6666666666666666,0.16666666666666666,0.16666666666666666,0.0,0.3333333333333333,0.4523809523809524,0.2857142857142857,0.6904761904761905,0.11904761904761904,0.21428571428571427,9.952380952380953,6.404761904761905,4.833333333333333,-1.9999999999999996,19.873571428571424,3.617417401575903,3.7013339935196283,4.664137810591391,1.5324060454567114,3.3008653645006683,2.867741935483871,9.106451612903227,3.0687096774193554,3.116451612903227,5.243548387096775,3.047306706253088,5.66,,1.0,0.7380952380952381,0.0,0.0,0.0,2.0,0.0,1.3042007001166862,7.501342281879195,54.776429404900824,3.2235705950991758,45.008053691275165,12.991946308724835
player,47852,Josh Oliver,2021,1,7,7,77.0,250.0,24.482364456491236,56,56,0,5,3,12,7,58.0,58.0,0,0,1.0,0.0,0.21428571428571427,0.5833333333333334,1.0357142857142858,4.833333333333333,8.285714285714286,0.0,0.3392857142857143,0.5357142857142857,0.125,0.0,0.17857142857142858,0.6071428571428571,0.14285714285714285,0.8392857142857143,0.14285714285714285,0.21428571428571427,9.285714285714286,5.696428571428571,4.821428571428571,-1.4237499999999998,19.970892857142854,2.8976974146166015,3.664165046893983,5.1500883098124355,1.4343838502215944,3.287838724330194,3.361224489795918,13.91530612244898,8.381632653061224,8.528979591836736,5.564897959183674,3.9674580982852206,6.370816326530613,,1.0,0.875,0.0,0.0,0.0,0.0,0.0,1.3042007001166862,7.501342281879195,73.03523920653443,-15.035239206534428,90.01610738255033,-32.01610738255033
player,37234,Lee Smith,2021,1,8,7,78.0,265.0,33.81041362930108,59,27,32,2,2,8,8,53.0,53.0,1,0,0.4576271186440678,0.5423728813559322,0.2962962962962963,1.0,1.962962962962963,6.625,6.625,0.037037037037037035,0.8888888888888888,0.07407407407407407,0.037037037037037035,0.0,0.4444444444444444,0.2962962962962963,0.14814814814814814,0.7037037037037037,0.14814814814814814,0.14814814814814814,8.37037037037037,6.814814814814815,4.703703703703703,-1.4218518518518526,21.388148148148147,2.775748838311557,3.3776010602258912,3.356467827865251,1.2154736831333661,2.5820972632983534,2.914814814814815,8.90962962962963,3.3881481481481477,3.4474074074074075,5.220000000000001,2.875355538363483,5.042962962962964,2.207500000000003,1.0,1.0,0.5,0.0,0.0,2.0,1.0,1.3042007001166862,7.501342281879195,35.213418903150526,17.786581096849474,60.01073825503356,-7.010738255033559
player,46331,Ross Dwelley,2021,1,8,7,77.0,240.0,26.628883549970226,68,55,13,4,5,5,4,51.0,51.0,1,0,0.8088235294117647,0.19117647058823528,0.09090909090909091,0.8,0.9272727272727272,10.2,12.75,0.01818181818181818,0.43636363636363634,0.41818181818181815,0.12727272727272726,0.01818181818181818,0.3090909090909091,0.5272727272727272,0.2727272727272727,0.6545454545454545,0.10909090909090909,0.41818181818181815,8.436363636363636,6.254545454545455,4.6909090909090905,-1.7672222222222222,19.752407407407404,3.4699452881607566,3.4337758491055026,1.4526183256451137,1.2693712049495007,3.1218155701619796,2.9875000000000003,11.375,6.1831249999999995,6.243541666666665,4.595416666666666,3.7106417688927884,5.823333333333333,,0.9818181818181818,0.8909090909090909,0.0,0.0,2.0,1.0,0.0,1.3042007001166862,7.501342281879195,71.73103850641775,-20.731038506417747,37.506711409395976,13.493288590604024
player,42589,Geoff Swaim,2021,1,8,8,76.0,260.0,27.989623332443514,114,83,31,8,8,16,10,50.0,50.0,1,0,0.7280701754385965,0.2719298245614035,0.1927710843373494,0.625,0.6024096385542169,3.125,5.0,0.012048192771084338,0.6987951807228916,0.21686746987951808,0.060240963855421686,0.024096385542168676,0.3614457831325301,0.4939759036144578,0.27710843373493976,0.6626506024096386,0.2289156626506024,0.12048192771084337,9.36144578313253,6.626506024096385,4.746987951807229,-1.7131325301204818,21.47180722891566,2.678705798170835,2.9997161507411314,3.1889598933969143,0.9632280533896189,2.3804665845906383,2.777333333333333,10.179733333333335,4.514000000000001,4.586666666666668,5.516266666666667,3.533336356505172,5.7496,2.228,1.0,0.9036144578313253,0.3125,3.0,0.0,0.0,2.0,1.3042007001166862,7.501342281879195,108.24865810968495,-58.24865810968495,120.02147651006712,-70.02147651006712
player,41236,Eric Ebron,2021,1,6,6,76.0,253.0,28.424950546554687,110,106,4,8,2,12,7,47.0,47.0,0,0,0.9636363636363636,0.03636363636363636,0.11320754716981132,0.5833333333333334,0.44339622641509435,3.9166666666666665,6.714285714285714,0.0,0.7735849056603774,0.1792452830188679,0.04716981132075472,0.0,0.04716981132075472,0.7641509433962265,0.20754716981132076,0.7452830188679245,0.10377358490566038,0.4056603773584906,8.632075471698114,5.915094339622642,4.877358490566038,-1.7938679245283016,22.20716981132075,2.8179254833999243,2.765700333382642,3.2566904369703904,1.0900147228408814,2.6535642342431447,2.5106796116504855,9.608543689320388,5.629417475728155,5.655631067961165,4.037864077669902,3.6284199311487666,5.902718446601942,2.745000000000001,1.0,0.9716981132075472,0.16666666666666666,0.0,0.0,0.0,0.0,1.3042007001166862,7.501342281879195,138.24527421236874,-91.24527421236874,90.01610738255033,-43.01610738255033
player,47924,Zach Gentry,2021,1,8,7,80.0,265.0,25.00530469482604,39,25,14,3,1,5,3,47.0,47.0,0,0,0.6410256410256411,0.358974358974359,0.2,0.6,1.88,9.4,15.666666666666666,0.0,0.84,0.08,0.08,0.0,0.08,0.76,0.16,0.72,0.2,0.24,8.84,6.16,4.88,-1.6344000000000005,20.8088,2.576731217238111,3.578600112480447,4.0281810046138835,1.2317079461918399,2.588252576250154,2.4521739130434783,7.902173913043479,4.132173913043479,4.132173913043479,3.255652173913043,3.0236994511564093,5.146521739130435,,1.0,0.92,0.0,0.0,0.0,0.0,0.0,1.3042007001166862,7.501342281879195,32.60501750291716,14.394982497082843,37.506711409395976,9.493288590604024
player,44857,Adam Shaheen,2021,2,8,6,78.0,257.0,26.905412157676064,85,66,19,4,2,9,7,46.0,46.0,0,0,0.7764705882352941,0.2235294117647059,0.13636363636363635,0.7777777777777778,0.696969696969697,5.111111111111111,6.571428571428571,0.0,0.4090909090909091,0.48484848484848486,0.10606060606060606,0.0,0.22727272727272727,0.6818181818181818,0.24242424242424243,0.7272727272727273,0.15151515151515152,0.16666666666666666,8.484848484848484,5.9393939393939394,4.924242424242424,-1.8224615384615395,20.205230769230766,3.0929258665143418,3.8786143596823566,4.065508090732339,1.327632804616972,2.9444740927394295,2.6859649122807014,9.36,4.470000000000001,4.606491228070176,4.482807017543859,3.3141491237937006,5.646140350877193,,0.9848484848484849,0.8787878787878788,0.0,1.0,1.0,1.0,0.0,1.3042007001166862,7.501342281879195,86.0772462077013,-40.07724620770129,67.51208053691275,-21.512080536912748
player,43845,Stephen Anderson,2021,1,8,7,75.0,230.0,28.61660403704388,37,32,5,7,1,6,4,44.0,44.0,0,0,0.8648648648648649,0.13513513513513514,0.1875,0.6666666666666666,1.375,7.333333333333333,11.0,0.0,0.46875,0.09375,0.0,0.4375,0.65625,0.1875,0.21875,0.625,0.21875,0.0625,7.90625,7.125,4.53125,-3.1725000000000003,22.6028125,3.89001088223455,3.6502300898456457,3.1824310382793493,1.318276822912952,2.9809645744642683,2.8466666666666667,10.454333333333333,1.6156666666666661,1.747333333333333,7.029333333333333,3.5371862012115725,5.967,-0.28000000000000114,1.0,0.9375,0.16666666666666666,0.0,0.0,0.0,1.0,1.3042007001166862,7.501342281879195,41.73442240373396,2.2655775962660414,45.008053691275165,-1.0080536912751654
player,39907,Darren Fells,2021,1,7,7,79.0,270.0,35.39292387934044,58,47,11,4,2,5,4,43.0,43.0,0,0,0.8103448275862069,0.1896551724137931,0.10638297872340426,0.8,0.9148936170212766,8.6,10.75,0.0,0.48936170212765956,0.3617021276595745,0.14893617021276595,0.0,0.23404255319148937,0.6382978723404256,0.2127659574468085,0.7659574468085106,0.0851063829787234,0.2553191489361702,8.787234042553191,6.191489361702128,4.808510638297872,-1.4102127659574468,20.721489361702126,2.3541664482663385,3.212379015190209,3.113097260549748,0.8848584922058561,2.3776531788491644,2.670454545454545,9.092954545454544,4.871136363636364,4.884772727272727,4.456818181818181,3.2425714344608902,5.609545454545454,1.4099999999999966,1.0,0.9361702127659575,0.2,0.0,0.0,0.0,0.0,1.3042007001166862,7.501342281879195,61.29743290548425,-18.29743290548425,37.506711409395976,5.493288590604024
player,48683,Joe Fortson,2021,1,6,6,78.0,230.0,25.766442842768846,27,24,3,3,0,3,3,43.0,43.0,0,0,0.8888888888888888,0.1111111111111111,0.125,1.0,1.7916666666666667,14.333333333333334,14.333333333333334,0.0,0.4583333333333333,0.3333333333333333,0.20833333333333334,0.0,0.125,0.7916666666666666,0.20833333333333334,0.7083333333333334,0.25,0.20833333333333334,10.458333333333334,5.791666666666667,4.833333333333333,-1.3929166666666664,17.435416666666665,3.337374079155296,3.133128880142513,1.0347946656221216,1.6058042940312636,3.010637739966332,2.7952380952380955,12.369047619047619,7.315714285714286,7.352380952380954,5.1414285714285715,4.018918650328275,6.38857142857143,,1.0,0.875,0.0,0.0,0.0,0.0,0.0,1.3042007001166862,7.501342281879195,31.30081680280047,11.699183197199531,22.504026845637583,20.495973154362417
player,52598,Charlie Woerner,2021,1,8,7,77.0,245.0,23.90740398502365,45,35,10,4,3,5,4,41.0,41.0,0,0,0.7777777777777778,0.2222222222222222,0.14285714285714285,0.8,1.1714285714285715,8.2,10.25,0.0,0.7428571428571429,0.2,0.05714285714285714,0.0,0.3142857142857143,0.37142857142857144,0.22857142857142856,0.7142857142857143,0.11428571428571428,0.2,10.17142857142857,6.3428571428571425,4.857142857142857,-1.7265714285714275,21.56885714285714,2.81501761825376,2.754332496887003,2.7852131180244926,1.0507005994841019,2.59862108080446,3.3121212121212116,12.906666666666666,7.137878787878789,7.231818181818183,5.892727272727273,3.705445256394851,5.955757575757575,,1.0,0.9428571428571428,0.0,1.0,0.0,0.0,0.0,1.3042007001166862,7.501342281879195,45.647024504084015,-4.6470245040840155,37.506711409395976,3.493288590604024
player,42302,Chris Manhertz,2021,1,8,7,78.0,255.0,29.42428660410549,57,33,24,3,4,4,3,40.0,40.0,1,0,0.5789473684210527,0.42105263157894735,0.12121212121212122,0.75,1.2121212121212122,10.0,13.333333333333334,0.030303030303030304,0.6666666666666666,0.18181818181818182,0.12121212121212122,0.030303030303030304,0.36363636363636365,0.45454545454545453,0.24242424242424243,0.7272727272727273,0.06060606060606061,0.21212121212121213,9.181818181818182,6.484848484848484,4.848484848484849,-1.579090909090909,20.415454545454548,2.5637391756393986,3.9060249417442665,5.1209081225891975,0.8740952470814037,2.510995214030494,3.0892857142857144,10.102857142857143,3.723214285714287,3.868214285714287,5.4575000000000005,3.2234602297136044,5.722142857142857,,1.0,0.8484848484848485,0.0,0.0,0.0,1.0,0.0,1.3042007001166862,7.501342281879195,43.03862310385065,-3.0386231038506466,30.00536912751678,9.99463087248322
player,44987,Eric Saubert,2021,1,8,8,77.0,253.0,27.36811844185712,65,49,16,6,4,9,6,40.0,40.0,0,0,0.7538461538461538,0.24615384615384617,0.1836734693877551,0.6666666666666666,0.8163265306122449,4.444444444444445,6.666666666666667,0.0,0.673469387755102,0.24489795918367346,0.04081632653061224,0.04081632653061224,0.30612244897959184,0.5714285714285714,0.14285714285714285,0.7959183673469388,0.16326530612244897,0.12244897959183673,8.489795918367347,6.346938775510204,4.877551020408164,-1.4197959183673474,20.67673469387755,2.580880428831944,3.475785936969412,,1.1124215127270325,2.8870724880587297,2.84390243902439,10.150731707317073,4.73170731707317,4.798536585365854,5.327804878048781,3.4694653133865456,5.860487804878049,,1.0,0.8367346938775511,0.0,0.0,0.0,1.0,0.0,1.3042007001166862,7.501342281879195,63.905834305717626,-23.905834305717626,67.51208053691275,-27.512080536912748
player,53574,Luke Farrell,2021,1,8,7,78.0,258.0,,50,45,5,3,2,6,5,39.0,39.0,0,0,0.9,0.1,0.13333333333333333,0.8333333333333334,0.8666666666666667,6.5,7.8,0.0,0.4222222222222222,0.4666666666666667,0.06666666666666667,0.044444444444444446,0.3111111111111111,0.7111111111111111,0.24444444444444444,0.6888888888888889,0.13333333333333333,0.2222222222222222,8.444444444444445,6.088888888888889,4.844444444444444,-1.7424999999999997,20.229318181818183,3.165151056462813,3.5080655239651537,5.183142981185059,1.0799540717859637,2.913315986577686,3.2095238095238097,12.650476190476192,6.784285714285716,6.8259523809523825,5.442619047619046,3.866631797574496,6.339047619047621,,0.9777777777777777,0.9555555555555556,0.0,0.0,0.0,0.0,0.0,1.3042007001166862,7.501342281879195,58.68903150525088,-19.68903150525088,45.008053691275165,-6.008053691275165
player,48011,Tommy Sweeney,2021,2,8,6,77.0,251.0,26.220935405928937,44,36,8,6,2,8,7,34.0,34.0,1,0,0.8181818181818182,0.18181818181818182,0.2222222222222222,0.875,0.9444444444444444,4.25,4.857142857142857,0.027777777777777776,0.4166666666666667,0.3611111111111111,0.1111111111111111,0.1111111111111111,0.2777777777777778,0.6111111111111112,0.3611111111111111,0.5833333333333334,0.1388888888888889,0.25,9.472222222222221,6.472222222222222,4.833333333333333,-1.6425714285714281,20.418571428571425,3.33309917559274,3.530952790284766,1.6733499335165938,1.2048724359067318,3.064115257900886,3.0500000000000003,11.591875,4.696875000000002,4.704062500000001,7.451250000000002,3.6543923122711894,6.210625,,0.9722222222222222,0.8888888888888888,0.0,0.0,0.0,1.0,0.0,1.3042007001166862,7.501342281879195,46.9512252042007,-12.951225204200703,60.01073825503356,-26.01073825503356
player,47959,Kaden Smith,2021,1,8,8,77.0,252.0,24.386537711246635,66,41,25,8,3,3,3,33.0,33.0,0,0,0.6212121212121212,0.3787878787878788,0.07317073170731707,1.0,0.8048780487804879,11.0,11.0,0.0,0.6585365853658537,0.2926829268292683,0.0,0.04878048780487805,0.5121951219512195,0.6341463414634146,0.17073170731707318,0.7560975609756098,0.14634146341463414,0.14634146341463414,8.463414634146341,6.2926829268292686,4.560975609756097,-1.9387804878048789,21.201463414634148,2.829478075548933,3.240972592577295,5.820681668168032,0.8672770096395912,2.51876286518117,3.177777777777778,10.793333333333333,3.887777777777778,3.9311111111111123,6.540277777777778,3.368452790520146,5.788333333333333,4.25,1.0,0.8780487804878049,0.3333333333333333,0.0,0.0,3.0,0.0,1.3042007001166862,7.501342281879195,53.472228704784136,-20.472228704784136,22.504026845637583,10.495973154362417
player,53576,Brevin Jordan,2021,8,8,1,75.0,245.0,,10,9,1,0,0,3,2,32.0,32.0,1,0,0.9,0.1,0.3333333333333333,0.6666666666666666,3.5555555555555554,10.666666666666666,16.0,0.1111111111111111,0.8888888888888888,0.1111111111111111,0.0,0.0,0.0,1.0,0.0,1.0,0.1111111111111111,0.0,8.555555555555555,6.0,4.777777777777778,-1.9411111111111126,21.054444444444446,2.965128988888524,3.8837309794456707,,1.4094015037649361,2.9878283534192525,2.5444444444444447,10.27222222222222,5.879999999999997,5.8811111111111085,3.8777777777777778,3.9391992942458063,6.403333333333334,,1.0,1.0,0.0,0.0,0.0,0.0,0.0,1.3042007001166862,7.501342281879195,11.737806301050176,20.262193698949822,22.504026845637583,9.495973154362417
player,44075,Garrett Griffin,2021,1,8,7,76.0,240.0,27.526917048262455,47,32,15,1,3,3,3,30.0,30.0,0,0,0.6808510638297872,0.3191489361702128,0.09375,1.0,0.9375,10.0,10.0,0.0,0.625,0.125,0.1875,0.0625,0.4375,0.34375,0.25,0.625,0.28125,0.15625,8.0625,7.0,4.53125,-1.865000000000002,19.335625,3.279671165447188,3.7246702971316132,3.2819997401302476,1.5219894738754558,2.992942206081655,2.96,10.007200000000001,3.6912000000000003,3.7932000000000006,5.454400000000001,3.3438657642893803,5.7176,,1.0,0.78125,0.0,1.0,1.0,0.0,0.0,1.3042007001166862,7.501342281879195,41.73442240373396,-11.734422403733959,22.504026845637583,7.495973154362417
player,53065,Tommy Hudson,2021,2,4,3,77.0,255.0,24.572715387721857,18,13,5,3,5,4,2,28.0,28.0,0,0,0.7222222222222222,0.2777777777777778,0.3076923076923077,0.5,2.1538461538461537,7.0,14.0,0.0,0.3076923076923077,0.15384615384615385,0.5384615384615384,0.0,0.15384615384615385,0.8461538461538461,0.23076923076923078,0.6923076923076923,0.3076923076923077,0.6923076923076923,9.461538461538462,5.615384615384615,4.923076923076923,-1.8907692307692316,20.548461538461535,3.054851282504524,4.761306467118101,5.126402247190524,0.9822433835237363,2.961577106146102,2.9000000000000004,9.24,-0.865833333333334,0.8249999999999993,5.411666666666665,3.165242102436277,5.37,-2.0600000000000023,1.0,0.9230769230769231,0.25,0.0,0.0,0.0,0.0,1.3042007001166862,7.501342281879195,16.954609101516922,11.045390898483078,30.00536912751678,-2.0053691275167793
player,45281,Jacob Hollister,2021,3,6,4,76.0,245.0,27.855465889101076,38,36,2,1,0,7,4,21.0,21.0,1,0,0.9473684210526315,0.05263157894736842,0.19444444444444445,0.5714285714285714,0.5833333333333334,3.0,5.25,0.027777777777777776,0.16666666666666666,0.6388888888888888,0.08333333333333333,0.1111111111111111,0.2222222222222222,0.7222222222222222,0.2222222222222222,0.6666666666666666,0.2777777777777778,0.3611111111111111,8.222222222222221,5.916666666666667,4.638888888888889,-1.7662857142857153,20.143142857142852,3.101688243638326,3.3669288605506185,1.1469088891450725,1.3429716478312264,3.1151596047728827,3.1062499999999997,12.530624999999999,7.025937499999998,7.067812499999999,5.270312499999999,3.9270074631435437,6.324375000000001,,0.9722222222222222,0.9166666666666666,0.0,0.0,0.0,0.0,0.0,1.3042007001166862,7.501342281879195,46.9512252042007,-25.951225204200703,52.50939597315436,-31.509395973154362
player,45217,Cethan Carter,2021,1,6,5,75.0,248.0,26.021068194418778,15,12,3,0,0,2,2,16.0,16.0,0,0,0.8,0.2,0.16666666666666666,1.0,1.3333333333333333,8.0,8.0,0.0,0.25,0.4166666666666667,0.3333333333333333,0.0,0.4166666666666667,0.75,0.16666666666666666,0.75,0.08333333333333333,0.16666666666666666,8.0,6.5,4.5,-2.0041666666666633,20.06833333333333,3.6659244891551173,3.2058120629639295,4.745102738613783,1.3888168159725083,3.0343530290725993,3.255555555555555,16.021111111111114,10.29666666666667,10.29666666666667,6.633333333333332,4.496366259611469,6.738888888888891,,1.0,0.75,0.0,0.0,0.0,0.0,0.0,1.3042007001166862,7.501342281879195,15.650408401400234,0.3495915985997655,15.00268456375839,0.9973154362416103
player,39109,Derek Carrier,2021,1,4,4,75.0,240.0,31.138216390480295,16,15,1,2,0,2,2,13.0,13.0,0,0,0.9375,0.0625,0.13333333333333333,1.0,0.8666666666666667,6.5,6.5,0.0,0.6666666666666666,0.0,0.3333333333333333,0.0,0.06666666666666667,0.4,0.4666666666666667,0.4666666666666667,0.2,0.06666666666666667,9.666666666666666,6.866666666666666,4.8,-1.386666666666666,17.422666666666668,3.0622312991433924,2.807034849359132,,1.418379038855053,2.84891022497465,2.673333333333333,10.097999999999997,6.095333333333332,6.133333333333334,5.129999999999999,3.6336794384076674,6.326666666666666,,1.0,1.0,0.0,0.0,0.0,0.0,0.0,1.3042007001166862,7.501342281879195,19.56301050175029,-6.563010501750291,15.00268456375839,-2.0026845637583897
player,45321,Antony Auclair,2021,1,8,8,78.0,256.0,28.293531010219237,38,16,22,2,2,1,1,11.0,11.0,1,0,0.42105263157894735,0.5789473684210527,0.0625,1.0,0.6875,11.0,11.0,0.0625,0.6875,0.0,0.0625,0.25,0.5625,0.4375,0.25,0.75,0.125,0.375,6.9375,7.1875,4.375,-2.4587500000000007,21.947499999999998,3.510174364069747,2.8989517516899355,3.514000569151919,1.1250506818395265,2.5978295117053056,2.7249999999999996,9.685625,3.590000000000002,3.635000000000002,5.30875,3.372439777942435,5.594374999999999,,1.0,1.0,0.0,1.0,0.0,0.0,1.0,1.3042007001166862,7.501342281879195,20.86721120186698,-9.86721120186698,7.501342281879195,3.498657718120805
player,35534,Jimmy Graham,2021,1,6,6,79.0,265.0,34.80153596583092,46,42,4,4,1,3,1,11.0,11.0,0,0,0.9130434782608695,0.08695652173913043,0.07142857142857142,0.3333333333333333,0.2619047619047619,3.6666666666666665,11.0,0.0,0.2619047619047619,0.42857142857142855,0.2857142857142857,0.023809523809523808,0.21428571428571427,0.6904761904761905,0.19047619047619047,0.6666666666666666,0.23809523809523808,0.4523809523809524,9.69047619047619,5.738095238095238,4.761904761904762,-1.6085365853658549,18.512926829268288,3.6569672139797365,2.7557085162516994,3.4065818645674737,1.2820393317440144,3.236808201087576,3.0166666666666666,13.123666666666667,7.769333333333333,7.802333333333333,6.0329999999999995,4.056693410308132,6.4896666666666665,,0.9761904761904762,0.7380952380952381,0.0,0.0,0.0,0.0,0.0,1.3042007001166862,7.501342281879195,54.776429404900824,-43.776429404900824,22.504026845637583,-11.504026845637583
player,53553,John Bates,2021,2,8,6,78.0,256.0,,26,19,7,3,0,2,2,11.0,11.0,0,0,0.7307692307692307,0.2692307692307692,0.10526315789473684,1.0,0.5789473684210527,5.5,5.5,0.0,0.6842105263157895,0.2631578947368421,0.0,0.05263157894736842,0.6842105263157895,0.42105263157894735,0.3684210526315789,0.631578947368421,0.05263157894736842,0.0,9.947368421052632,6.842105263157895,4.7894736842105265,-1.3784210526315792,21.852631578947367,2.400222434011508,3.022374918702944,,0.8934385588713255,2.1653213091854613,3.1374999999999997,13.798750000000002,7.930000000000001,7.930000000000001,6.981875,4.21940318392218,6.435625,,1.0,0.8421052631578947,0.0,0.0,0.0,1.0,0.0,1.3042007001166862,7.501342281879195,24.779813302217036,-13.779813302217036,15.00268456375839,-4.00268456375839
player,46176,Christopher Herndon,2021,1,8,7,76.0,252.0,25.55288609622374,28,26,2,3,0,4,2,9.0,9.0,1,0,0.9285714285714286,0.07142857142857142,0.15384615384615385,0.5,0.34615384615384615,2.25,4.5,0.038461538461538464,0.6923076923076923,0.19230769230769232,0.11538461538461539,0.0,0.2692307692307692,0.07692307692307693,0.038461538461538464,0.8461538461538461,0.19230769230769232,0.11538461538461539,9.576923076923077,6.423076923076923,4.730769230769231,-1.9769230769230763,20.706923076923072,3.4737784508622793,3.6701768142409175,,1.4925572996853271,3.0636776724337134,2.5416666666666665,10.247916666666667,4.327083333333334,4.368333333333335,6.35125,3.84596931409749,6.365833333333334,,1.0,0.9230769230769231,0.0,0.0,0.0,0.0,0.0,1.3042007001166862,7.501342281879195,33.909218203033845,-24.909218203033845,30.00536912751678,-21.00536912751678
player,53591,Noah Gray,2021,1,8,6,76.0,240.0,,40,33,7,1,0,3,2,9.0,9.0,0,0,0.825,0.175,0.09090909090909091,0.6666666666666666,0.2727272727272727,3.0,4.5,0.0,0.24242424242424243,0.48484848484848486,0.2727272727272727,0.0,0.24242424242424243,0.6060606060606061,0.3333333333333333,0.6666666666666666,0.18181818181818182,0.18181818181818182,9.0,5.636363636363637,4.696969696969697,-1.3936363636363636,19.250303030303026,2.598418579798137,3.2801203557834318,4.3665217526993825,1.3589773019111122,2.6357846092100137,2.8279999999999994,10.000399999999999,4.881200000000001,5.1668,4.5104,3.316922432952119,5.8252,0.020000000000003126,1.0,0.7575757575757576,0.6666666666666666,0.0,0.0,0.0,0.0,1.3042007001166862,7.501342281879195,43.03862310385065,-34.03862310385065,22.504026845637583,-13.504026845637583
player,45094,Johnny Mundt,2021,1,6,5,76.0,232.0,26.80410959841749,31,24,7,1,1,1,1,9.0,9.0,0,0,0.7741935483870968,0.22580645161290322,0.041666666666666664,1.0,0.375,9.0,9.0,0.0,0.5833333333333334,0.25,0.16666666666666666,0.0,0.125,0.4583333333333333,0.25,0.7083333333333334,0.16666666666666666,0.125,9.125,5.875,4.708333333333333,-1.5487500000000003,17.867916666666666,3.279391611239324,3.078540524125547,,1.3934970240682591,3.036935389041602,3.1291666666666664,12.48625,5.007499999999999,5.11,7.377083333333334,3.8752194547761754,6.53375,,1.0,1.0,0.0,0.0,0.0,0.0,0.0,1.3042007001166862,7.501342281879195,31.30081680280047,-22.30081680280047,7.501342281879195,1.4986577181208052
player,37179,Luke Stocker,2021,6,8,2,77.0,253.0,33.25188059987543,9,4,5,1,1,1,1,7.0,7.0,0,0,0.4444444444444444,0.5555555555555556,0.25,1.0,1.75,7.0,7.0,0.0,0.75,0.25,0.0,0.0,0.75,0.0,0.0,1.0,0.0,0.0,9.25,7.5,5.0,-1.3125000000000018,23.28,2.070267495520586,3.23771582507368,,1.1213189169371007,2.424533116560359,3.0999999999999996,9.057500000000001,2.9175000000000004,2.995000000000001,4.700000000000001,2.9366898148148146,5.4575,,1.0,1.0,0.0,0.0,0.0,0.0,0.0,1.3042007001166862,7.501342281879195,5.216802800466745,1.7831971995332552,7.501342281879195,-0.5013422818791948
player,47835,Drew Sample,2021,1,8,8,76.0,259.0,25.40777702485335,58,39,19,2,2,4,1,6.0,6.0,0,0,0.6724137931034483,0.3275862068965517,0.10256410256410256,0.25,0.15384615384615385,1.5,6.0,0.0,0.717948717948718,0.10256410256410256,0.1794871794871795,0.0,0.41025641025641024,0.48717948717948717,0.1794871794871795,0.7692307692307693,0.1282051282051282,0.07692307692307693,7.769230769230769,6.384615384615385,4.769230769230769,-1.6284615384615382,18.997435897435896,3.007579883854595,2.948755657970183,,1.43309651482908,2.7988006308641302,2.873684210526316,10.289210526315788,4.541578947368423,4.6731578947368435,4.8413157894736845,3.3306225412710537,5.519210526315789,,1.0,0.9743589743589743,0.0,1.0,0.0,2.0,1.0,1.3042007001166862,7.501342281879195,50.86382730455076,-44.86382730455076,30.00536912751678,-24.00536912751678
player,42460,Blake Bell,2021,1,8,7,78.0,252.0,30.10054963483165,40,23,17,7,4,2,1,4.0,4.0,0,0,0.575,0.425,0.08695652173913043,0.5,0.17391304347826086,2.0,4.0,0.0,0.8260869565217391,0.17391304347826086,0.0,0.0,0.7391304347826086,0.5652173913043478,0.2608695652173913,0.7391304347826086,0.17391304347826086,0.13043478260869565,8.826086956521738,6.130434782608695,4.782608695652174,-1.7217391304347813,20.711739130434783,2.746678081507516,4.031362232458406,3.166244221800063,0.9769640700014375,2.872461603159255,3.560869565217391,12.361739130434783,3.8717391304347832,3.978695652173913,7.474782608695653,3.404678749018302,5.779565217391305,,1.0,1.0,0.0,0.0,0.0,1.0,0.0,1.3042007001166862,7.501342281879195,29.99661610268378,-25.99661610268378,15.00268456375839,-11.00268456375839
player,52502,Josiah Deguara,2021,1,8,7,75.0,240.0,24.575453294728845,31,25,6,4,1,1,1,4.0,4.0,0,0,0.8064516129032258,0.1935483870967742,0.04,1.0,0.16,4.0,4.0,0.0,0.24,0.4,0.2,0.16,0.2,0.48,0.36,0.52,0.16,0.2,8.44,6.68,4.84,-2.296000000000001,19.401199999999996,3.8073114531378183,2.415976692793976,,1.3121187879482776,3.1406776444249385,3.027272727272728,12.196363636363634,3.6990909090909097,3.8281818181818186,7.719999999999999,3.8207307913553596,6.208636363636364,,1.0,0.88,0.0,1.0,0.0,0.0,0.0,1.3042007001166862,7.501342281879195,32.60501750291716,-28.605017502917157,7.501342281879195,-3.501342281879195
player,48700,Jesper Horsted,2021,5,7,2,75.0,237.0,24.61652189983367,3,3,0,0,0,2,1,2.0,2.0,1,0,1.0,0.0,0.6666666666666666,0.5,0.6666666666666666,1.0,2.0,0.3333333333333333,0.0,0.0,1.0,0.0,0.6666666666666666,0.6666666666666666,0.0,0.3333333333333333,0.6666666666666666,0.3333333333333333,7.333333333333333,6.0,4.333333333333333,-1.0,11.57333333333333,2.8018159027607723,1.3459597519724733,,1.1897604136477165,2.1637697722306806,2.6666666666666665,12.13,9.446666666666667,9.446666666666667,4.136666666666667,4.354833589349718,6.953333333333333,,1.0,1.0,0.0,0.0,0.0,0.0,0.0,1.3042007001166862,7.501342281879195,3.9126021003500586,-1.9126021003500586,15.00268456375839,-13.00268456375839
player,52541,Colby Parkinson,2021,4,8,5,79.0,251.0,22.735579786032567,36,28,8,1,2,1,1,1.0,1.0,0,0,0.7777777777777778,0.2222222222222222,0.03571428571428571,1.0,0.03571428571428571,1.0,1.0,0.0,0.2857142857142857,0.2857142857142857,0.42857142857142855,0.0,0.14285714285714285,0.5714285714285714,0.32142857142857145,0.6428571428571429,0.14285714285714285,0.2857142857142857,8.464285714285714,6.0,4.678571428571429,-1.516666666666666,16.44185185185185,4.259535563383103,3.204544284507073,6.830812543175226,1.7198124607644505,3.480886835892036,2.7636363636363637,10.103181818181818,5.083181818181818,5.215454545454546,4.815,3.4934759796496477,5.698636363636364,,0.9642857142857143,0.8214285714285714,0.0,0.0,0.0,0.0,0.0,1.3042007001166862,7.501342281879195,36.517619603267214,-35.517619603267214,7.501342281879195,-6.501342281879195
player,48723,Parker Hesse,2021,1,2,1,75.0,261.0,26.300334709131604,3,3,0,0,0,1,0,0.0,0.0,0,0,1.0,0.0,0.3333333333333333,0.0,0.0,0.0,,0.0,0.3333333333333333,0.3333333333333333,0.3333333333333333,0.0,0.3333333333333333,0.3333333333333333,0.3333333333333333,0.6666666666666666,0.3333333333333333,0.3333333333333333,9.0,6.333333333333333,4.333333333333333,-1.620000000000002,15.969999999999999,3.9836199665894028,3.5494023224748297,0.8000624975587817,0.9080136281087423,2.8998337768619664,2.3000000000000003,9.733333333333334,4.9600000000000035,4.9600000000000035,4.8,4.1313509316770185,6.47,,1.0,1.0,0.0,0.0,0.0,0.0,0.0,1.3042007001166862,7.501342281879195,3.9126021003500586,-3.9126021003500586,7.501342281879195,-7.501342281879195
player,47840,J.J. Arcega-Whiteside,2021,1,7,7,74.0,225.0,24.698659110043327,18,14,4,3,1,0,0,0.0,0.0,0,0,0.7777777777777778,0.2222222222222222,0.0,,0.0,,,0.0,0.14285714285714285,0.6428571428571429,0.21428571428571427,0.0,0.5714285714285714,0.8571428571428571,0.14285714285714285,0.8571428571428571,0.07142857142857142,0.07142857142857142,8.071428571428571,6.357142857142857,4.928571428571429,-1.739285714285714,19.68285714285714,4.710317152709743,2.8624611076795583,2.5597265478952975,1.5013824071718809,3.301348529170481,2.91,11.497,5.564000000000001,5.594000000000002,4.861000000000001,3.7575394586652093,6.242000000000001,,1.0,0.7142857142857143,,0.0,0.0,1.0,0.0,1.3042007001166862,7.501342281879195,18.258809801633607,-18.258809801633607,0.0,0.0
player,53946,Jack Stoll,2021,1,8,8,76.0,260.0,,29,20,9,2,2,0,0,0.0,0.0,0,0,0.6896551724137931,0.3103448275862069,0.0,,0.0,,,0.0,0.75,0.1,0.15,0.0,0.5,0.7,0.1,0.85,0.25,0.15,8.35,6.15,4.95,-2.1369999999999996,19.207500000000003,4.1091418663693675,3.1591623238439634,,1.853990258804874,3.648682173380962,3.4466666666666663,13.563999999999998,6.1119999999999965,6.127333333333331,8.048,3.743568077160118,6.399333333333334,,1.0,0.75,,0.0,0.0,0.0,0.0,1.3042007001166862,7.501342281879195,26.084014002333724,-26.084014002333724,0.0,0.0
player,47904,Trevon Wesco,2021,1,7,6,75.0,267.0,26.001902845369855,31,23,8,4,0,2,0,0.0,0.0,0,0,0.7419354838709677,0.25806451612903225,0.08695652173913043,0.0,0.0,0.0,,0.0,0.43478260869565216,0.0,0.17391304347826086,0.391304347826087,0.43478260869565216,0.43478260869565216,0.34782608695652173,0.6521739130434783,0.043478260869565216,0.13043478260869565,8.434782608695652,6.869565217391305,4.565217391304348,-2.771363636363636,21.242727272727276,4.680073255195736,4.143293603718069,0.7990619500389209,1.4739324854870792,3.6686109234732567,3.53,13.007499999999999,5.0954999999999995,5.1495,6.140000000000001,3.523601625760874,5.877000000000001,,0.9565217391304348,0.9130434782608695,0.0,0.0,0.0,2.0,0.0,1.3042007001166862,7.501342281879195,29.99661610268378,-29.99661610268378,15.00268456375839,-15.00268456375839
player,45594,Colin Thompson,2021,1,8,7,76.0,255.0,27.74321170181455,16,7,9,0,0,1,0,0.0,0.0,0,0,0.4375,0.5625,0.14285714285714285,0.0,0.0,0.0,,0.0,0.8571428571428571,0.0,0.14285714285714285,0.0,0.42857142857142855,0.14285714285714285,0.2857142857142857,0.42857142857142855,0.2857142857142857,0.14285714285714285,6.857142857142857,7.142857142857143,4.714285714285714,-1.955714285714284,21.267142857142858,2.696745278830316,2.845603994512349,1.4207744367069617,1.109062824063452,2.2854253110695764,3.0714285714285716,10.341428571428574,2.358571428571428,2.3614285714285708,4.954285714285715,3.414097108808527,5.565714285714286,,1.0,1.0,0.0,0.0,1.0,1.0,0.0,1.3042007001166862,7.501342281879195,9.129404900816803,-9.129404900816803,7.501342281879195,-7.501342281879195
player,52673,Mitchell Wilcox,2021,1,8,6,76.0,245.0,24.846506088420707,8,7,1,0,0,0,0,0.0,0.0,0,0,0.875,0.125,0.0,,0.0,,,0.0,0.5714285714285714,0.14285714285714285,0.2857142857142857,0.0,0.5714285714285714,0.0,0.5714285714285714,0.42857142857142855,0.2857142857142857,0.2857142857142857,5.714285714285714,7.142857142857143,4.285714285714286,-1.447142857142855,18.011428571428564,3.262218917129441,1.440699425160498,,0.9964377372365057,2.5695755579317483,2.7142857142857144,10.247142857142856,3.9942857142857133,3.9942857142857133,6.844285714285713,3.5269897155034267,5.9957142857142856,,1.0,1.0,,0.0,0.0,0.0,0.0,1.3042007001166862,7.501342281879195,9.129404900816803,-9.129404900816803,0.0,0.0
player,53556,Kylen Granson,2021,1,8,8,75.0,235.0,,39,36,3,1,1,2,0,0.0,0.0,0,0,0.9230769230769231,0.07692307692307693,0.05555555555555555,0.0,0.0,0.0,,0.0,0.3333333333333333,0.4722222222222222,0.19444444444444445,0.0,0.25,0.7222222222222222,0.4444444444444444,0.4722222222222222,0.1111111111111111,0.4444444444444444,8.0,6.111111111111111,4.694444444444445,-1.470833333333334,18.408055555555556,2.83286986513661,2.977057194972161,6.276320578173171,1.0582711017469875,2.507060382408375,3.16551724137931,12.638275862068964,7.093793103448275,7.12448275862069,5.688275862068965,3.6492282270078906,6.221724137931034,,1.0,0.8055555555555556,0.0,0.0,0.0,0.0,0.0,1.3042007001166862,7.501342281879195,46.9512252042007,-46.9512252042007,15.00268456375839,-15.00268456375839
player,52962,Tyler Mabry,2021,1,4,3,76.0,248.0,24.808175390322866,6,4,2,1,0,0,0,0.0,0.0,0,0,0.6666666666666666,0.3333333333333333,0.0,,0.0,,,0.0,0.5,0.25,0.25,0.0,0.5,0.25,0.0,0.75,0.25,0.0,9.25,6.5,5.0,-1.5525000000000002,20.58,4.001042255388739,4.034372418114851,,1.1786091371441134,3.314342759424065,2.433333333333333,8.256666666666666,5.010000000000001,5.010000000000001,4.27,3.399805555555556,5.9433333333333325,,1.0,0.75,,0.0,0.0,0.0,0.0,1.3042007001166862,7.501342281879195,5.216802800466745,-5.216802800466745,0.0,0.0
player,40615,Demetrius Harris,2021,1,8,7,79.0,230.0,30.12519079789455,41,30,11,1,0,3,0,0.0,0.0,0,0,0.7317073170731707,0.2682926829268293,0.1,0.0,0.0,0.0,,0.0,0.5666666666666667,0.26666666666666666,0.03333333333333333,0.13333333333333333,0.4666666666666667,0.6333333333333333,0.26666666666666666,0.6666666666666666,0.13333333333333333,0.13333333333333333,8.9,6.466666666666667,4.766666666666667,-1.8986666666666665,20.541666666666664,3.0234843405809193,2.7535641565485323,,1.133678349281392,2.6808352111054017,3.1269230769230765,13.082692307692307,6.253846153846154,6.283846153846155,7.5273076923076925,3.935241171219995,6.363461538461539,,1.0,0.8666666666666667,0.0,0.0,0.0,0.0,0.0,1.3042007001166862,7.501342281879195,39.12602100350058,-39.12602100350058,22.504026845637583,-22.504026845637583
player,53510,Hunter Long,2021,1,6,2,77.0,253.0,,8,5,3,0,0,1,0,0.0,0.0,0,0,0.625,0.375,0.2,0.0,0.0,0.0,,0.0,0.6,0.2,0.2,0.0,0.2,0.4,0.4,0.6,0.0,0.0,9.4,6.4,4.8,-1.6859999999999986,19.323999999999995,3.9814970040511013,4.163488720925661,,2.374412671266728,3.8534699213589385,2.3200000000000003,8.114,3.4620000000000033,3.5360000000000014,4.104000000000001,3.4484415204678363,5.4159999999999995,,1.0,1.0,0.0,0.0,0.0,0.0,0.0,1.3042007001166862,7.501342281879195,6.521003500583431,-6.521003500583431,7.501342281879195,-7.501342281879195
player,53172,Dominique Dafney,2021,1,8,3,75.0,235.0,24.277021430967096,17,13,4,1,2,0,0,0.0,0.0,0,0,0.7647058823529411,0.23529411764705882,0.0,,0.0,,,0.0,0.46153846153846156,0.3076923076923077,0.07692307692307693,0.15384615384615385,0.23076923076923078,0.3076923076923077,0.15384615384615385,0.8461538461538461,0.07692307692307693,0.15384615384615385,7.923076923076923,6.3076923076923075,4.846153846153846,-2.2584615384615376,20.103846153846153,3.5485200644424144,3.2457030432270035,,1.1640965126099503,3.1446222419038583,3.4545454545454546,13.693636363636363,6.956363636363634,7.093636363636364,7.133636363636364,3.597528873458951,5.832727272727272,,1.0,0.8461538461538461,,0.0,0.0,0.0,0.0,1.3042007001166862,7.501342281879195,16.954609101516922,-16.954609101516922,0.0,0.0
player,42721,Eric Tomlinson,2021,1,7,6,78.0,263.0,29.394169627028617,24,16,8,2,2,0,0,0.0,0.0,0,0,0.6666666666666666,0.3333333333333333,0.0,,0.0,,,0.0,0.875,0.0625,0.0625,0.0,0.6875,0.4375,0.0625,0.875,0.0625,0.0625,8.5625,7.1875,4.3125,-1.3693750000000007,21.75875,2.4959381281725666,2.738789238268159,0.9556774235373628,0.9641213339436027,2.1808558606251927,2.975,12.028125,6.025000000000001,6.040000000000002,7.093124999999999,3.7514824506134765,6.304375,,1.0,1.0,,0.0,0.0,0.0,0.0,1.3042007001166862,7.501342281879195,20.86721120186698,-20.86721120186698,0.0,0.0
player,48475,Chris Myarick,2021,2,2,1,77.0,255.0,25.947144705230087,3,0,3,0,0,0,0,0.0,0.0,0,0,0.0,1.0,,,,,,,,,,,,,,,,,,,,,,,,,,,,,,,,,,,,,,0.0,0.0,0.0,0.0,1.3042007001166862,7.501342281879195,0.0,0.0,0.0,0.0
player,44009,J.P. Holtz,2021,2,8,4,75.0,240.0,28.060808914625213,9,7,2,0,0,0,0,0.0,0.0,0,0,0.7777777777777778,0.2222222222222222,0.0,,0.0,,,0.0,0.42857142857142855,0.2857142857142857,0.14285714285714285,0.14285714285714285,0.2857142857142857,0.2857142857142857,0.42857142857142855,0.2857142857142857,0.5714285714285714,0.2857142857142857,9.857142857142858,6.285714285714286,4.857142857142857,-1.6099999999999994,19.032857142857143,4.006929728686754,2.8405411282449307,4.04474968323134,1.505581680852283,2.9199852110424436,2.457142857142857,9.14857142857143,4.077142857142857,4.077142857142857,5.660000000000001,3.6813322541137663,6.7385714285714275,,1.0,1.0,,0.0,0.0,0.0,0.0,1.3042007001166862,7.501342281879195,9.129404900816803,-9.129404900816803,0.0,0.0
player,52725,Ben Ellefson,2021,2,5,4,75.0,250.0,25.049111206937855,17,10,7,0,0,1,0,0.0,0.0,0,0,0.5882352941176471,0.4117647058823529,0.1,0.0,0.0,0.0,,0.0,1.0,0.0,0.0,0.0,0.2,0.2,0.3,0.7,0.1,0.0,8.4,7.1,4.9,-1.5700000000000003,22.654,2.5905866350808604,3.378691328577491,3.4738595250815782,0.9390085857350527,2.338558513628331,2.855555555555556,10.786666666666669,4.6722222222222225,4.796666666666668,5.46,3.6355041366041365,5.484444444444445,5.319999999999993,1.0,0.9,1.0,1.0,0.0,0.0,1.0,1.3042007001166862,7.501342281879195,13.042007001166862,-13.042007001166862,7.501342281879195,-7.501342281879195
player,45142,Darrell Daniels,2021,2,8,5,75.0,256.0,26.826012854473397,25,22,3,5,0,1,0,0.0,0.0,0,0,0.88,0.12,0.045454545454545456,0.0,0.0,0.0,,0.0,0.45454545454545453,0.4090909090909091,0.09090909090909091,0.045454545454545456,0.4090909090909091,0.5,0.18181818181818182,0.7727272727272727,0.22727272727272727,0.045454545454545456,9.409090909090908,6.181818181818182,4.681818181818182,-1.8490909090909085,18.747272727272726,3.6467743108210473,3.497802691042384,,1.034587974286544,3.22574215310614,3.0000000000000004,12.669999999999998,7.348947368421054,7.348947368421054,5.925789473684211,4.064581902980135,6.553157894736843,,1.0,0.8636363636363636,0.0,0.0,0.0,1.0,1.0,1.3042007001166862,7.501342281879195,28.692415402567097,-28.692415402567097,7.501342281879195,-7.501342281879195
player,48096,Andrew Beck,2021,3,7,5,75.0,255.0,25.366708419748523,8,6,2,0,0,0,0,0.0,0.0,0,0,0.75,0.25,0.0,,0.0,,,0.0,0.5,0.16666666666666666,0.0,0.3333333333333333,0.5,0.3333333333333333,0.16666666666666666,0.6666666666666666,0.3333333333333333,0.16666666666666666,7.0,6.666666666666667,4.666666666666667,-2.5416666666666656,22.895,3.4825191389768086,5.161068371846671,,1.2909189281503455,3.8758168236265473,3.875,21.5975,8.002499999999998,8.002499999999998,15.225000000000001,5.504481361231361,7.7775,,1.0,0.6666666666666666,,0.0,0.0,0.0,0.0,1.3042007001166862,7.501342281879195,7.825204200700117,-7.825204200700117,0.0,0.0
player,43079,Daniel Brown,2021,3,5,2,77.0,247.0,29.336673579881857,6,6,0,3,0,0,0,0.0,0.0,0,0,1.0,0.0,0.0,,0.0,,,0.0,0.5,0.3333333333333333,0.0,0.16666666666666666,0.0,1.0,0.3333333333333333,0.6666666666666666,0.0,0.0,10.0,5.833333333333333,4.666666666666667,-2.2783333333333338,23.784999999999997,3.424201301885381,2.7246292622902204,,0.9338188248426375,2.7196929291482284,4.233333333333333,15.808333333333332,8.028333333333332,8.288333333333332,6.413333333333334,3.628880678748646,6.223333333333334,,1.0,1.0,,0.0,0.0,0.0,0.0,1.3042007001166862,7.501342281879195,7.825204200700117,-7.825204200700117,0.0,0.0
player,44967,Jeremy Sprinkle,2021,4,8,4,77.0,255.0,27.149085881298042,7,3,4,1,0,0,0,0.0,0.0,0,0,0.42857142857142855,0.5714285714285714,0.0,,0.0,,,0.0,0.6666666666666666,0.0,0.3333333333333333,0.0,0.3333333333333333,0.3333333333333333,0.6666666666666666,0.0,1.0,0.3333333333333333,2.3333333333333335,8.666666666666666,3.3333333333333335,-1.6800000000000022,16.54,2.7447107481500397,1.2485489717106717,,0.6227374457635507,1.6272595343249323,2.266666666666667,5.47,3.2333333333333343,3.2333333333333343,1.6466666666666672,2.280707070707071,4.3999999999999995,,1.0,1.0,,0.0,0.0,0.0,0.0,1.3042007001166862,7.501342281879195,3.9126021003500586,-3.9126021003500586,0.0,0.0
player,46915,Codey McElroy,2021,4,5,2,78.0,258.0,28.805519620526088,2,2,0,0,0,1,0,0.0,0.0,0,0,1.0,0.0,0.5,0.0,0.0,0.0,,0.0,0.5,0.5,0.0,0.0,0.0,0.5,1.0,0.0,0.5,0.5,4.5,7.0,5.0,-0.6950000000000003,18.759999999999998,1.7522374605586828,0.8192810774642567,,0.6570288361206682,1.0311057964439843,2.3,8.525,5.424999999999997,5.424999999999997,4.27,3.656398601398601,5.365,,1.0,1.0,0.0,0.0,0.0,0.0,0.0,1.3042007001166862,7.501342281879195,2.6084014002333724,-2.6084014002333724,7.501342281879195,-7.501342281879195
player,52614,Tyler Davis,2021,5,5,1,76.0,250.0,24.523433061596062,2,0,2,0,0,0,0,0.0,0.0,0,0,0.0,1.0,,,,,,,,,,,,,,,,,,,,,,,,,,,,,,,,,,,,,,1.0,0.0,0.0,0.0,1.3042007001166862,7.501342281879195,0.0,0.0,0.0,0.0
player,46797,Tanner Hudson,2021,5,5,1,77.0,239.0,26.91088797169004,1,0,1,0,0,0,0,0.0,0.0,0,0,0.0,1.0,,,,,,,,,,,,,,,,,,,,,,,,,,,,,,,,,,,,,,0.0,0.0,0.0,0.0,1.3042007001166862,7.501342281879195,0.0,0.0,0.0,0.0
player,43206,Ross Travis,2021,5,5,1,78.0,248.0,28.75076148038632,2,2,0,1,0,0,0,0.0,0.0,0,0,1.0,0.0,0.0,,0.0,,,0.0,1.0,0.0,0.0,0.0,1.0,1.0,0.0,1.0,0.0,0.0,9.0,7.5,4.5,-2.7799999999999976,21.449999999999996,4.0721404774313585,3.5390087961272743,,1.113220717853657,2.7226213078847676,3.35,12.469999999999999,2.4599999999999973,2.544999999999998,10.055,3.525570101351352,6.234999999999999,,1.0,1.0,,0.0,0.0,0.0,0.0,1.3042007001166862,7.501342281879195,2.6084014002333724,-2.6084014002333724,0.0,0.0
player,53959,Brock Wright,2021,7,8,2,76.0,255.0,,10,8,2,1,1,0,0,0.0,0.0,0,0,0.8,0.2,0.0,,0.0,,,0.0,0.75,0.125,0.125,0.0,0.25,0.5,0.125,0.75,0.25,0.125,9.25,6.25,4.75,-1.2825000000000024,20.375,2.0216738257175955,2.413284872074605,0.8173658292414494,0.7818573398566732,1.9929518303606564,2.766666666666667,10.945,5.626666666666666,5.626666666666666,5.739999999999999,3.7125966482216484,6.336666666666666,,1.0,0.75,,1.0,0.0,0.0,0.0,1.3042007001166862,7.501342281879195,10.43360560093349,-10.43360560093349,0.0,0.0
player,41327,Richard Rodgers,2021,7,8,2,76.0,257.0,29.7555733519511,3,3,0,1,0,0,0,0.0,0.0,0,0,1.0,0.0,0.0,,0.0,,,0.0,0.6666666666666666,0.0,0.3333333333333333,0.0,0.3333333333333333,0.6666666666666666,0.0,1.0,0.3333333333333333,0.0,8.0,8.0,5.0,-1.0566666666666624,23.376666666666665,1.8722165366519494,2.288967973465328,,0.902714997215023,1.8013703261022842,2.6999999999999997,7.430000000000001,3.796666666666667,3.796666666666667,3.7066666666666657,2.7794669365722,4.973333333333334,,1.0,1.0,,0.0,0.0,0.0,0.0,1.3042007001166862,7.501342281879195,3.9126021003500586,-3.9126021003500586,0.0,0.0
player,53724,Matt Bushman,2021,7,7,1,76.0,234.0,,2,2,0,0,0,0,0,0.0,0.0,0,0,1.0,0.0,0.0,,0.0,,,0.0,0.5,0.0,0.5,0.0,0.0,0.5,0.0,1.0,0.5,0.5,5.5,5.5,5.0,-1.639999999999997,17.229999999999997,4.9703838352204635,2.33664101999772,,1.2951184405147607,3.524293550665185,2.55,11.895,7.969999999999997,7.969999999999997,6.055,4.570213675213675,7.37,,1.0,1.0,,0.0,0.0,0.0,0.0,1.3042007001166862,7.501342281879195,2.6084014002333724,-2.6084014002333724,0.0,0.0
player,46544,Deon Yelder,2021,7,7,1,76.0,255.0,26.63709727099119,4,4,0,2,0,1,1,0.0,0.0,0,0,1.0,0.0,0.25,1.0,0.0,0.0,0.0,0.0,0.5,0.0,0.5,0.0,0.25,0.25,0.75,0.25,0.25,0.25,9.0,6.25,4.75,-1.7100000000000009,16.935,3.9992496528046937,4.572887849956148,,1.813562060835697,3.560712786868099,2.7,6.51,1.6075000000000017,2.2525000000000013,2.484999999999999,2.630318464144551,5.217499999999999,,1.0,1.0,0.0,0.0,0.0,1.0,0.0,1.3042007001166862,7.501342281879195,5.216802800466745,-5.216802800466745,7.501342281879195,-7.501342281879195
player,48766,Kendall Blanton,2021,8,8,1,78.0,260.0,25.97452377529997,6,5,1,0,0,0,0,0.0,0.0,0,0,0.8333333333333334,0.16666666666666666,0.0,,0.0,,,0.0,0.6,0.4,0.0,0.0,0.0,0.6,0.6,0.4,0.2,0.0,8.8,5.8,5.0,-2.0219999999999985,20.642000000000003,2.7627180669483438,1.8022775185961017,,1.2741197969709492,2.9842469143867114,2.375,8.0875,4.555,4.555,3.807500000000001,3.2625569301388264,5.362500000000001,,1.0,0.8,,0.0,0.0,0.0,0.0,1.3042007001166862,7.501342281879195,6.521003500583431,-6.521003500583431,0.0,0.0
player,53570,Jacob Harris,2021,8,8,1,77.0,211.0,,2,2,0,0,0,0,0,0.0,0.0,0,0,1.0,0.0,0.0,,0.0,,,0.0,0.0,0.0,1.0,0.0,0.0,1.0,0.5,0.5,0.0,0.0,8.0,7.0,5.0,-1.950000000000001,19.084999999999997,4.230329429255095,3.1007902218628054,,2.0631572390181026,3.136026089214236,1.9,7.75,3.7300000000000004,3.7300000000000004,3.8900000000000006,3.97,6.32,,1.0,0.5,,0.0,0.0,0.0,0.0,1.3042007001166862,7.501342281879195,2.6084014002333724,-2.6084014002333724,0.0,0.0
player,53896,Tory Carter,2021,8,8,1,72.0,244.0,,1,1,0,0,0,0,0,0.0,0.0,0,0,1.0,0.0,0.0,,0.0,,,0.0,0.0,0.0,0.0,1.0,1.0,0.0,0.0,1.0,0.0,0.0,10.0,8.0,5.0,-4.68,23.029999999999998,5.350859744003763,4.447673549171524,4.378275916385351,0.7218032973047449,3.6484023657741873,3.5,14.73,2.8500000000000014,3.3999999999999986,10.309999999999999,4.122499999999999,5.11,,1.0,1.0,,0.0,0.0,0.0,0.0,1.3042007001166862,7.501342281879195,1.3042007001166862,-1.3042007001166862,0.0,0.0
player,53526,Tre' McKitty,2021,8,8,1,77.0,245.0,,1,1,0,0,0,0,0,0.0,0.0,0,0,1.0,0.0,0.0,,0.0,,,0.0,1.0,0.0,0.0,0.0,0.0,1.0,0.0,1.0,0.0,0.0,1.0,6.0,5.0,-1.3199999999999932,18.65,3.484020665839962,,,0.4604345773288616,3.4736716787126567,,,,,,,,,1.0,0.0,,0.0,0.0,0.0,0.0,1.3042007001166862,7.501342281879195,1.3042007001166862,-1.3042007001166862,0.0,0.0
