summary_level,nflId,displayName,season,first_week,last_week,games,protection_opportunities,full_pass_block_opportunities,chip_opportunities,set_release_opportunities,other_labeled_block_opportunities,assigned_rusher_opportunities,tracking_scored_opportunities,clean_blocks,beaten_events,hits_allowed,hurries_allowed,sacks_allowed,pressures_allowed,protection_penalties,clean_block_rate,pressure_rate,sack_rate,beaten_rate,expected_pressures,expected_sacks,expected_beaten_events,expected_protection_penalties,pressure_prevented,sacks_prevented,beaten_events_prevented,penalties_prevented,expected_failure_cost,observed_failure_cost,protection_value_added,pva_per_100_opportunities,pressure_prevented_per_100,sacks_prevented_per_100,tracking_process_z_raw,average_protection_window_seconds,average_engagement_frame_share,average_blocker_leverage_share,average_rusher_delay_to_3yd_qb,average_minimum_rusher_qb_distance,average_max_rusher_penetration,tracking_availability_rate,pva_standard_error_per_100,model_version,pva_95_ci_lower_per_100,pva_95_ci_upper_per_100,direct_shrinkage_weight,shrunk_pva_per_opportunity,direct_pva_z,tracking_shrinkage_weight,tracking_process_z_shrunk,composite_protection_z,protection_value_added_score,score_reliability,rank_eligible
all_tight_ends,ALL,ALL_TIGHT_ENDS,2021,1,8,122,2440,1304,736,335,65,2339,2334,2256,69,19,72,24,115,1,0.9245901639344263,0.0471311475409836,0.009836065573770493,0.028278688524590163,114.47919160792318,23.39039947940666,68.07750973986356,1.3958142174553085,-0.5208083920768214,-0.6096005205933366,-0.9224902601364553,0.3958142174553086,179.32622866479386,181.0,-1.6737713352061308,-0.06859718586910371,-0.021344606232656615,-0.024983627893169533,-0.0016138610352197983,3.558954584404456,0.40357084751850797,0.3106354181499531,3.3212082262210796,4.388618368033425,5.626646655231561,0.9565573770491803,0.6972719844916161,te_pva_v1_2026-10-09,-1.4352502754726713,1.298055903734464,0.9898580121703854,-0.0006859718586910371,0.0,0.9915038232795242,0.0,0.0,50.0,0.9834077079107505,False
player,46170,Ian Thomas,2021,1,8,8,58,35,16,6,1,58,58,54,4,0,0,0,0,0,0.9310344827586207,0.0,0.0,0.06896551724137931,3.4474387947639205,0.6494542954728008,2.3009006885914522,0.0435823582574514,3.4474387947639205,0.6494542954728008,-1.6990993114085484,0.0435823582574514,5.354259326550473,1.0,4.354259326550473,7.5073436664663316,5.9438599909722765,1.1197487852979324,-0.04218505644644086,3.579310344827586,0.41556042493721196,0.3480734815940443,3.360344827586207,4.543908864459535,5.563965517241379,1.0,1.0964106056719358,te_pva_v1_2026-10-09,5.358378879349337,9.656308453583325,0.6987951807228916,0.05225433771184575,1.984222727657799,0.7435897435897436,-0.03136837530632782,1.68188406221318,66.8188406221318,0.6987951807228916,True
player,44959,George Kittle,2021,1,4,4,28,21,4,3,0,26,26,27,1,0,0,0,0,0,0.9642857142857143,0.0,0.0,0.03571428571428571,1.506765965059874,0.3934893588768485,0.9879919556836763,0.01608355076122702,1.506765965059874,0.3934893588768485,-0.01200804431632378,0.01608355076122702,2.5528053348054103,0.25,2.3028053348054103,8.22430476716218,5.381307018070978,1.4053191388458874,0.060214397830883046,3.2076923076923074,0.4561651633203151,0.35985442347442476,3.1923076923076925,4.431024766448841,5.323076923076924,0.9285714285714286,1.881085505780453,te_pva_v1_2026-10-09,4.537377175832491,11.911232358491867,0.5283018867924528,0.0431255856290214,1.6420736638379239,0.5652173913043478,0.034034224860933895,1.4008677479913754,64.00867747991376,0.5226415094339623,True
player,47924,Zach Gentry,2021,1,8,7,18,14,3,1,0,17,17,18,0,0,0,0,0,0,1.0,0.0,0.0,0.0,1.1997189136626456,0.2293921503029825,0.677313516288682,0.015197234098586384,1.1997189136626456,0.2293921503029825,0.677313516288682,0.015197234098586384,1.839229518914721,0.0,1.839229518914721,10.21794177174845,6.665105075903586,1.2744008350165694,0.10953278351136014,3.6294117647058823,0.5619172972806785,0.5000687872965015,3.2941176470588234,4.280327152817044,4.617058823529412,0.9444444444444444,1.5493981059798578,te_pva_v1_2026-10-09,7.181121484027928,13.254762059468971,0.4186046511627907,0.0423739586615685,1.6139024022106483,0.4594594594594595,0.050325873505219526,1.3793659229048338,63.79365922904834,0.4151162790697675,False
player,40615,Demetrius Harris,2021,1,8,5,13,11,1,0,1,12,12,13,0,0,0,0,0,0,1.0,0.0,0.0,0.0,1.068582205464366,0.17557543674838327,0.4896255451000269,0.006653772769914496,1.068582205464366,0.17557543674838327,0.4896255451000269,0.006653772769914496,1.5471297948135754,0.0,1.5471297948135754,11.900998421642887,8.219863118956662,1.3505802826798714,0.5263053063722033,3.9833333333333343,0.5916125283222479,0.5429231819010466,3.9833333333333343,5.243843950875397,4.359166666666665,0.9230769230769231,2.180495938788724,te_pva_v1_2026-10-09,7.627226381616988,16.174770461668786,0.34210526315789475,0.040262644693323676,1.5347695600531808,0.375,0.19736448988957622,1.3341587995286401,63.3415879952864,0.3381578947368421,False
player,30842,Marcedes Lewis,2021,1,8,8,38,17,10,6,5,37,37,37,1,0,0,0,0,0,0.9736842105263158,0.0,0.0,0.02631578947368421,1.7671921257776895,0.33280476445569146,0.9096152557762066,0.014173823509800983,1.7671921257776895,0.33280476445569146,-0.09038474422379336,0.014173823509800983,2.670835836265476,0.25,2.420835836265476,6.370620621751252,4.650505594151815,0.8758020117255039,0.08001792518132501,3.2513513513513512,0.4897544870996372,0.39686667557847105,3.0567567567567564,4.856850539277561,4.665405405405406,0.9736842105263158,1.1057776845123992,te_pva_v1_2026-10-09,4.2032963601069495,8.537944883395554,0.6031746031746031,0.03815375459997143,1.4557275656389521,0.6491228070175439,0.0519414602054215,1.2451596498239224,62.451596498239226,0.6007936507936508,True
player,45532,Blake Jarwin,2021,1,8,7,21,10,3,7,1,20,20,21,0,0,0,0,0,0,1.0,0.0,0.0,0.0,1.0463202691498459,0.21929802703757934,0.5482429511620367,0.0066985163769142445,1.0463202691498459,0.21929802703757934,0.5482429511620367,0.0066985163769142445,1.6270009482981997,0.0,1.6270009482981997,7.747623563324761,4.982477472142123,1.0442763192265683,0.16926319417947905,3.3,0.4179356424032948,0.29059854124266427,3.28,4.987379243808452,4.522999999999999,0.9523809523809523,2.0660511134828603,te_pva_v1_2026-10-09,3.6981633808983547,11.797083745751166,0.45652173913043476,0.0349967750398027,1.337402783542775,0.5,0.08463159708973952,1.1494871055748197,61.4948710557482,0.4532608695652174,True
player,52598,Charlie Woerner,2021,1,8,6,18,10,4,3,1,16,16,17,1,0,0,0,0,0,0.9444444444444444,0.0,0.0,0.05555555555555555,1.0278121360458203,0.23918180782892567,0.5961198172219291,0.010783412513251654,1.0278121360458203,0.23918180782892567,-0.40388018277807064,0.010783412513251654,1.6632932653940924,0.25,1.4132932653940924,7.851629252189402,5.71006742247678,1.3287878212718092,0.5794372868800993,3.9437500000000005,0.40866114361234684,0.3557393401360275,3.73125,4.927898008209403,4.188750000000001,0.8888888888888888,2.398314474064417,te_pva_v1_2026-10-09,3.1509328830231444,12.55232562135566,0.4186046511627907,0.032468464393646895,1.2426407489536628,0.4444444444444444,0.2575276830578219,1.0948737890692866,60.94873789069287,0.4116279069767442,False
player,47879,Dawson Knox,2021,1,6,6,31,10,18,3,0,30,30,30,1,0,0,0,0,0,0.967741935483871,0.0,0.0,0.03225806451612903,1.1120294897696936,0.2655273904655987,0.6070194138712357,0.008289247881745824,1.1120294897696936,0.2655273904655987,-0.39298058612876446,0.008289247881745824,1.801056060080009,0.25,1.5510560600800094,5.0034066454193855,3.587191902482883,0.8565399692438669,0.12938565788771278,3.6966666666666668,0.3331554294537845,0.203876291212384,3.533333333333333,4.603661909594247,5.244666666666668,0.967741935483871,1.6759222829527547,te_pva_v1_2026-10-09,1.7185989708319864,8.288214320006784,0.5535714285714286,0.027391192207370248,1.0523426764973256,0.6,0.07763139473262766,0.9061359842326209,59.06135984232621,0.5508928571428572,True
player,42500,C.J. Uzomah,2021,1,8,6,38,17,12,9,0,37,37,36,1,0,1,0,1,0,0.9473684210526315,0.02631578947368421,0.0,0.02631578947368421,1.874692855673336,0.4028609091275188,1.1328681224050625,0.022334894999766368,0.8746928556733361,0.4028609091275188,0.1328681224050628,0.022334894999766368,2.980382875779464,1.25,1.7303828757794641,4.553639146788063,2.301823304403516,1.060160287177681,0.0887858705082391,3.5756756756756753,0.35578979699463775,0.2749045004698025,3.4864864864864864,4.461860345699019,6.556486486486486,0.9736842105263158,2.57766266067047,te_pva_v1_2026-10-09,-0.4985796681260579,9.605857961702185,0.6031746031746031,0.027194183798606157,1.0449587271895007,0.6491228070175439,0.057632933487804336,0.8968598581342462,58.96859858134246,0.6007936507936508,True
player,53591,Noah Gray,2021,4,8,4,9,7,1,0,1,8,8,9,0,0,0,0,0,0,1.0,0.0,0.0,0.0,0.6200264808297359,0.11085275997389904,0.3155009120304468,0.002879064822405195,0.6200264808297359,0.11085275997389904,0.3155009120304468,0.002879064822405195,0.9227665274019495,0.0,0.9227665274019495,10.252961415577216,6.889183120330398,1.2316973330433225,0.5157330280564566,3.5375,0.5196715088234722,0.3980756064162754,3.5375,5.679054789783273,4.516249999999997,0.8888888888888888,2.8312492274415964,te_pva_v1_2026-10-09,4.7037129297916875,15.802209901362744,0.2647058823529412,0.02663580090984334,1.024030326362109,0.2857142857142857,0.14735229373041617,0.8925286214673549,58.92528621467355,0.2602941176470588,False
player,40641,Jack Doyle,2021,1,8,7,27,15,7,3,2,24,24,26,1,0,0,0,0,0,0.9629629629629629,0.0,0.0,0.037037037037037035,1.0262965809024944,0.2117692764173404,0.6779013817077719,0.012679445299671565,1.0262965809024944,0.2117692764173404,-0.3220986182922282,0.012679445299671565,1.628820063138872,0.25,1.378820063138872,5.106740974588415,3.8010984477870164,0.784330653397557,0.08556926779509332,3.25,0.38715840840559396,0.32635608165759844,3.2374999999999994,5.072324799226373,5.8325000000000005,0.8888888888888888,1.4008958834034753,te_pva_v1_2026-10-09,2.360985043117603,7.852496906059226,0.5192307692307693,0.026185976282146077,1.0071707300171366,0.5454545454545454,0.046674146070050895,0.8630962424250738,58.63096242425074,0.510576923076923,True
player,46206,Dalton Schultz,2021,1,8,7,35,15,10,8,2,33,33,34,0,0,1,0,1,0,0.9714285714285714,0.02857142857142857,0.0,0.0,1.5553525388348395,0.39362639778278763,0.8490402862414786,0.014775505274258369,0.5553525388348397,0.39362639778278763,0.8490402862414786,0.014775505274258369,2.565947034916478,1.0,1.5659470349164784,4.474134385475653,1.5867215395281136,1.1246468508079648,0.07429680964168259,3.3212121212121213,0.46307137073315885,0.361746283502509,3.242424242424242,4.506988895267666,5.190909090909091,0.9428571428571428,2.9481518997494423,te_pva_v1_2026-10-09,-1.3042433380332543,10.25251210898456,0.5833333333333334,0.025813295640820043,0.9932025193157631,0.6226415094339622,0.046260277701425004,0.8511611830736123,58.51161183073612,0.5783333333333334,True
player,42302,Chris Manhertz,2021,1,8,7,31,24,3,4,0,28,28,30,0,0,1,0,1,0,0.967741935483871,0.03225806451612903,0.0,0.0,1.5935089625140375,0.3012838546299727,0.9896248804234778,0.012562606227978277,0.5935089625140376,0.3012838546299727,0.9896248804234778,0.012562606227978277,2.452904846550836,1.0,1.452904846550836,4.686789827583342,1.9145450403678634,0.97188340203217,0.11997642792285035,3.535714285714285,0.4369166131836513,0.362550785543242,3.271428571428571,4.504749131429967,4.873571428571429,0.9032258064516129,3.358655255285707,te_pva_v1_2026-10-09,-1.896174472776643,11.269754127943328,0.5535714285714286,0.02563849196577786,0.9866508117849511,0.5833333333333334,0.06998624962166271,0.8491511274604578,58.491511274604576,0.5455357142857143,True
player,39907,Darren Fells,2021,1,7,6,17,11,4,2,0,17,17,17,0,0,0,0,0,0,1.0,0.0,0.0,0.0,0.6568158106696158,0.13203194292881187,0.44431514401714994,0.007585458787958657,0.6568158106696158,0.13203194292881187,0.44431514401714994,0.007585458787958657,1.037647576622496,0.0,1.037647576622496,6.1038092742499765,3.863622415703622,0.7766584878165405,0.330615983554573,3.8529411764705883,0.48133142064692047,0.3886936302366388,3.7764705882352945,5.592083481706627,5.546470588235294,1.0,1.2478110434890186,te_pva_v1_2026-10-09,3.6580996290115,8.549518919488452,0.40476190476190477,0.024297578098933813,0.9363928553807025,0.4594594594594595,0.15190464109264165,0.8187196232374934,58.18719623237493,0.40476190476190477,False
player,53946,Jack Stoll,2021,2,8,7,13,9,2,2,0,11,11,13,0,0,0,0,0,0,1.0,0.0,0.0,0.0,0.7325503732095482,0.07572323619436414,0.18223452477904997,0.007171693501349228,0.7325503732095482,0.07572323619436414,0.18223452477904997,0.007171693501349228,0.9349342469190509,0.0,0.9349342469190509,7.191801899377315,5.635002870842679,0.5824864322643395,0.3182173644529392,4.845454545454545,0.46030481140649027,0.3645583435601629,4.618181818181818,4.00432574695911,5.836363636363638,0.8461538461538461,1.273059825233846,te_pva_v1_2026-10-09,4.696604641918976,9.686999156835654,0.34210526315789475,0.024152235538204607,0.9309453615025145,0.3548387096774194,0.11291583899943004,0.8082409331270518,58.08240933127052,0.33421052631578946,False
player,53484,Pat Freiermuth,2021,2,8,5,8,5,1,2,0,7,7,8,0,0,0,0,0,0,1.0,0.0,0.0,0.0,0.5664375751323351,0.08850211894530606,0.29094543139734186,0.010301117240906519,0.5664375751323351,0.08850211894530606,0.29094543139734186,0.010301117240906519,0.8239040088029624,0.0,0.8239040088029624,10.29880011003703,7.080469689154188,1.1062764868163257,-0.1142314914371373,4.628571428571429,0.4643327951029686,0.3339587066447543,3.6857142857142864,3.0554411396090115,4.701428571428571,0.875,3.134923064140534,te_pva_v1_2026-10-09,4.154350904321584,16.443249315752475,0.24242424242424243,0.024447112495020802,0.9419974608257662,0.25925925925925924,-0.029615571854072632,0.7962555059237904,57.9625550592379,0.23787878787878788,False
player,41349,Logan Thomas,2021,1,3,3,10,6,4,0,0,9,9,10,0,0,0,0,0,0,1.0,0.0,0.0,0.0,0.5759332097111346,0.09929671567934448,0.343758943317493,0.005287771784623211,0.5759332097111346,0.09929671567934448,0.343758943317493,0.005287771784623211,0.8644322057376643,0.0,0.8644322057376643,8.644322057376645,5.759332097111345,0.9929671567934447,0.06518944035410786,3.488888888888889,0.405204406940518,0.34251819760398194,3.4555555555555553,4.043821592859285,5.894444444444444,0.9,2.4207269766098394,te_pva_v1_2026-10-09,3.8996971832213596,13.38894693153193,0.2857142857142857,0.0242080831220111,0.9330385499627364,0.3103448275862069,0.02023120562713692,0.7961174483123965,57.96117448312397,0.2814285714285714,False
player,45339,Pharaoh Brown,2021,1,7,7,30,24,3,2,1,27,27,28,1,0,1,0,1,0,0.9333333333333333,0.03333333333333333,0.0,0.03333333333333333,1.691273671853666,0.27050147407962094,1.2448671468635548,0.028470219194604324,0.6912736718536664,0.27050147407962094,0.24486714686355496,0.028470219194604324,2.56484607112475,1.25,1.3148460711247498,4.382820237082499,2.3042455728455544,0.9016715802654032,-0.10041255374712522,3.3851851851851853,0.45045415883655504,0.380635490192824,3.111111111111111,4.554656683182189,6.092962962962963,0.9,3.5550054426789566,te_pva_v1_2026-10-09,-2.584990430568256,11.350630904733254,0.5454545454545454,0.023594486811954064,0.9100407293247603,0.574468085106383,-0.05768380747175279,0.7648820488052833,57.648820488052834,0.5372727272727272,True
player,42721,Eric Tomlinson,2021,1,7,6,12,8,2,2,0,12,12,12,0,0,0,0,0,0,1.0,0.0,0.0,0.0,0.48033827832302467,0.14913386904977988,0.3825711909497768,0.0033669290993843504,0.48033827832302467,0.14913386904977988,0.3825711909497768,0.0033669290993843504,0.8767740109845669,0.0,0.8767740109845669,7.306450091538057,4.002818986025206,1.2427822420814991,-0.09268488230391699,3.3249999999999997,0.29553331660904314,0.2629849317580267,3.2583333333333333,5.392385682261942,5.775833333333335,1.0,2.116016178474275,te_pva_v1_2026-10-09,3.159058381728478,11.453841801347636,0.32432432432432434,0.023233100392359214,0.8964958303046371,0.375,-0.03475683086396887,0.7568079311293462,57.56807931129346,0.32432432432432434,False
player,43370,Austin Hooper,2021,1,8,8,51,28,14,9,0,49,49,48,1,0,2,0,2,0,0.9411764705882353,0.0392156862745098,0.0,0.0196078431372549,2.224504158532001,0.5685339963356408,1.7434983231992498,0.037906339451161994,0.22450415853200067,0.5685339963356408,0.74349832319925,0.037906339451161994,3.825876486591466,2.25,1.575876486591466,3.089953895277384,0.44020423241568757,1.11477254183459,0.12892509059155724,3.3428571428571425,0.4540517881650724,0.384670967548053,3.189795918367347,5.118527594127343,5.395102040816327,0.9607843137254902,2.717704171806932,te_pva_v1_2026-10-09,-2.2367462814642023,8.416654072018972,0.6710526315789473,0.020509568291107762,0.7944168221037423,0.7101449275362319,0.09155549911574355,0.6889876236555426,56.88987623655542,0.6671052631578948,True
player,40149,Ryan Griffin,2021,1,8,7,49,32,7,10,0,48,47,40,6,0,3,0,3,0,0.8163265306122449,0.061224489795918366,0.0,0.12244897959183673,3.8867750670415524,0.8129508063445547,1.9666505632336706,0.032107644755662086,0.8867750670415518,0.8129508063445547,-4.033349436766329,0.032107644755662086,6.028420054105825,4.5,1.5284200541058255,3.1192246002159703,1.8097450347786772,1.6590832782541933,0.04879972489455201,3.8978723404255318,0.42093312092328405,0.3410903502474525,3.4319148936170207,4.160802857607998,6.763829787234041,0.9591836734693877,3.28273812950011,te_pva_v1_2026-10-09,-3.3149421336042453,9.553391334036185,0.6621621621621622,0.020422577805926344,0.7911563859788464,0.7014925373134329,0.034232642836476784,0.677617824507491,56.77617824507491,0.658108108108108,True
player,42428,Tyler Kroft,2021,1,8,5,42,24,12,6,0,38,38,37,3,1,1,0,2,0,0.8809523809523809,0.047619047619047616,0.0,0.07142857142857142,2.659595988165877,0.5179580079753543,1.4651486865781878,0.02569026151186332,0.6595959881658767,0.5179580079753543,-1.5348513134218122,0.02569026151186332,4.08106687189503,2.75,1.33106687189503,3.16920683784531,1.5704666384901829,1.233233352322272,-0.14280771639686465,3.5421052631578953,0.4005547747482903,0.29404353697511415,3.2263157894736842,4.50164621399686,6.623684210526316,0.9047619047619048,3.436064913016785,te_pva_v1_2026-10-09,-3.5654803916675886,9.903894067358209,0.6268656716417911,0.019610710081011257,0.7607272780892906,0.6551724137931034,-0.09356367626001477,0.6325836349368948,56.32583634936895,0.617910447761194,True
player,52541,Colby Parkinson,2021,4,8,5,11,8,1,2,0,10,10,11,0,0,0,0,0,0,1.0,0.0,0.0,0.0,0.4506042015150477,0.0851883949715771,0.30616951638677264,0.00432506041109461,0.4506042015150477,0.0851883949715771,0.30616951638677264,0.00432506041109461,0.7007671658632161,0.0,0.7007671658632161,6.37061059875651,4.09640183195498,0.7744399542870645,0.07351530096611217,3.66,0.5193718059421721,0.4304353529024582,3.4799999999999995,5.0764194412757515,5.864,0.9090909090909091,1.156678223462418,te_pva_v1_2026-10-09,4.10352128077017,8.63769991674285,0.3055555555555556,0.01898938526099834,0.7374397899894166,0.3333333333333333,0.024505100322037388,0.6304995865393097,56.304995865393096,0.30138888888888893,False
player,52502,Josiah Deguara,2021,3,8,6,12,6,4,1,1,11,11,11,1,0,0,0,0,0,0.9166666666666666,0.0,0.0,0.08333333333333333,0.5740719720014953,0.1383048692538392,0.3736891474210467,0.005325011351361443,0.5740719720014953,0.1383048692538392,-0.6263108525789534,0.005325011351361443,0.9480977558779565,0.25,0.6980977558779565,5.817481298982971,4.783933100012461,1.1525405771153268,0.10769155752650099,3.6,0.39183657652737997,0.2918478642765112,3.3,4.71140276629922,5.952727272727272,0.9166666666666666,2.0393203210931365,te_pva_v1_2026-10-09,1.8204134696404233,9.814549128325519,0.32432432432432434,0.018404012416504884,0.7154997954631279,0.3548387096774194,0.03821313331585519,0.6139067961410369,56.13906796141037,0.3202702702702703,False
player,39983,Zach Ertz,2021,2,8,6,18,4,11,2,1,18,18,18,0,0,0,0,0,0,1.0,0.0,0.0,0.0,0.5664038426447626,0.08734365978748995,0.27167043533714247,0.0086296734719615,0.5664038426447626,0.08734365978748995,0.27167043533714247,0.0086296734719615,0.8154810261579992,0.0,0.8154810261579992,4.530450145322218,3.1466880146931255,0.4852425543749442,-0.09876825025153455,3.677777777777778,0.36689423065724636,0.2672287514379841,3.5555555555555554,3.972097053062342,6.112777777777778,1.0,1.4384283750946625,te_pva_v1_2026-10-09,1.7111305301366802,7.3497697605077565,0.4186046511627907,0.018565854178854035,0.7215656856277767,0.47368421052631576,-0.04678496064546373,0.6063130886867906,56.0631308868679,0.4186046511627907,False
player,53065,Tommy Hudson,2021,2,3,2,13,4,3,5,1,13,13,13,0,0,0,0,0,0,1.0,0.0,0.0,0.0,0.4381860071369017,0.09120922872034047,0.3224496218990307,0.008363339016263424,0.4381860071369017,0.09120922872034047,0.3224496218990307,0.008363339016263424,0.7074893743145378,0.0,0.7074893743145378,5.442225956265675,3.3706615933607824,0.7016094516949267,0.06069718460083283,3.161538461538462,0.4051549670400852,0.2611353806183306,3.138461538461539,5.038904694411632,6.090769230769231,1.0,1.1895385728757393,te_pva_v1_2026-10-09,3.110730353429226,7.773721559102125,0.34210526315789475,0.01816684415387531,0.7066106397176047,0.3939393939393939,0.023911012115479597,0.604205695577286,56.04205695577286,0.34210526315789475,False
player,44075,Garrett Griffin,2021,1,8,7,21,15,1,3,2,21,21,19,1,1,0,0,1,0,0.9047619047619048,0.047619047619047616,0.0,0.047619047619047616,1.5128567996235818,0.19317936473287536,0.6689209309349579,0.010805906802332526,0.512856799623582,0.19317936473287536,-0.33107906906504203,0.010805906802332526,2.0745501919248217,1.25,0.8245501919248215,3.9264294853562927,2.4421752363027713,0.9199017368232161,-0.03997902712003941,4.1952380952380945,0.4457973024103977,0.3084689235592001,4.095238095238095,4.287288683949882,5.727619047619048,1.0,5.416921020304953,te_pva_v1_2026-10-09,-6.690735714441415,14.543594685154,0.45652173913043476,0.01755219337951186,0.6835732973605593,0.5121951219512195,-0.020477062671239697,0.5779657433557894,55.779657433557894,0.45652173913043476,True
player,44835,Evan Engram,2021,3,8,6,26,5,15,5,1,26,26,26,0,0,0,0,0,0,1.0,0.0,0.0,0.0,0.5886485141009783,0.10114931654812093,0.39525702276789404,0.018639144291620082,0.5886485141009783,0.10114931654812093,0.39525702276789404,0.018639144291620082,0.9037407611079088,0.0,0.9037407611079088,3.475926004261188,2.264032746542224,0.3890358328773882,0.0151375571945895,3.3846153846153846,0.3406664730237012,0.23520533222654116,3.1500000000000004,4.749083857389667,5.059230769230769,1.0,0.9355807488719571,te_pva_v1_2026-10-09,1.6421877364721522,5.309664272050224,0.5098039215686274,0.017384146365502604,0.6772748320282416,0.5652173913043478,0.00855601058824624,0.5769670088122423,55.769670088122425,0.5098039215686274,True
player,53556,Kylen Granson,2021,1,4,3,5,3,1,1,0,4,4,5,0,0,0,0,0,0,1.0,0.0,0.0,0.0,0.3357889208962396,0.0672154687087491,0.2466594618970658,0.010598374112751392,0.3357889208962396,0.0672154687087491,0.2466594618970658,0.010598374112751392,0.5398335043725678,0.0,0.5398335043725678,10.796670087451357,6.715778417924792,1.344309374174982,-0.08795280844019701,4.425,0.45230550699300703,0.3409637237762238,4.35,4.054276394263383,8.302499999999998,0.8,4.106361841514873,te_pva_v1_2026-10-09,2.7482008780822067,18.845139296820506,0.16666666666666666,0.0174228069301764,0.6787238445427533,0.16666666666666666,-0.014658801406699501,0.5747164476503354,55.74716447650336,0.16166666666666665,False
player,44912,Jonnu Smith,2021,1,8,7,29,15,8,4,2,29,29,27,1,0,1,0,1,0,0.9310344827586207,0.034482758620689655,0.0,0.034482758620689655,1.3620607995779113,0.27996814770624645,0.9157185394035479,0.012873228183261046,0.3620607995779114,0.27996814770624645,-0.08428146059645214,0.012873228183261046,2.1605816509787372,1.25,0.910581650978737,3.139936727512886,1.2484855157859014,0.9654074058836084,0.11079064059580933,3.055172413793103,0.5058204235241712,0.44074079493901175,2.8827586206896556,4.406884619788928,4.869310344827586,1.0,3.3655347251046726,te_pva_v1_2026-10-09,-3.456511333692272,9.736384788718045,0.5370370370370371,0.016545043602064095,0.6458249446444744,0.5918367346938775,0.06556997096486675,0.5587866985925332,55.58786698592533,0.5370370370370371,True
player,42460,Blake Bell,2021,1,8,7,28,17,7,4,0,28,28,27,0,0,1,0,1,0,0.9642857142857143,0.03571428571428571,0.0,0.0,1.278573676891595,0.17555075846474838,0.6720519420324409,0.010858006139929441,0.27857367689159507,0.17555075846474838,0.6720519420324409,0.010858006139929441,1.805831683934149,1.0,0.8058316839341492,2.877970299764818,0.9949059888985538,0.6269669945169585,0.2969368372256188,3.842857142857143,0.42310874910149865,0.3876683818828545,3.778571428571429,4.993910763903822,4.69642857142857,1.0,3.231027338641702,te_pva_v1_2026-10-09,-3.454843283972917,9.210783883502554,0.5283018867924528,0.01488079976352591,0.5834484592105899,0.5833333333333334,0.17321315504827764,0.521913163586243,55.21913163586243,0.5283018867924528,True
player,45355,Anthony Firkser,2021,1,8,6,37,1,12,24,0,37,37,37,0,0,0,0,0,0,1.0,0.0,0.0,0.0,0.5210226983319527,0.16701713707690227,0.41367022767187467,0.02649900578636503,0.5210226983319527,0.16701713707690227,0.41367022767187467,0.02649900578636503,0.9783487837434995,0.0,0.9783487837434995,2.6441859020094585,1.4081694549512236,0.4513976677754115,-0.12419181761155305,3.3216216216216217,0.2893794046693838,0.20585224224022936,3.167567567567568,4.296567609439117,6.545675675675675,1.0,0.3845675871114988,te_pva_v1_2026-10-09,1.8904334312709208,3.397938372747996,0.5967741935483871,0.015503217536713286,0.6067769116067936,0.6491228070175439,-0.08061574125662216,0.5036680136772812,55.036680136772816,0.5967741935483871,True
player,37179,Luke Stocker,2021,6,8,2,7,5,1,1,0,7,7,7,0,0,0,0,0,0,1.0,0.0,0.0,0.0,0.29116292577367575,0.07444853683856896,0.21991555548956834,0.0032015141652408435,0.29116292577367575,0.07444853683856896,0.21991555548956834,0.0032015141652408435,0.4974400239471364,0.0,0.4974400239471364,7.106286056387663,4.159470368195368,1.063550526265271,-0.2695293912174602,3.4428571428571426,0.4237677527151211,0.3197278911564626,3.0714285714285716,3.918168599548948,4.280000000000001,1.0,2.7699123712826594,te_pva_v1_2026-10-09,1.6772578086736507,12.535314304101675,0.21875,0.015009085233745641,0.5882566469167669,0.25925925925925924,-0.06987799031563784,0.4895364513319062,54.89536451331906,0.21875,False
player,44987,Eric Saubert,2021,1,7,7,26,16,6,4,0,25,25,25,0,0,1,0,1,0,0.9615384615384616,0.038461538461538464,0.0,0.0,1.134964598661032,0.2198429581682459,0.5225686839999908,0.009046663416401523,0.13496459866103222,0.2198429581682459,0.5225686839999908,0.009046663416401523,1.712077683559823,1.0,0.7120776835598227,2.7387603213839333,0.5190946102347392,0.8455498391086381,-0.011745671077742022,3.5279999999999996,0.4886358763705168,0.39041350876655584,3.2640000000000002,3.633931547011208,5.3612,0.9615384615384616,3.760120905785296,te_pva_v1_2026-10-09,-4.631076653955246,10.108597296723113,0.5098039215686274,0.013626046805736208,0.53641984610577,0.5555555555555556,-0.00652537282096779,0.4549780632667593,54.54978063266759,0.5068627450980392,True
player,40011,Travis Kelce,2021,1,8,7,28,8,18,2,0,27,27,28,0,0,0,0,0,0,1.0,0.0,0.0,0.0,0.48621652512615077,0.08111088091161694,0.22839435134013694,0.013438127249319105,0.48621652512615077,0.08111088091161694,0.22839435134013694,0.013438127249319105,0.7156154702214083,0.0,0.7156154702214083,2.5557695365050295,1.7364875897362526,0.2896817175414891,0.09098808910438522,4.088888888888889,0.29237958905948663,0.17736156419650437,3.781481481481481,4.508063625256639,5.345925925925926,0.9642857142857143,0.4347833310080858,te_pva_v1_2026-10-09,1.7035942077291812,3.4079448652808777,0.5283018867924528,0.013178607051964759,0.5196496357331237,0.574468085106383,0.052269753315285127,0.44954265337044796,54.49542653370448,0.5254716981132076,True
player,48683,Joe Fortson,2021,1,6,4,6,3,3,0,0,6,6,6,0,0,0,0,0,0,1.0,0.0,0.0,0.0,0.26633900282712575,0.04450269415957579,0.1525476753376523,0.004319286233140639,0.26633900282712575,0.04450269415957579,0.1525476753376523,0.004319286233140639,0.3967207746555458,0.0,0.3967207746555458,6.612012910925763,4.438983380452096,0.7417115693262633,-0.057433174935967835,4.716666666666666,0.36030079765219575,0.2647911533871795,3.883333333333333,4.8420466739091355,8.156666666666665,1.0,3.1057749759701583,te_pva_v1_2026-10-09,0.5246939580242529,12.699331863827274,0.1935483870967742,0.012244241231879673,0.48462925313242844,0.23076923076923078,-0.013253809600607963,0.40994679372247295,54.09946793722473,0.1935483870967742,False
player,46192,Durham Smythe,2021,1,8,8,38,24,6,5,3,36,36,35,1,0,2,0,2,0,0.9210526315789473,0.05263157894736842,0.0,0.02631578947368421,1.8912736150359932,0.39147718589451064,1.296677101480109,0.019624603058761105,-0.10872638496400715,0.39147718589451064,0.296677101480109,0.019624603058761105,3.013115714489112,2.25,0.7631157144891124,2.008199248655559,-0.2861220656947556,1.030203120775028,0.06089994854419986,3.336111111111111,0.5263701416036004,0.4178311259909858,3.052777777777778,4.813074727372945,5.2725,0.9473684210526315,3.4105297837825814,te_pva_v1_2026-10-09,-4.6764391275583,8.69283762486942,0.6031746031746031,0.011840736793997405,0.46950575493508573,0.6428571428571429,0.039149966921271345,0.4049523867330136,54.04952386733014,0.5984126984126984,True
player,42547,Darren Waller,2021,1,6,6,32,12,16,4,0,31,31,30,1,0,1,0,1,0,0.9375,0.03125,0.0,0.03125,1.1988579141150302,0.22366079455371413,1.0379848485036667,0.020786725098304933,0.19885791411503023,0.22366079455371413,0.03798484850366679,0.020786725098304933,1.9212657591721038,1.25,0.6712657591721038,2.0977054974128246,0.6214309816094695,0.6989399829803566,0.005050259648483856,3.632258064516129,0.276466080792019,0.22103863923561165,3.4516129032258065,4.392937529651025,6.370645161290323,0.96875,2.853693164052486,te_pva_v1_2026-10-09,-3.495533104130048,7.690944098955697,0.5614035087719298,0.011475727415874172,0.4558250660657589,0.6078431372549019,0.003069765668686265,0.387911771006198,53.879117710061976,0.5587719298245614,True
player,44967,Jeremy Sprinkle,2021,5,8,3,5,4,1,0,0,5,5,5,0,0,0,0,0,0,1.0,0.0,0.0,0.0,0.20868631294973866,0.05214119786333958,0.14343092715102154,0.0033506336052420422,0.20868631294973866,0.05214119786333958,0.14343092715102154,0.0033506336052420422,0.3513394156681047,0.0,0.3513394156681047,7.026788313362095,4.1737262589947735,1.0428239572667914,0.28502020485109536,3.0199999999999996,0.41539615423336357,0.4060938286519682,3.0199999999999996,5.469808416216365,3.5799999999999983,1.0,3.4026632999446154,te_pva_v1_2026-10-09,0.3575682454706488,13.696008381253542,0.16666666666666666,0.011139670640027627,0.4432295316265492,0.2,0.05700404097021908,0.3852957080280997,53.852957080280994,0.16666666666666666,False
player,46155,Mark Andrews,2021,1,7,6,17,3,7,6,1,16,16,17,0,0,0,0,0,0,1.0,0.0,0.0,0.0,0.25794117092563645,0.08037439582985652,0.18863219561380412,0.01751251269698859,0.25794117092563645,0.08037439582985652,0.18863219561380412,0.01751251269698859,0.478982396011542,0.0,0.478982396011542,2.817543505950247,1.5173010054449203,0.4727905637050383,0.17487552567084533,3.6687499999999997,0.34405812509835587,0.24890019507758454,3.4875,4.981984492975288,6.225625000000003,0.9411764705882353,0.6489305118202835,te_pva_v1_2026-10-09,1.5456397027824915,4.089447309118003,0.40476190476190477,0.010996026179625383,0.4378456831877237,0.4444444444444444,0.07772245585370903,0.3838271990876215,53.838271990876216,0.4011904761904762,False
player,53172,Dominique Dafney,2021,1,8,3,7,4,1,2,0,6,6,7,0,0,0,0,0,0,1.0,0.0,0.0,0.0,0.18643768016263482,0.08004064808932013,0.14697267284860915,0.002119864295714865,0.18643768016263482,0.08004064808932013,0.14697267284860915,0.002119864295714865,0.3848520427752135,0.0,0.3848520427752135,5.497886325360192,2.663395430894783,1.1434378298474304,-0.35925599518189205,3.2999999999999994,0.3081964438286277,0.18207286540619874,2.0500000000000003,3.9984874151779386,4.684999999999999,0.8571428571428571,2.574565998355916,te_pva_v1_2026-10-09,0.4517369685825976,10.544035682137787,0.21875,0.011490710822123048,0.4563866497712175,0.23076923076923078,-0.0829052296573597,0.3754928678569309,53.75492867856931,0.2140625,False
player,48475,Chris Myarick,2021,2,2,1,3,3,0,0,0,3,3,3,0,0,0,0,0,0,1.0,0.0,0.0,0.0,0.19059751615873832,0.04343728369059423,0.15041265531830408,0.0009959248521049064,0.19059751615873832,0.04343728369059423,0.15041265531830408,0.0009959248521049064,0.31582219100858144,0.0,0.31582219100858144,10.527406366952714,6.353250538624611,1.447909456353141,0.36774199738294505,3.3333333333333335,0.5,0.5,2.3666666666666667,4.938484956481297,1.2700000000000007,1.0,3.385338318223776,te_pva_v1_2026-10-09,3.8921432632341135,17.162669470671315,0.10714285714285714,0.01066688909076091,0.42550950122093983,0.13043478260869565,0.04796634748473196,0.3688780281605087,53.688780281605084,0.10714285714285714,False
player,45094,Johnny Mundt,2021,1,6,5,9,7,1,1,0,6,6,9,0,0,0,0,0,0,1.0,0.0,0.0,0.0,0.229709374668033,0.04800959003309545,0.1412878271555217,0.0033158705679844514,0.229709374668033,0.04800959003309545,0.1412878271555217,0.0033158705679844514,0.3635374144490927,0.0,0.3635374144490927,4.039304604989919,2.5523263852003666,0.533439889256616,-0.15356340887562456,3.9000000000000004,0.43760515452244775,0.3734268516223403,3.85,4.9255918194244375,7.126666666666665,0.6666666666666666,1.3095305430223776,te_pva_v1_2026-10-09,1.4726247406660589,6.605984469313779,0.2647058823529412,0.01018788582299461,0.4075562784643203,0.23076923076923078,-0.03543770974052875,0.34110718023359293,53.41107180233593,0.2514705882352941,False
player,41236,Eric Ebron,2021,1,6,6,13,3,8,2,0,12,12,13,0,0,0,0,0,0,1.0,0.0,0.0,0.0,0.23432103139863153,0.0593978773590371,0.14188708213923346,0.008311465348925183,0.23432103139863153,0.0593978773590371,0.14188708213923346,0.008311465348925183,0.394822155663208,0.0,0.394822155663208,3.0370935051015997,1.8024694722971655,0.45690674891567,-0.004897121864902991,2.8499999999999996,0.39960955493450756,0.25110217960470965,2.808333333333333,4.260183068934155,5.125833333333332,0.9230769230769231,1.5164797728273915,te_pva_v1_2026-10-09,0.0647931503599124,6.0093938598432874,0.34210526315789475,0.009938759452524527,0.3982189283363047,0.375,-0.0018364206993386218,0.3382106259809582,53.38210625980958,0.3381578947368421,False
player,42486,MyCole Pruitt,2021,2,8,7,36,27,2,6,1,33,33,33,0,1,2,0,3,0,0.9166666666666666,0.08333333333333333,0.0,0.0,2.16693171724225,0.5362137204148268,1.5108188304759353,0.018619722946258993,-0.8330682827577501,0.5362137204148268,1.5108188304759353,0.018619722946258993,3.631028657900582,3.0,0.6310286579005818,1.7528573830571719,-2.3140785632159724,1.4894825567078525,-0.1762644803381079,3.106060606060606,0.36642255811312285,0.3043145943268806,2.9727272727272727,4.139118593401464,4.81969696969697,0.9166666666666666,4.763081223977597,te_pva_v1_2026-10-09,-7.582781815938917,11.088496582053262,0.5901639344262295,0.010063596089070589,0.4028978524583674,0.6226415094339622,-0.10974958209731246,0.32600073727501544,53.26000737275015,0.5827868852459016,True
player,44009,J.P. Holtz,2021,2,8,3,3,2,0,0,1,2,2,3,0,0,0,0,0,0,1.0,0.0,0.0,0.0,0.19402136409341678,0.03077748361053685,0.06623808217273633,0.0005829933339662995,0.19402136409341678,0.03077748361053685,0.06623808217273633,0.0005829933339662995,0.27257309685814923,0.0,0.27257309685814923,9.08576989527164,6.467378803113892,1.0259161203512284,0.5991425095613677,3.3499999999999996,0.5394957983193277,0.5394957983193277,3.3499999999999996,5.326640560218719,1.790000000000001,0.6666666666666666,3.1689996506016755,te_pva_v1_2026-10-09,2.8745305800923573,15.297009210450923,0.10714285714285714,0.009122278585388333,0.36761691814007,0.09090909090909091,0.05446750086921525,0.3206445055494418,53.20644505549442,0.10178571428571427,False
player,53433,Kyle Pitts,2021,1,8,6,10,4,4,1,1,8,8,9,1,0,0,0,0,0,0.9,0.0,0.0,0.1,0.32750333826634254,0.10230247395967146,0.25695752316132514,0.007629854988117417,0.32750333826634254,0.10230247395967146,-0.7430424768386749,0.007629854988117417,0.6020700582171048,0.25,0.3520700582171049,3.520700582171049,3.2750333826634255,1.0230247395967145,-0.3168093005821395,3.275,0.304358418589995,0.1520965997837318,2.9,3.7154731872182714,5.931250000000001,0.8,1.2933991723648266,te_pva_v1_2026-10-09,0.9856382043359888,6.055762960006109,0.2857142857142857,0.009569164621423685,0.3843663749635666,0.2857142857142857,-0.09051694302346842,0.3131338772655114,53.13133877265511,0.27714285714285714,False
player,53574,Luke Farrell,2021,1,6,4,10,5,3,2,0,10,10,10,0,0,0,0,0,0,1.0,0.0,0.0,0.0,0.20170244160818004,0.049575252085657856,0.1624460296092505,0.008562964545702637,0.20170244160818004,0.049575252085657856,0.1624460296092505,0.008562964545702637,0.34788667659108535,0.0,0.34788667659108535,3.4788667659108534,2.0170244160818007,0.4957525208565785,-0.20524755469606926,3.45,0.29340502802436336,0.17735273383139238,3.2099999999999995,4.326284296298523,5.768999999999998,1.0,0.902939323270658,te_pva_v1_2026-10-09,1.7091056923003638,5.248627839521343,0.2857142857142857,0.00944963943210884,0.3798865258827802,0.3333333333333333,-0.06841585156535641,0.3126411692655597,53.126411692655594,0.2857142857142857,False
player,39109,Derek Carrier,2021,1,3,3,3,1,2,0,0,3,3,3,0,0,0,0,0,0,1.0,0.0,0.0,0.0,0.16047874867798498,0.030921878277838596,0.06464416238482742,0.000983356984862166,0.16047874867798498,0.030921878277838596,0.06464416238482742,0.000983356984862166,0.2392210635685157,0.0,0.2392210635685157,7.974035452283856,5.349291622599499,1.0307292759279532,0.33085283737791804,3.1333333333333333,0.6283068783068783,0.6283068783068783,3.1333333333333333,4.196526738661709,5.819999999999998,1.0,7.425872818708809,te_pva_v1_2026-10-09,-6.580675272385409,22.52874617695312,0.10714285714285714,0.007931134539329992,0.322972390987199,0.13043478260869565,0.04315471791885887,0.28099974002694794,52.80999740026948,0.10714285714285714,False
player,46176,Christopher Herndon,2021,1,8,4,5,2,3,0,0,5,5,5,0,0,0,0,0,0,1.0,0.0,0.0,0.0,0.14794269088456918,0.032883299724390525,0.11766354057659872,0.0029545583490346123,0.14794269088456918,0.032883299724390525,0.11766354057659872,0.0029545583490346123,0.24534109423927586,0.0,0.24534109423927586,4.906821884785517,2.9588538176913834,0.6576659944878105,0.2908958602942896,2.9200000000000004,0.36462390128465183,0.325184246112238,2.9200000000000004,4.712795334746426,3.3959999999999986,1.0,2.037803600054563,te_pva_v1_2026-10-09,0.912726828678573,8.900916940892461,0.16666666666666666,0.007606393259066662,0.3108009655812206,0.2,0.05817917205885792,0.27290769655286623,52.72907696552866,0.16666666666666666,False
player,52962,Tyler Mabry,2021,3,4,2,3,2,1,0,0,3,3,3,0,0,0,0,0,0,1.0,0.0,0.0,0.0,0.1386428004244843,0.0342813684277465,0.08873083373832674,0.0011680698101034185,0.1386428004244843,0.0342813684277465,0.08873083373832674,0.0011680698101034185,0.23026429807213655,0.0,0.23026429807213655,7.675476602404552,4.621426680816143,1.1427122809248833,-0.010412876918231432,3.1999999999999997,0.4518518518518519,0.36481481481481476,3.1999999999999997,4.857968605759311,5.659999999999999,1.0,3.3412538972739227,te_pva_v1_2026-10-09,1.1266189637476636,14.22433424106144,0.10714285714285714,0.00761125005731645,0.3109830002075584,0.13043478260869565,-0.0013582013371606215,0.26413181997585056,52.64131819975851,0.10714285714285714,False
player,52673,Mitchell Wilcox,2021,8,8,1,1,1,0,0,0,1,1,1,0,0,0,0,0,0,1.0,0.0,0.0,0.0,0.1114082611504154,0.03554061035175164,0.041383148762224375,0.0003942192467090628,0.1114082611504154,0.03554061035175164,0.041383148762224375,0.0003942192467090628,0.19313093347950655,0.0,0.19313093347950655,19.313093347950655,11.14082611504154,3.554061035175164,0.8509529939413678,4.6,0.574468085106383,0.574468085106383,4.6,6.901311469568662,4.909999999999997,1.0,,te_pva_v1_2026-10-09,,,0.038461538461538464,0.006768524500470409,0.27939732916337917,0.047619047619047616,0.04052157114006513,0.24356596545988204,52.43565965459882,0.038461538461538464,False
player,48766,Kendall Blanton,2021,8,8,1,1,1,0,0,0,1,1,1,0,0,0,0,0,0,1.0,0.0,0.0,0.0,0.10649612462950286,0.020693221442726915,0.0645170834429449,0.0003008857952201236,0.10649612462950286,0.020693221442726915,0.0645170834429449,0.0003008857952201236,0.16423750272210805,0.0,0.16423750272210805,16.423750272210803,10.649612462950287,2.0693221442726917,0.959108982749062,3.8,0.8461538461538461,0.8461538461538461,3.8,4.958033884515111,4.019999999999996,1.0,,te_pva_v1_2026-10-09,,,0.038461538461538464,0.005657238702108927,0.2377459191901481,0.047619047619047616,0.0456718563213839,0.20893480975983345,52.08934809759833,0.038461538461538464,False
player,53576,Brevin Jordan,2021,8,8,1,1,1,0,0,0,1,1,1,0,0,0,0,0,0,1.0,0.0,0.0,0.0,0.1376229722652827,0.005863684432602209,0.029526768545448293,0.0008699446381314869,0.1376229722652827,0.005863684432602209,0.029526768545448293,0.0008699446381314869,0.15738449174544783,0.0,0.15738449174544783,15.738449174544783,13.76229722652827,0.586368443260221,1.1953452161844207,3.8,0.6410256410256411,0.6410256410256411,3.8,5.357620740589986,3.049999999999997,1.0,,te_pva_v1_2026-10-09,,,0.038461538461538464,0.005393661356852766,0.2278669410882889,0.047619047619047616,0.05692120077068669,0.20222508004064857,52.02225080040648,0.038461538461538464,False
player,42033,Cameron Brate,2021,5,8,4,12,1,10,0,1,12,12,11,1,0,0,0,0,0,0.9166666666666666,0.0,0.0,0.08333333333333333,0.22384148122684427,0.09397480145107419,0.19626162464854865,0.006001734120590989,0.22384148122684427,0.09397480145107419,-0.8037383753514513,0.006001734120590989,0.46535779088157303,0.25,0.21535779088157306,1.7946482573464422,1.865345676890369,0.7831233454256183,0.06640715016211178,3.5416666666666665,0.2645840223877471,0.1677625542050598,3.4499999999999997,4.412015600890786,6.179999999999999,1.0,0.5353338683265974,te_pva_v1_2026-10-09,0.7453938754263114,2.843902639266573,0.32432432432432434,0.005356986335521544,0.2264923474855487,0.375,0.024902681310791916,0.19625389755933517,51.962538975593354,0.32432432432432434,False
player,42516,James O'Shaughnessy,2021,1,1,1,7,0,6,0,1,7,7,7,0,0,0,0,0,0,1.0,0.0,0.0,0.0,0.11164555089620057,0.02865990461603289,0.030706450585148936,0.004657812589567966,0.11164555089620057,0.02865990461603289,0.030706450585148936,0.004657812589567966,0.1801353322167296,0.0,0.1801353322167296,2.5733618888104224,1.594936441374294,0.40942720880046984,0.2656736223674919,3.242857142857143,0.20585277107016234,0.14730882937404677,3.242857142857143,4.7355709412833535,5.651428571428574,1.0,1.2048113470874975,te_pva_v1_2026-10-09,0.21193164851892732,4.9347921291019174,0.21875,0.005093313617170427,0.21660979476419528,0.25925925925925924,0.06887834653972012,0.19445007753052398,51.94450077530524,0.21875,False
player,53510,Hunter Long,2021,6,6,1,3,3,0,0,0,3,3,3,0,0,0,0,0,0,1.0,0.0,0.0,0.0,0.11362669313938359,0.012568807090868692,0.1094766297478646,0.0008950398358987941,0.11362669313938359,0.012568807090868692,0.1094766297478646,0.0008950398358987941,0.16680474463501122,0.0,0.16680474463501122,5.560158154500374,3.787556437979453,0.41896023636228974,0.0035071693679377867,3.5999999999999996,0.7294745484400657,0.6961412151067323,3.533333333333333,4.618019726280116,5.760000000000001,1.0,1.1230615181856825,te_pva_v1_2026-10-09,3.3589575788564363,7.761358730144311,0.10714285714285714,0.005344837434561974,0.22603700210514582,0.13043478260869565,0.0004574568740788417,0.19220007032048575,51.92200070320486,0.10714285714285714,False
player,52942,Juwan Johnson,2021,2,7,4,5,1,4,0,0,5,5,5,0,0,0,0,0,0,1.0,0.0,0.0,0.0,0.1269447731925418,0.015781199412997965,0.034348194382722574,0.004697819235907209,0.1269447731925418,0.015781199412997965,0.034348194382722574,0.004697819235907209,0.1706175850411488,0.0,0.1706175850411488,3.412351700822976,2.538895463850836,0.3156239882599593,-0.18681357998718312,2.78,0.20751633986928106,0.14209150326797387,2.78,5.606338068802869,6.184,1.0,2.096059874491683,te_pva_v1_2026-10-09,-0.6959256531807227,7.520629054826674,0.16666666666666666,0.0051156096191290945,0.21744545730907228,0.2,-0.037362715997436624,0.17922423131309595,51.79224231313096,0.16666666666666666,False
player,48096,Andrew Beck,2021,4,7,2,2,2,0,0,0,2,2,2,0,0,0,0,0,0,1.0,0.0,0.0,0.0,0.11483648943021377,0.00996527994068758,0.03801459686578544,0.0004529802656306611,0.11483648943021377,0.00996527994068758,0.03801459686578544,0.0004529802656306611,0.1446104337272583,0.0,0.1446104337272583,7.2305216863629145,5.7418244715106885,0.498263997034379,0.4799406045273653,3.25,0.38571428571428573,0.38571428571428573,3.25,4.479478024609504,2.335000000000001,1.0,2.578207904826833,te_pva_v1_2026-10-09,2.177234192902322,12.283809179823507,0.07407407407407407,0.004720782861480828,0.20264720183288723,0.09090909090909091,0.043630964047942304,0.17879476616514547,51.78794766165146,0.07407407407407407,False
player,35534,Jimmy Graham,2021,2,6,4,8,3,4,1,0,8,7,8,0,0,0,0,0,0,1.0,0.0,0.0,0.0,0.11557325152773837,0.0245673268878314,0.06185988895159777,0.002808991062662204,0.11557325152773837,0.0245673268878314,0.06185988895159777,0.002808991062662204,0.18227962083829724,0.0,0.18227962083829724,2.2784952604787154,1.4446656440967296,0.3070915860978925,-0.0985126219353588,4.057142857142857,0.193665676460604,0.11552362880636124,3.4857142857142853,3.652881529110251,3.3142857142857145,0.875,0.4341661246445018,te_pva_v1_2026-10-09,1.427529656175492,3.129460864781939,0.24242424242424243,0.005003949223364282,0.2132603836505852,0.25925925925925924,-0.025540309390648577,0.1774402796944001,51.774402796944,0.23787878787878788,False
player,44857,Adam Shaheen,2021,2,8,6,27,19,4,2,2,27,27,24,1,1,1,0,2,0,0.8888888888888888,0.07407407407407407,0.0,0.037037037037037035,1.6263180439381733,0.32059249170633497,0.983434760944845,0.012536414728428395,-0.37368195606182664,0.32059249170633497,-0.016565239055154862,0.012536414728428395,2.5227640286333757,2.25,0.2727640286333755,1.010237143086576,-1.384007244673432,1.1873795989123517,-0.1360934340946654,3.7,0.4683328168621906,0.38342316064668663,3.377777777777778,4.116427869863829,6.317407407407408,1.0,5.417505623366963,te_pva_v1_2026-10-09,-9.608073878712672,11.628548164885823,0.5192307692307693,0.004915667926271147,0.20995156740941992,0.574468085106383,-0.07818133447991417,0.16673163212601982,51.667316321260195,0.5192307692307693,True
player,44856,Gerald Everett,2021,1,8,6,22,9,8,5,0,21,21,21,0,0,1,0,1,0,0.9545454545454546,0.045454545454545456,0.0,0.0,0.7652439634138783,0.17079974146960994,0.448942756154837,0.036410377114064904,-0.2347560365861216,0.17079974146960994,0.448942756154837,0.036410377114064904,1.2463869182273561,1.0,0.24638691822735603,1.1199405373970728,-1.0670728935732798,0.7763624612254997,-0.16261932283508104,4.061904761904762,0.3265291921490268,0.22955707724617827,3.6476190476190475,4.123510004057464,6.543809523809524,0.9545454545454546,4.881871408175476,te_pva_v1_2026-10-09,-8.44852742262686,10.688408497421005,0.46808510638297873,0.004877396207661279,0.20851712899173286,0.5121951219512195,-0.08329282389113907,0.16474563605930206,51.64745636059302,0.4648936170212766,True
player,46797,Tanner Hudson,2021,5,5,1,1,1,0,0,0,1,1,1,0,0,0,0,0,0,1.0,0.0,0.0,0.0,0.07648581061696551,0.02300081813005273,0.04598775693274331,0.0009733211250379278,0.07648581061696551,0.02300081813005273,0.04598775693274331,0.0009733211250379278,0.13471437695403524,0.0,0.13471437695403524,13.471437695403523,7.648581061696551,2.300081813005273,-0.3972443673671082,4.0,0.8536585365853658,0.5609756097560976,4.0,4.046640582013667,7.790000000000006,1.0,,te_pva_v1_2026-10-09,,,0.038461538461538464,0.004521733864875359,0.19518677052475863,0.047619047619047616,-0.018916398446052772,0.16307129517913693,51.63071295179137,0.038461538461538464,False
player,45281,Jacob Hollister,2021,3,4,2,3,2,1,0,0,3,3,3,0,0,0,0,0,0,1.0,0.0,0.0,0.0,0.10163788256260592,0.008212322698020027,0.056302920729409546,0.0012029242764207597,0.10163788256260592,0.008212322698020027,0.056302920729409546,0.0012029242764207597,0.13304045134831394,0.0,0.13304045134831394,4.434681711610464,3.3879294187535303,0.2737440899340009,0.14805478531261734,4.866666666666666,0.12560386473429952,0.11473429951690821,2.766666666666666,5.717717518612971,5.766666666666668,1.0,1.632531009913065,te_pva_v1_2026-10-09,1.2349209321808567,7.634442491040072,0.10714285714285714,0.004138969817179928,0.18084062995760466,0.13043478260869565,0.019311493736428348,0.15661125952442823,51.566112595244284,0.10714285714285714,False
player,47852,Josh Oliver,2021,2,7,5,8,0,5,3,0,8,8,8,0,0,0,0,0,0,1.0,0.0,0.0,0.0,0.10243818832371593,0.023715398419111453,0.0358045332096144,0.005140673861396339,0.10243818832371593,0.023715398419111453,0.0358045332096144,0.005140673861396339,0.1626756238603897,0.0,0.1626756238603897,2.033445298254871,1.2804773540464491,0.29644248023889314,-0.3465860504013578,4.487500000000001,0.1321656206339305,0.09018607240438226,3.2375,3.6954354681411696,7.744999999999998,1.0,0.37767683864023976,te_pva_v1_2026-10-09,1.293198694520001,2.773691901989741,0.24242424242424243,0.004409888708882235,0.1909947719833769,0.2857142857142857,-0.09902458582895937,0.14749186831152644,51.47491868311526,0.24242424242424243,False
player,34540,Jared Cook,2021,1,8,7,36,12,21,1,2,36,36,34,1,0,1,0,1,0,0.9444444444444444,0.027777777777777776,0.0,0.027777777777777776,0.9747860612447087,0.18074294813457126,0.4957343180624948,0.019792520128847548,-0.025213938755291303,0.18074294813457126,-0.5042656819375051,0.019792520128847548,1.4750499271261106,1.25,0.22504992712611052,0.6251386864614181,-0.07003871876469807,0.5020637448182536,-0.04356167847977612,3.3527777777777783,0.33986053010180534,0.18128636785664418,3.2250000000000005,4.4083000843916995,6.1755555555555555,1.0,2.7437489253955327,te_pva_v1_2026-10-09,-4.752609207313826,6.002886580236662,0.5901639344262295,0.0034082070599808943,0.15345136678323185,0.6428571428571429,-0.028003936165570367,0.1262330713409115,51.26233071340911,0.5901639344262295,True
player,52526,Albert Okwuegbunam,2021,1,8,5,22,9,7,5,1,20,20,21,0,1,0,0,1,0,0.9545454545454546,0.045454545454545456,0.0,0.0,0.7911995352499753,0.14361210383737155,0.3991254805122567,0.015317941820061085,-0.20880046475002462,0.14361210383737155,0.3991254805122567,0.015317941820061085,1.1896935694178283,1.0,0.18969356941782844,0.8622434973537657,-0.9490930215910209,0.6527822901698707,-0.22198928222590714,3.435,0.35300704053649656,0.23566602763892663,2.9300000000000006,4.172604527163401,6.220526315789475,0.9090909090909091,4.792216713799702,te_pva_v1_2026-10-09,-8.530501261693649,10.254988256401182,0.46808510638297873,0.003671154743628777,0.1633067449310293,0.5,-0.11099464111295357,0.12216153702443187,51.22161537024432,0.46170212765957447,True
player,45217,Cethan Carter,2021,1,6,4,4,3,0,0,1,3,3,4,0,0,0,0,0,0,1.0,0.0,0.0,0.0,0.07051025512589736,0.012528711825709235,0.04645424724525915,0.0008043105760632197,0.07051025512589736,0.012528711825709235,0.04645424724525915,0.0008043105760632197,0.10778447352067802,0.0,0.10778447352067802,2.6946118380169506,1.7627563781474338,0.3132177956427309,-0.6799353116136625,3.433333333333333,0.28286808976464145,0.28286808976464145,3.433333333333333,3.855360988099046,6.3166666666666655,0.75,0.585428730624057,te_pva_v1_2026-10-09,1.547171525993799,3.842052150040102,0.13793103448275862,0.003125350932875934,0.14284981268179375,0.13043478260869565,-0.0886872145583038,0.10811925859577912,51.081192585957794,0.13275862068965516,False
player,48011,Tommy Sweeney,2021,2,8,6,15,7,6,2,0,15,14,14,0,0,1,0,1,0,0.9333333333333333,0.06666666666666667,0.0,0.0,0.7404768332912472,0.12437184800290368,0.45923940749719233,0.013183926508410247,-0.25952316670875286,0.12437184800290368,0.45923940749719233,0.013183926508410247,1.1139183260526604,1.0,0.11391832605266036,0.7594555070177357,-1.730154444725019,0.8291456533526913,0.07047959023103102,3.7071428571428564,0.38129326574987477,0.2648109771822738,3.464285714285714,4.117895914901433,4.107142857142857,0.9333333333333333,5.635917493817396,te_pva_v1_2026-10-09,-10.28694278086436,11.80585379489983,0.375,0.00241922573963461,0.11638397467730731,0.4117647058823529,0.029021007742189242,0.1032795296370396,51.032795296370395,0.37124999999999997,False
player,46226,Tyler Conklin,2021,1,8,7,52,37,12,3,0,51,51,47,0,1,4,0,5,0,0.9038461538461539,0.09615384615384616,0.0,0.0,3.117578868839326,0.74276394012834,2.2618560854369703,0.04197562839601478,-1.8824211311606744,0.74276394012834,2.2618560854369703,0.04197562839601478,5.20005249175226,5.0,0.20005249175225975,0.3847163302928072,-3.6200406368474507,1.4283921925545,-0.1564981920297866,3.343137254901961,0.4250369505420658,0.32894140556843826,3.0274509803921577,3.7451891192351288,5.821372549019608,0.9807692307692307,4.088217411771182,te_pva_v1_2026-10-09,-7.62818979677871,8.397622457364324,0.6753246753246753,0.0023753661725322574,0.11474010159504347,0.7183098591549296,-0.11241419427491714,0.08066695721454938,50.806669572145495,0.6733766233766234,True
player,52523,Harrison Bryant,2021,1,8,5,14,6,5,3,0,13,13,13,0,1,0,0,1,0,0.9285714285714286,0.07142857142857142,0.0,0.0,0.6545210960958819,0.1525101589080774,0.27266208008750803,0.002959346570527769,-0.3454789039041181,0.1525101589080774,0.27266208008750803,0.002959346570527769,1.0299264438618096,1.0,0.029926443861809565,0.21376031329863976,-2.4677064564579863,1.0893582779148385,0.30635841318649004,3.238461538461539,0.3543355437096899,0.22895685177346442,3.2307692307692313,5.576397762926879,4.672307692307693,0.9285714285714286,7.566050165132452,te_pva_v1_2026-10-09,-14.615698010360967,15.043218636958246,0.358974358974359,0.00032761916396240086,0.03798977301066188,0.3939393939393939,0.12068664761892031,0.050394304201900636,50.503943042019,0.35512820512820514,False
player,43079,Daniel Brown,2021,3,5,2,3,0,3,0,0,3,3,3,0,0,0,0,0,0,1.0,0.0,0.0,0.0,0.02936198875009209,0.004709324697037794,0.01077067938238396,0.0005310063320576965,0.02936198875009209,0.004709324697037794,0.01077067938238396,0.0005310063320576965,0.04187156273880694,0.0,0.04187156273880694,1.3957187579602313,0.978732958336403,0.1569774899012598,-0.39166451954353604,5.6000000000000005,0.1623900396278913,0.07194382769830339,5.066666666666666,2.104037258499552,9.546666666666667,1.0,0.18812434578684392,te_pva_v1_2026-10-09,1.0269950402180172,1.7644424757024453,0.10714285714285714,0.0008829380811261073,0.058803335029343,0.13043478260869565,-0.05108667646220035,0.042319833305611496,50.42319833305611,0.10714285714285714,False
player,37118,Kyle Rudolph,2021,1,8,8,56,38,11,4,3,56,56,52,1,0,2,1,3,0,0.9285714285714286,0.05357142857142857,0.017857142857142856,0.017857142857142856,3.381947313176817,0.7224982776784422,1.7290889378975114,0.03449552362368201,0.3819473131768172,-0.2775017223215576,0.7290889378975114,0.03449552362368201,5.285087745725841,5.25,0.035087745725839614,0.06265668879614217,0.6820487735300307,-0.49553878985992433,0.02438390816025359,3.6875,0.49525187427629913,0.36211422816847644,3.533928571428571,4.605310321709941,4.265892857142858,1.0,5.774925279836045,te_pva_v1_2026-10-09,-11.256196859682506,11.38151023727479,0.691358024691358,0.00022146233652547758,0.03401097516446231,0.7368421052631579,0.01796709022334475,0.03160439242329467,50.31604392423294,0.691358024691358,True
player,43206,Ross Travis,2021,5,5,1,1,0,1,0,0,1,1,1,0,0,0,0,0,0,1.0,0.0,0.0,0.0,0.007754160060160413,0.004176240332945642,0.0024788077106463204,0.0006799593156534832,0.007754160060160413,0.004176240332945642,0.0024788077106463204,0.0006799593156534832,0.01723631214045339,0.0,0.01723631214045339,1.723631214045339,0.7754160060160412,0.4176240332945642,-0.33902852665929306,3.2,0.21212121212121213,0.06060606060606061,3.2,3.855074577748142,6.559999999999999,1.0,,te_pva_v1_2026-10-09,,,0.038461538461538464,3.346756660671502e-06,0.025835921139752346,0.047619047619047616,-0.01614421555520443,0.01953890063550883,50.195389006355086,0.038461538461538464,False
player,41327,Richard Rodgers,2021,8,8,1,1,0,1,0,0,1,1,1,0,0,0,0,0,0,1.0,0.0,0.0,0.0,0.004633188618237248,0.0014648223266546558,0.0020544719851494013,6.0910757707849044e-05,0.004633188618237248,0.0014648223266546558,0.0020544719851494013,6.0910757707849044e-05,0.008122134336114797,0.0,0.008122134336114797,0.8122134336114797,0.4633188618237248,0.14648223266546556,-0.06190964549668408,3.8,0.358974358974359,0.0,3.8,4.354905280255815,4.760000000000005,1.0,,te_pva_v1_2026-10-09,,,0.038461538461538464,-0.00034719854350619736,0.012697351356023104,0.047619047619047616,-0.002948078356984956,0.010350536899071896,50.10350536899072,0.038461538461538464,False
player,46094,Hayden Hurst,2021,1,8,7,34,19,12,3,0,32,32,28,3,1,2,0,3,0,0.8235294117647058,0.08823529411764706,0.0,0.08823529411764706,2.059258082056895,0.6791290597041014,1.2988828957851606,0.016138135557956627,-0.9407419179431047,0.6791290597041014,-1.7011171042148394,0.016138135557956627,3.7543405270798558,3.75,0.0043405270798557785,0.012766256117222879,-2.766887993950308,1.997438410894416,-0.1045362391982177,3.359375,0.27208389805037936,0.22129388039438494,2.96875,4.050444915513491,5.4828125,0.9411764705882353,4.358362084912665,te_pva_v1_2026-10-09,-8.5296234303116,8.555155942546046,0.576271186440678,-0.00021709778622746017,0.017573576704384697,0.6153846153846154,-0.06432999335274936,0.005288041195814589,50.05288041195815,0.5711864406779661,True
player,45481,Ricky Seals-Jones,2021,1,8,7,50,22,20,8,0,50,50,47,0,2,1,0,3,0,0.94,0.06,0.0,0.0,2.1524634977532267,0.280482898755008,0.9933357762225726,0.01890436790570087,-0.8475365022467737,0.280482898755008,0.9933357762225726,0.01890436790570087,2.975941515248161,3.0,-0.024058484751838735,-0.04811696950367747,-1.6950730044935474,0.560965797510016,-0.0673864500917099,3.778,0.323938465863437,0.24241821718413342,3.59,4.124806385984187,6.985,1.0,3.408702635644616,te_pva_v1_2026-10-09,-6.729174135367125,6.63294019635977,0.6666666666666666,-0.0005494370829215289,0.005117374782944112,0.7142857142857143,-0.04813317863693565,-0.0028702082300378516,49.97129791769962,0.6666666666666666,True
player,52614,Tyler Davis,2021,5,5,1,2,2,0,0,0,2,2,1,1,0,0,0,0,0,0.5,0.0,0.0,0.5,0.1466752396876732,0.03075166443341395,0.08195523788825385,0.0016502622312067063,0.1466752396876732,0.03075166443341395,-0.9180447621117461,0.0016502622312067063,0.2299050746999696,0.25,-0.020094925300030417,-1.0047462650015209,7.333761984383661,1.5375832216706975,-0.09778028645076586,3.0999999999999996,0.5216748768472906,0.4359605911330049,3.0999999999999996,4.973200748356998,5.1299999999999955,1.0,11.67660964170511,te_pva_v1_2026-10-09,-23.890901162743535,21.88140863274049,0.07407407407407407,-0.0013794156210113462,-0.02599053320070223,0.09090909090909091,-0.008889116950069624,-0.023425320763107337,49.76574679236893,0.07407407407407407,False
player,44841,David Njoku,2021,1,8,8,44,23,14,7,0,43,43,42,0,0,1,1,2,0,0.9545454545454546,0.045454545454545456,0.022727272727272728,0.0,2.4513939995002016,0.5561859037868185,1.4393690536216406,0.02323613412746102,0.45139399950020204,-0.44381409621318163,1.4393690536216406,0.02323613412746102,3.9410351710748452,4.0,-0.058964828925155255,-0.1340109748298983,1.0258954534095501,-1.0086684004845037,-0.12911699166651527,3.520930232558139,0.41673128493166955,0.3646490395198552,3.295348837209302,4.361760978278381,6.217441860465115,0.9772727272727273,7.011069000078619,te_pva_v1_2026-10-09,-13.87570621498399,13.607684265324194,0.6376811594202898,-0.0011031032665569736,-0.01563424216106438,0.6825396825396826,-0.08812747050254217,-0.02650822641228605,49.73491773587714,0.6355072463768116,True
player,53959,Brock Wright,2021,7,8,2,4,2,1,1,0,3,3,3,1,0,0,0,0,0,0.75,0.0,0.0,0.25,0.10167802369609936,0.02656967136132378,0.11568063271479259,0.0013492004739289638,0.10167802369609936,0.02656967136132378,-0.8843193672852074,0.0013492004739289638,0.18474942495289182,0.25,-0.06525057504710821,-1.6312643761777053,2.5419505924024843,0.6642417840330945,-0.11013572424325375,2.6999999999999997,0.45230217810862966,0.29946696075728335,2.6999999999999997,4.697361973610689,6.159999999999999,0.75,3.7496110579351773,te_pva_v1_2026-10-09,-8.980502049730653,5.7179732973752415,0.13793103448275862,-0.00284137487980635,-0.08078531645269188,0.13043478260869565,-0.014365529249120055,-0.0708223483721561,49.29177651627844,0.13275862068965516,False
player,47959,Kaden Smith,2021,1,8,8,36,25,8,3,0,34,34,33,0,0,3,0,3,0,0.9166666666666666,0.08333333333333333,0.0,0.0,1.9497741975456737,0.24904759564777393,0.9559775921574705,0.017426208687298418,-1.0502258024543265,0.24904759564777393,0.9559775921574705,0.017426208687298418,2.699933443396063,3.0,-0.3000665566039371,-0.8335182127887142,-2.9172938957064622,0.691798876799372,0.04522067099219783,3.5735294117647056,0.4959330378578709,0.3753838533293126,3.2235294117647055,4.190606558843607,4.436764705882353,0.9444444444444444,4.145531823295812,te_pva_v1_2026-10-09,-8.958760586448506,7.291724160871077,0.5901639344262295,-0.005200259886413329,-0.1691972143053951,0.6296296296296297,0.028472274328420855,-0.13954679101032272,48.60453208989677,0.5852459016393443,True
player,42398,Maxx Williams,2021,1,5,5,24,18,5,1,0,23,23,22,0,0,2,0,2,0,0.9166666666666666,0.08333333333333333,0.0,0.0,1.2407222278576755,0.1893166108343149,0.5086783725315754,0.00879767826889729,-0.7592777721423245,0.1893166108343149,0.5086783725315754,0.00879767826889729,1.7531233013608722,2.0,-0.24687669863912776,-1.0286529109963658,-3.163657383926352,0.7888192118096453,0.09811708707154206,3.926086956521739,0.4798488071180291,0.3057786461691304,3.465217391304347,4.941741503647008,5.812173913043479,0.9583333333333334,6.182514222971167,te_pva_v1_2026-10-09,-13.146380788019853,11.089074966027122,0.4897959183673469,-0.005388285614416403,-0.17624448935751794,0.5348837209302325,0.052481232619662026,-0.14193563106094095,48.58064368939059,0.486734693877551,True
player,42503,Jesse James,2021,1,8,6,32,14,10,7,1,28,28,30,0,0,2,0,2,0,0.9375,0.0625,0.0,0.0,1.064378883533554,0.25617274810004154,0.5770039654318941,0.012930586189602009,-0.935621116466446,0.25617274810004154,0.5770039654318941,0.012930586189602009,1.7306733107338121,2.0,-0.26932668926618786,-0.841645903956837,-2.9238159889576436,0.8005398378126298,-0.0760853988520759,3.814285714285714,0.35369529900026714,0.26339882634258344,3.4250000000000003,3.9040055678051453,5.621785714285714,0.875,4.091744043342751,te_pva_v1_2026-10-09,-8.861464228908629,7.178172420994955,0.5614035087719298,-0.005025894486551996,-0.16266193349331337,0.5833333333333334,-0.04438314933037761,-0.144920115868873,48.55079884131127,0.5508771929824561,True
player,43399,Tyler Higbee,2021,1,8,8,58,20,28,10,0,56,55,57,0,0,0,1,1,0,0.9827586206896551,0.017241379310344827,0.017241379310344827,0.0,1.4433174104706679,0.36692938970858985,0.9162815848362624,0.027185441579813393,0.4433174104706679,-0.63307061029141,0.9162815848362624,0.027185441579813393,2.4266356672817735,3.0,-0.5733643327182265,-0.9885591943417699,0.7643403628804619,-1.091501052226569,0.07311872702126673,3.414545454545454,0.36845387021410775,0.26529556663714365,3.3545454545454545,4.719559439355679,5.609818181818182,0.9482758620689655,5.118998598314293,te_pva_v1_2026-10-09,-11.021796447037783,9.044678058354243,0.6987951807228916,-0.007114622038379548,-0.2409482282626932,0.7333333333333333,0.0536203998155956,-0.19676293405094986,48.0323706594905,0.6933734939759036,True
player,53553,John Bates,2021,4,8,4,10,7,3,0,0,9,9,9,0,0,1,0,1,0,0.9,0.1,0.0,0.0,0.48339170064220566,0.06827439252483292,0.29804434116846673,0.0028624170396891217,-0.5166082993577944,0.06827439252483292,0.29804434116846673,0.0028624170396891217,0.6965983837637549,1.0,-0.3034016162362451,-3.034016162362451,-5.166082993577944,0.6827439252483292,-0.19768303684856986,3.888888888888889,0.4474585931238592,0.3587159507677715,3.6000000000000005,3.5969092636118987,6.903333333333332,0.9,9.677096768915883,te_pva_v1_2026-10-09,-22.00112582943758,15.933093504712676,0.2857142857142857,-0.009158597505814884,-0.31755719806587157,0.3103448275862069,-0.0613499079874872,-0.2791261045541139,47.20873895445886,0.2814285714285714,False
player,45635,Robert Tonyan,2021,1,7,7,22,3,14,5,0,22,22,20,1,0,1,0,1,0,0.9090909090909091,0.045454545454545456,0.0,0.045454545454545456,0.42743602321953394,0.12598141684125713,0.25798837362601273,0.011520753560479487,-0.572563976780466,0.12598141684125713,-0.7420116263739873,0.011520753560479487,0.752536515478911,1.25,-0.49746348452108896,-2.2611976569140406,-2.6025635308203,0.572642803823896,0.09893133148572403,3.3454545454545457,0.31669224443370436,0.20376271714037372,3.127272727272728,4.711143418155758,6.597727272727273,1.0,4.589012091743532,te_pva_v1_2026-10-09,-11.255661356731364,6.733266042903283,0.46808510638297873,-0.010949208106135424,-0.3846699572915628,0.5238095238095238,0.051821173635379254,-0.3191962876525215,46.80803712347478,0.46808510638297873,True
player,47840,J.J. Arcega-Whiteside,2021,2,7,6,9,4,3,1,1,9,9,8,0,0,1,0,1,0,0.8888888888888888,0.1111111111111111,0.0,0.0,0.41008819677194747,0.029096144120021445,0.15785665613684838,0.002935413510748214,-0.5899118032280524,0.029096144120021445,0.15785665613684838,0.002935413510748214,0.5099462091792636,1.0,-0.4900537908207363,-5.445042120230403,-6.554575591422804,0.3232904902224605,0.08026408502836752,3.9777777777777774,0.41801738770142827,0.36363075476585055,3.5777777777777775,3.943176409298979,5.02,1.0,9.071174899512277,te_pva_v1_2026-10-09,-23.22454492327447,12.33446068281366,0.2647058823529412,-0.014917737861412124,-0.5334119461406173,0.3103448275862069,0.024909543629493366,-0.4496637226751007,45.503362773248995,0.2647058823529412,False
player,46331,Ross Dwelley,2021,1,7,6,23,12,4,5,2,22,22,20,0,2,1,0,3,0,0.8695652173913043,0.13043478260869565,0.0,0.0,1.5617189752965164,0.2668700787030473,0.7804479343124165,0.025499061478388714,-1.4382810247034836,0.2668700787030473,0.7804479343124165,0.025499061478388714,2.3096954123895066,3.0,-0.6903045876104934,-3.001324293958667,-6.253395759580363,1.1603046900132492,-0.22718261006628485,4.327272727272727,0.2654348307136751,0.1846863002281344,3.7181818181818183,3.654523916791226,6.013636363636363,0.9565217391304348,7.523226254924792,te_pva_v1_2026-10-09,-17.74684775361126,11.744199165693924,0.4791666666666667,-0.014738622584953528,-0.5266986381659761,0.5238095238095238,-0.1190004147966254,-0.46554390466057344,45.344560953394264,0.47604166666666664,True
player,43324,Hunter Henry,2021,1,8,8,58,24,23,10,1,55,55,50,4,3,1,0,4,0,0.8620689655172413,0.06896551724137931,0.0,0.06896551724137931,2.4482162259528857,0.46081445352815253,1.4428794952248187,0.028659975084389513,-1.5517837740471145,0.46081445352815253,-2.5571205047751815,0.028659975084389513,3.752059988128688,5.0,-1.2479400118713122,-2.151620710122952,-2.675489265598473,0.7945076784968147,-0.0557190017484177,3.030909090909091,0.3760508441976272,0.29082896274073244,2.9454545454545453,4.551193421713873,6.132909090909092,0.9482758620689655,3.4143812333400283,te_pva_v1_2026-10-09,-8.843807927469406,4.540566507223503,0.6987951807228916,-0.015242039859501063,-0.5455669070853684,0.7333333333333333,-0.040860601282172976,-0.469860961214889,45.30139038785111,0.6933734939759036,True
player,52513,Adam Trautman,2021,1,8,7,44,28,8,4,4,41,41,39,3,0,1,1,2,0,0.8863636363636364,0.045454545454545456,0.022727272727272728,0.06818181818181818,2.3163745270672043,0.4724475042961906,1.287849994240683,0.02789038577216946,0.31637452706720454,-0.5275524957038096,-1.712150005759317,0.02789038577216946,3.604149823548884,4.75,-1.1458501764511166,-2.6042049464798103,0.7190330160618286,-1.1989829447813853,0.07881132854259922,3.7804878048780486,0.45544652914004385,0.3561305912335959,3.4951219512195126,4.524263824587318,4.558780487804878,0.9318181818181818,6.847029108853551,te_pva_v1_2026-10-09,-16.02438199983277,10.81597210687315,0.6376811594202898,-0.016855064824904238,-0.6060236898770894,0.6721311475409836,0.052971548692566685,-0.507174404091641,44.928255959083586,0.631159420289855,True
player,48456,Donald Parham,2021,1,8,7,33,21,8,4,0,32,32,31,1,0,0,1,1,0,0.9393939393939394,0.030303030303030304,0.030303030303030304,0.030303030303030304,1.3710416321312302,0.3015695299278609,0.7798778710408856,0.01130083909323032,0.3710416321312302,-0.6984304700721391,-0.22012212895911448,0.01130083909323032,2.177625789067096,3.25,-1.0723742109329035,-3.2496188210087986,1.1243685822158491,-2.116455969915573,-0.002494190468298546,3.5437499999999997,0.4704451172166928,0.360724834609356,3.403125,4.3809209812270495,5.884375,0.9696969696969697,8.738525140691262,te_pva_v1_2026-10-09,-20.377128096763673,13.877890454746076,0.5689655172413793,-0.018784888058623786,-0.6783541909975341,0.6153846153846154,-0.0015348864420298746,-0.5768312953142085,44.231687046857914,0.5663793103448276,True
player,46167,Jordan Akins,2021,1,8,7,25,12,11,2,0,23,23,22,1,0,2,0,2,0,0.88,0.08,0.0,0.04,0.9714831071893727,0.13232262488521543,0.4161576384172956,0.023309987086692855,-1.0285168928106274,0.13232262488521543,-0.5838423615827044,0.023309987086692855,1.357650256879147,2.25,-0.8923497431208528,-3.569398972483411,-4.11406757124251,0.5292904995408617,-0.30033310578128547,3.582608695652174,0.2730437109166664,0.1612696957810462,3.147826086956521,3.776595068477615,7.087391304347825,0.92,5.247969644049103,te_pva_v1_2026-10-09,-13.855419474819653,6.716621529852832,0.5,-0.018189980791762574,-0.6560568427324656,0.5348837209302325,-0.16064328913882708,-0.5817448096934198,44.1825519030658,0.494,True
player,45594,Colin Thompson,2021,1,8,5,9,9,0,0,0,9,9,7,0,1,1,0,2,0,0.7777777777777778,0.2222222222222222,0.0,0.0,0.905019046694651,0.1332820757418836,0.48661551348456,0.003906188579215946,-1.094980953305349,0.1332820757418836,0.48661551348456,0.003906188579215946,1.2961667179839702,2.0,-0.7038332820160296,-7.820369800178106,-12.1664550367261,1.4809119526875958,-0.11363110972291111,3.433333333333333,0.6190101127033976,0.48867346452040944,3.211111111111111,4.389366072013412,4.73111111111111,1.0,13.227282063889325,te_pva_v1_2026-10-09,-33.74584264540118,18.10510304504497,0.2647058823529412,-0.021205369955391337,-0.7690747634764558,0.3103448275862069,-0.03526482715538621,-0.6590032730282953,43.40996726971704,0.2647058823529412,False
player,44792,Mo Alie-Cox,2021,1,8,8,34,15,17,2,0,33,33,33,0,0,0,1,1,0,0.9705882352941176,0.029411764705882353,0.029411764705882353,0.0,1.1362058717733754,0.22699024431853576,0.612331979160821,0.020587519824215212,0.13620587177337534,-0.7730097556814642,0.612331979160821,0.020587519824215212,1.7587099950688134,3.0,-1.2412900049311864,-3.6508529556799596,0.40060550521580984,-2.273558104945483,-0.037687113401923274,3.987878787878788,0.34608299203516335,0.23513022210952542,3.8212121212121204,4.214449307939775,5.8548484848484845,0.9705882352941176,8.64225944763149,te_pva_v1_2026-10-09,-20.58968147303768,13.287975561677762,0.576271186440678,-0.021329479684719703,-0.7737264428424158,0.6226415094339622,-0.023465561174782414,-0.6611873105922708,43.38812689407729,0.573728813559322,True
player,37234,Lee Smith,2021,1,8,7,38,32,2,2,2,32,32,35,0,0,2,1,3,0,0.9210526315789473,0.07894736842105263,0.02631578947368421,0.0,1.9923117042033984,0.5789067527602043,1.3383295785341698,0.012967815667371171,-1.0076882957966018,-0.4210932472397958,1.3383295785341698,0.012967815667371171,3.494433466107878,5.0,-1.505566533892122,-3.9620171944529528,-2.6518113047278997,-1.1081401243152522,-0.06279052851081968,3.03125,0.5251696290933789,0.44166985414539417,2.878125,4.193835279398632,3.798750000000001,0.8421052631578947,8.280956034387426,te_pva_v1_2026-10-09,-20.192691021852305,12.268656632946401,0.6031746031746031,-0.024170092545387267,-0.8801936819714912,0.6153846153846154,-0.0386403252374275,-0.7539606784613816,42.46039321538618,0.5888888888888888,True
player,45321,Antony Auclair,2021,1,8,8,24,20,2,2,0,21,21,22,1,0,0,1,1,0,0.9166666666666666,0.041666666666666664,0.041666666666666664,0.041666666666666664,1.3178478685121227,0.2334761112751372,0.7003829526742555,0.009553552264344772,0.3178478685121228,-0.7665238887248627,-0.29961704732574446,0.009553552264344772,1.9670609934292198,3.25,-1.2829390065707802,-5.345579194044917,1.3243661188005118,-3.193849536353594,0.13193936469457476,3.4285714285714284,0.42532771728568347,0.3334325364459471,3.3190476190476184,4.7656350819187665,4.606666666666665,0.875,12.066722991379049,te_pva_v1_2026-10-09,-28.996356257147852,18.30519786905802,0.4897959183673469,-0.02653241434771543,-0.9687343922213189,0.5121951219512195,0.06757869898990415,-0.8132874285396353,41.867125714603645,0.4806122448979592,True
player,47904,Trevon Wesco,2021,1,7,4,12,8,4,0,0,11,11,10,0,0,2,0,2,0,0.8333333333333334,0.16666666666666666,0.0,0.0,0.5051884029135856,0.1744250311636349,0.2084491828773326,0.0030203527549081334,-1.4948115970864142,0.1744250311636349,0.2084491828773326,0.0030203527549081334,0.9084160255263696,2.0,-1.0915839744736302,-9.096533120613586,-12.456763309053452,1.453541926363624,0.2120530991978549,3.709090909090909,0.34999566328431975,0.24528006105318953,3.4818181818181815,3.958007607252181,5.420909090909091,0.9166666666666666,9.372665136460748,te_pva_v1_2026-10-09,-27.46695678807665,9.27389054684948,0.32432432432432434,-0.029965764079483953,-1.0974176323655045,0.3548387096774194,0.07524464810246465,-0.9215182902953091,40.78481709704691,0.3202702702702703,False
player,35481,Rob Gronkowski,2021,1,3,3,19,11,3,4,1,19,19,17,1,0,0,1,1,0,0.8947368421052632,0.05263157894736842,0.05263157894736842,0.05263157894736842,1.1906068506525822,0.26444608230625066,0.9232278089467131,0.008727416184731442,0.1906068506525822,-0.7355539176937493,-0.0767721910532868,0.008727416184731442,1.9568515296403104,3.25,-1.2931484703596896,-6.806044580840472,1.0031939508030643,-3.8713364089144697,-0.09595605055290858,2.9315789473684206,0.38141391514414485,0.3469531931961563,2.8105263157894735,4.679888456443058,5.548421052631579,1.0,15.426071954129647,te_pva_v1_2026-10-09,-37.04114561093458,23.429056449253636,0.4318181818181818,-0.02977949470061285,-1.0904361859398786,0.48717948717948717,-0.04674781950013495,-0.933882930973917,40.66117069026083,0.4318181818181818,False
player,47791,T.J. Hockenson,2021,1,8,7,35,11,18,6,0,35,35,34,0,0,0,1,1,1,0.9714285714285714,0.02857142857142857,0.02857142857142857,0.0,1.2408635224829025,0.20956091513398015,0.7227281090781623,0.01813362103208027,0.24086352248290288,-0.7904390848660199,0.7227281090781623,-0.9818663789679198,1.8542675957944639,3.75,-1.895732404205536,-5.416378297730103,0.688181492808294,-2.2583973853314854,0.11542720588205377,3.7942857142857145,0.3398762159084621,0.21967481871617214,3.46,4.516017880200338,6.980857142857142,1.0,10.200697207445597,te_pva_v1_2026-10-09,-25.40974482432347,14.576988228863268,0.5833333333333334,-0.0318813616778802,-1.1692149513199805,0.6363636363636364,0.07345367647039786,-0.9828146571514238,40.17185342848576,0.5833333333333334,True
player,47803,Noah Fant,2021,1,8,8,71,17,41,12,1,70,70,66,1,0,3,1,4,0,0.9295774647887324,0.056338028169014086,0.014084507042253521,0.014084507042253521,1.8084941194425992,0.455663663448053,1.067977738867189,0.040901616925490096,-2.191505880557401,-0.544336336551947,0.06797773886718911,0.040901616925490096,3.0174920937496204,6.25,-3.23250790625038,-4.552828036972366,-3.086628000785072,-0.766670896552038,-0.21823571385626653,3.4099999999999997,0.2634396460545234,0.20872243122972828,3.1271428571428563,3.7167349763439175,6.769710144927536,0.9859154929577465,4.728357650764927,te_pva_v1_2026-10-09,-13.820409032471623,4.714752958526891,0.7395833333333334,-0.033850595861642255,-1.243022589680976,0.7777777777777778,-0.16973888855487396,-1.0820300345120606,39.17969965487939,0.7380208333333333,True
player,46189,Will Dissly,2021,1,8,8,42,30,2,8,2,42,42,35,1,0,6,0,6,0,0.8333333333333334,0.14285714285714285,0.0,0.023809523809523808,2.5859090374577574,0.45081746060343036,1.3969897382911762,0.01971393087136215,-3.414090962542243,0.45081746060343036,0.3969897382911763,0.01971393087136215,3.851576841390933,6.25,-2.3984231586090674,-5.710531330021589,-8.128788006052961,1.0733749061986437,-0.01251166231429758,3.880952380952381,0.44002009628642536,0.36408494424111976,3.6785714285714284,4.23610968311476,4.644285714285714,1.0,4.9856459913861775,te_pva_v1_2026-10-09,-15.482397473138498,4.061334813095319,0.6268656716417911,-0.03605332022502005,-1.3255815278518293,0.6774193548387096,-0.008475642212911264,-1.1280156450059915,38.71984354994009,0.6268656716417911,True
player,46544,Deon Yelder,2021,7,7,1,2,0,2,0,0,2,2,1,0,0,1,0,1,0,0.5,0.5,0.0,0.0,0.013939301539186356,0.009158142041094008,0.006851267244180656,0.0010502481496508283,-0.9860606984608136,0.009158142041094008,0.006851267244180656,0.0010502481496508283,0.03475608854465766,1.0,-0.9652439114553423,-48.26219557276711,-49.30303492304068,0.45790710205470037,-0.16421504586265878,3.25,0.39419642857142856,0.26026785714285716,2.8,3.730058637820398,7.140000000000001,1.0,50.1353682385359,te_pva_v1_2026-10-09,-146.52751732029748,50.00312617476324,0.07407407407407407,-0.036384933626763635,-1.3380105229573231,0.09090909090909091,-0.014928640532968981,-1.1395482405936699,38.6045175940633,0.07407407407407407,False
player,45785,Dan Arnold,2021,2,8,6,21,9,8,4,0,20,20,18,0,1,2,0,3,0,0.8571428571428571,0.14285714285714285,0.0,0.0,0.9458408325921417,0.11613908158466305,0.3959787380966077,0.02475808968481956,-2.054159167407858,0.11613908158466305,0.3959787380966077,0.02475808968481956,1.2956822475492344,3.0,-1.7043177524507656,-8.115798821194122,-9.7817103209898,0.5530432456412526,-0.3020816522868227,3.7350000000000003,0.3591914041599458,0.18708809781548258,3.11,3.4761471317937507,7.3515,0.9523809523809523,7.340203984563831,te_pva_v1_2026-10-09,-22.502598630939232,6.271000988550986,0.45652173913043476,-0.0374231967156096,-1.3769250142946179,0.5,-0.15104082614341136,-1.1930423860719368,38.06957613928063,0.4532608695652174,True
player,53512,Tommy Tremble,2021,1,8,8,19,11,6,2,0,19,19,18,0,0,0,1,1,0,0.9473684210526315,0.05263157894736842,0.05263157894736842,0.0,0.8064141598659165,0.18167998630472226,0.644337754548013,0.013446392499568,-0.19358584013408353,-0.8183200136952777,0.644337754548013,0.013446392499568,1.3409433654870404,3.0,-1.6590566345129596,-8.731877023752418,-1.018872842810966,-4.306947440501461,-0.048911606524586135,4.221052631578948,0.2954771073737807,0.20668453449243104,3.9157894736842103,4.0441612872488735,6.272105263157896,1.0,15.148489096319906,te_pva_v1_2026-10-09,-38.42291565253943,20.9591616050346,0.4318181818181818,-0.03809558934045989,-1.4021265429400027,0.48717948717948717,-0.02382873138377273,-1.1953818712065682,38.04618128793432,0.4318181818181818,False
player,46111,Mike Gesicki,2021,2,8,4,9,5,3,1,0,9,9,6,1,0,2,0,2,0,0.6666666666666666,0.2222222222222222,0.0,0.1111111111111111,0.6985389400163521,0.07771860222846178,0.36589799899236874,0.013274420860766665,-1.301461059983648,0.07771860222846178,-0.6341020010076311,0.013274420860766665,0.9554064598669427,2.25,-1.2945935401330573,-14.384372668145081,-14.460678444262756,0.8635400247606864,-0.284370721894997,3.900000000000001,0.3962838204672151,0.2991519759542133,3.511111111111111,3.6582861536897613,7.564444444444446,1.0,13.965325885273678,te_pva_v1_2026-10-09,-41.75641140328149,12.987666066991329,0.2647058823529412,-0.03858067166471568,-1.4203076110218011,0.3103448275862069,-0.08825298265706805,-1.220499416767091,37.79500583232909,0.2647058823529412,False
player,42589,Geoff Swaim,2021,2,8,7,49,31,8,8,2,47,47,44,3,0,0,2,2,0,0.8979591836734694,0.04081632653061224,0.04081632653061224,0.061224489795918366,2.2849175691468795,0.5675701428964844,1.6684423131053163,0.020470636869051564,0.28491756914687977,-1.4324298571035157,-1.331557686894684,0.020470636869051564,3.852521410867966,6.75,-2.8974785891320334,-5.913221610473538,0.5814644268303669,-2.9233262389867667,0.09237203730304444,3.182978723404256,0.5514518304302363,0.4617776176695856,3.0574468085106385,4.655083024056298,4.127659574468084,0.9591836734693877,8.544868275594308,te_pva_v1_2026-10-09,-22.661163430638382,10.834720209691305,0.6621621621621622,-0.03938686331890959,-1.4505239776444447,0.7014925373134329,0.06479829482452372,-1.2232256367740995,37.767743632259005,0.658108108108108,True
player,52451,Cole Kmet,2021,1,8,8,52,27,18,5,2,51,50,44,6,0,0,2,2,0,0.8461538461538461,0.038461538461538464,0.038461538461538464,0.11538461538461539,2.4861961577331178,0.4559011858188341,1.5831833343686164,0.036574523605733225,0.48619615773311764,-1.5440988141811656,-4.4168166656313845,0.036574523605733225,3.82122525566724,7.5,-3.6787747443327605,-7.074566816024539,0.9349926110252262,-2.9694207965022414,-0.18749961131127196,3.6660000000000004,0.3871089773817031,0.2971978015342555,3.28,3.740789559836278,6.113799999999999,0.9615384615384616,7.822240986441715,te_pva_v1_2026-10-09,-22.4061591494503,8.257025517401221,0.6753246753246753,-0.047999013516883585,-1.7733106083885337,0.7142857142857143,-0.1339282937937657,-1.5274032611993185,34.725967388006815,0.6714285714285715,True
player,43845,Stephen Anderson,2021,1,6,6,14,5,7,1,1,14,14,13,0,0,0,1,1,0,0.9285714285714286,0.07142857142857142,0.07142857142857142,0.0,0.49742042008067083,0.14566880382886452,0.2785735827640196,0.0031051441511802894,-0.5025795799193292,-0.8543311961711355,0.2785735827640196,0.0031051441511802894,0.86073028154279,3.0,-2.1392697184572103,-15.280497988980073,-3.589854142280923,-6.1023656869366825,0.036494125855475214,3.442857142857143,0.3029912901591606,0.21968278600110133,2.9785714285714286,3.9178063481977676,4.88214285714286,1.0,20.965766313072677,te_pva_v1_2026-10-09,-56.37339996260252,25.812403984642373,0.358974358974359,-0.055292795254474,-2.0466842930478464,0.4117647058823529,0.015026992999313322,-1.7374276001407725,32.62572399859228,0.358974358974359,False
player,47835,Drew Sample,2021,1,8,7,22,18,2,2,0,22,22,18,1,0,2,1,3,0,0.8181818181818182,0.13636363636363635,0.045454545454545456,0.045454545454545456,1.6582480303836253,0.37823360709184844,0.9609076496266293,0.011695646556205872,-1.3417519696163747,-0.6217663929081516,-0.039092350373370596,0.011695646556205872,2.663713891891135,5.25,-2.586286108108865,-11.755845945949385,-6.098872589165339,-2.8262108768552343,0.004313911743693974,3.6272727272727265,0.5789099766429788,0.46742113098066135,3.3499999999999996,4.124702729957026,5.929090909090909,1.0,14.48128587057308,te_pva_v1_2026-10-09,-40.13916625227262,16.62747436037385,0.46808510638297873,-0.05539224265055618,-2.0504116188816655,0.5238095238095238,0.002259668056220653,-1.7425109258409825,32.574890741590174,0.46808510638297873,True
player,47920,Foster Moreau,2021,1,7,7,39,30,7,1,1,39,39,32,3,1,1,2,4,0,0.8205128205128205,0.10256410256410256,0.05128205128205128,0.07692307692307693,3.116970286499829,0.557129871809556,2.6827453942033794,0.03468411317595617,-0.8830297135001706,-1.4428701281904441,-0.31725460579662007,0.03468411317595617,4.927929463551753,8.75,-3.822070536448246,-9.80018086268781,-2.26417875256454,-3.699666995360113,0.17047545151676324,3.0897435897435903,0.5537757322548276,0.45379320913438903,2.9179487179487187,4.783718590539849,5.086666666666668,1.0,11.093264841770745,te_pva_v1_2026-10-09,-31.542979952558472,11.942618227182852,0.609375,-0.05998780988930502,-2.2226552086071,0.6610169491525424,0.112687162867013,-1.872353852885983,31.27646147114017,0.609375,True
player,46118,Dallas Goedert,2021,2,8,6,18,11,7,0,0,17,17,15,1,0,1,1,2,0,0.8333333333333334,0.1111111111111111,0.05555555555555555,0.05555555555555555,1.1410085135016246,0.05974106157701627,0.28353356544141123,0.012442834485025644,-0.8589914864983754,-0.9402589384229838,-0.7164664345585888,0.012442834485025644,1.3407061538797793,4.25,-2.909293846120221,-16.162743589556783,-4.772174924990975,-5.223660769016577,-0.07557127065146738,5.129411764705883,0.3525693345882098,0.24187346745977822,4.5588235294117645,3.565567121940574,7.188823529411764,0.9444444444444444,16.74021326287087,te_pva_v1_2026-10-09,-48.97356158478369,16.648074405670123,0.4186046511627907,-0.06805681726947668,-2.5250846421192468,0.4594594594594595,-0.034721935164187714,-2.151530236075988,28.48469763924012,0.4151162790697675,False
player,44831,O.J. Howard,2021,1,8,8,25,17,6,0,2,24,24,19,3,1,1,1,3,0,0.76,0.12,0.04,0.12,1.3436490553665656,0.33864687901637197,0.8272280089372297,0.006515051877428287,-1.6563509446334344,-0.6613531209836281,-2.1727719910627705,0.006515051877428287,2.232636104541688,5.75,-3.5173638954583115,-14.069455581833246,-6.625403778533738,-2.6454124839345123,0.024342823969768317,3.154166666666667,0.45976607631325056,0.32725451313542225,3.0749999999999997,4.538764505518765,4.735416666666666,0.96,12.55126940706472,te_pva_v1_2026-10-09,-38.6699436196801,10.531032456013602,0.5,-0.07069026383851175,-2.6237872106675035,0.5454545454545454,0.013277903983509991,-2.2282274434698515,27.717725565301485,0.497,True
player,52725,Ben Ellefson,2021,2,5,4,8,7,0,0,1,8,8,6,1,0,0,1,1,0,0.75,0.125,0.125,0.125,0.5288099299475388,0.11052306886821131,0.25480976590129945,0.0014803206219832611,-0.47119007005246116,-0.8894769311317886,-0.7451902340987007,0.0014803206219832611,0.8146687496257737,3.25,-2.435331250374227,-30.441640629677835,-5.889875875655765,-11.118461639147357,-0.16497686772706188,3.75,0.4837087982993907,0.26523005915155307,2.8625,3.4515251754362595,3.7712499999999993,1.0,37.588458598539134,te_pva_v1_2026-10-09,-104.11501948281453,43.23173822345886,0.24242424242424243,-0.0743175923285304,-2.759740847677992,0.2857142857142857,-0.04713624792201768,-2.3528501577145957,26.471498422854044,0.24242424242424243,False
player,45142,Darrell Daniels,2021,2,6,3,7,2,5,0,0,7,7,5,0,0,1,1,2,0,0.7142857142857143,0.2857142857142857,0.14285714285714285,0.0,0.206581597171218,0.04817057599356516,0.13346661455458442,0.00204139200827493,-1.793418402828782,-0.9518294240064348,0.13346661455458442,0.00204139200827493,0.33782044680320067,4.0,-3.6621795531967996,-52.31685075995428,-25.62026289755403,-13.597563200091924,-0.36495107857872355,4.028571428571429,0.3194452506139887,0.15966368431430547,3.599999999999999,3.5746478663731587,7.668571428571427,1.0,40.67053507100029,te_pva_v1_2026-10-09,-132.03109949911484,27.39739797920629,0.21875,-0.11497902655200237,-4.28374670597161,0.25925925925925924,-0.09461694629818758,-3.6553772420205966,13.446227579794034,0.21875,False
