nflId,displayName,team,n,value,value_shrunk,lo,hi,lo_shrunk,hi_shrunk,higher_is_better,pva_scheme,protection_oe,value_volume,n_block,n_chip,value_inline,n_inline,pva_scheme_inline,value_other,n_other,pva_scheme_other,pressure_rate,te_allowed_rate,n_allowed_snaps,olrb_allowed_rate_same_plays
46170,Ian Thomas,CAR,61,0.12067,0.01357,0.01772,0.22362,0.01161,0.01553,True,0.00758,0.11310,7.36110,38,23,0.10765,47,0.00939,0.16438,14,0.00148,0.29508,0.01639,61,0.04430
37118,Kyle Rudolph,NYG,57,0.11433,0.01357,0.00783,0.22083,0.01161,0.01553,True,0.01080,0.10353,6.51678,42,15,0.13406,40,0.00953,0.06790,17,0.01377,0.26316,0.07018,57,0.03311
43370,Austin Hooper,CLE,51,0.11849,0.01357,0.00590,0.23108,0.01161,0.01553,True,0.01196,0.10653,6.04300,28,23,0.11465,44,0.01262,0.14261,7,0.00777,0.23529,0.03922,51,0.03943
47924,Zach Gentry,PIT,20,0.24741,0.01356,0.06762,0.42720,0.01160,0.01552,True,0.01301,0.23440,4.94817,16,4,0.24741,20,0.01301,,0,,0.20000,0.00000,20,0.01869
34540,Jared Cook,LAC,35,0.13114,0.01356,-0.00477,0.26705,0.01160,0.01552,True,0.00398,0.12716,4.58985,13,22,0.31082,3,0.00910,0.11429,32,0.00350,0.22857,0.02857,35,0.04420
45481,Ricky Seals-Jones,WAS,55,0.08357,0.01356,-0.02485,0.19199,0.01160,0.01552,True,0.00469,0.07888,4.59629,23,32,0.09192,11,0.00234,0.08148,44,0.00527,0.32727,0.05455,55,0.04530
42302,Chris Manhertz,JAX,34,0.11102,0.01355,-0.02688,0.24891,0.01159,0.01551,True,0.01227,0.09875,3.77453,26,8,0.13964,29,0.01391,-0.05500,5,0.00275,0.32353,0.02941,34,0.06286
42398,Maxx Williams,ARI,26,0.13180,0.01355,-0.02589,0.28949,0.01159,0.01551,True,0.01064,0.12115,3.42678,21,5,0.25953,17,0.00793,-0.10946,9,0.01577,0.26923,0.07692,26,0.01481
43399,Tyler Higbee,LA,60,0.06208,0.01355,-0.04172,0.16588,0.01159,0.01551,True,0.00668,0.05540,3.72485,25,35,0.07716,53,0.00756,-0.05209,7,0.00000,0.26667,0.01667,60,0.03896
41236,Eric Ebron,PIT,14,0.21996,0.01355,0.00507,0.43485,0.01159,0.01551,True,0.00485,0.21511,3.07943,5,9,0.19832,11,0.00610,0.29930,3,0.00027,0.07143,0.00000,14,0.02703
42721,Eric Tomlinson,BAL,14,0.20272,0.01355,-0.01218,0.41761,0.01159,0.01551,True,0.00922,0.19350,2.83804,10,4,0.17997,13,0.00839,0.49847,1,0.02006,0.14286,0.00000,14,0.01220
46206,Dalton Schultz,DAL,37,0.07574,0.01355,-0.05645,0.20792,0.01159,0.01551,True,0.00368,0.07206,2.80225,17,20,0.07212,35,0.00389,0.13904,2,0.00000,0.32432,0.05405,37,0.05181
52526,Albert Okwuegbunam,DEN,22,0.11545,0.01355,-0.05597,0.28688,0.01159,0.01551,True,0.00593,0.10953,2.53996,10,12,0.18425,16,0.00458,-0.06800,6,0.00951,0.31818,0.04545,22,0.03478
37179,Luke Stocker,MIN,7,0.32570,0.01355,0.02179,0.62960,0.01159,0.01551,True,0.00482,0.32088,2.27987,5,2,0.32592,6,0.00431,0.32435,1,0.00782,0.00000,0.00000,7,0.00000
52598,Charlie Woerner,SF,18,0.11756,0.01354,-0.07196,0.30708,0.01159,0.01550,True,0.01347,0.10409,2.11603,11,7,0.11648,17,0.01336,0.13590,1,0.01529,0.22222,0.00000,18,0.01053
39907,Darren Fells,DET,18,0.11270,0.01354,-0.07682,0.30222,0.01158,0.01550,True,0.00714,0.10556,2.02853,12,6,0.07718,11,0.00865,0.16851,7,0.00476,0.27778,0.00000,18,0.05208
53574,Luke Farrell,JAX,10,0.18370,0.01354,-0.07057,0.43797,0.01158,0.01550,True,0.00515,0.17855,1.83699,5,5,0.18352,8,0.00340,0.18443,2,0.01215,0.20000,0.00000,10,0.03922
44967,Jeremy Sprinkle,DAL,5,0.34464,0.01354,-0.01494,0.70423,0.01158,0.01550,True,0.01247,0.33217,1.72322,4,1,0.32148,3,0.01480,0.37939,2,0.00897,0.00000,0.00000,5,0.00000
45635,Robert Tonyan,GB,23,0.07200,0.01354,-0.09566,0.23966,0.01158,0.01550,True,0.00202,0.06998,1.65597,5,18,0.16298,7,0.00539,0.03220,16,0.00055,0.34783,0.04348,23,0.07627
44857,Adam Shaheen,MIA,26,0.06283,0.01354,-0.09486,0.22052,0.01158,0.01550,True,0.01026,0.05258,1.63366,20,6,0.08510,19,0.01019,0.00240,7,0.01044,0.30769,0.03846,26,0.05714
42460,Blake Bell,KC,28,0.05905,0.01354,-0.09290,0.21100,0.01158,0.01550,True,0.01378,0.04527,1.65340,17,11,0.05402,25,0.01544,0.10098,3,0.00000,0.28571,0.03571,28,0.02649
52451,Cole Kmet,CHI,52,0.03704,0.01354,-0.07447,0.14854,0.01158,0.01550,True,0.00922,0.02782,1.92592,30,22,0.06457,34,0.01096,-0.01498,18,0.00592,0.38462,0.03846,52,0.05435
47852,Josh Oliver,BAL,9,0.14713,0.01354,-0.12089,0.41515,0.01158,0.01550,True,0.00000,0.14713,1.32413,0,9,0.12649,6,0.00000,0.18840,3,0.00000,0.33333,0.00000,9,0.06522
45281,Jacob Hollister,JAX,4,0.31377,0.01354,-0.08826,0.71580,0.01158,0.01550,True,0.01392,0.29985,1.25507,3,1,0.15873,2,0.01424,0.46881,2,0.01360,0.25000,0.00000,4,0.10000
42589,Geoff Swaim,TEN,51,0.03439,0.01354,-0.07820,0.14698,0.01158,0.01550,True,0.00631,0.02808,1.75398,35,16,0.02662,46,0.00700,0.10586,5,0.00000,0.33333,0.05882,51,0.05515
46331,Ross Dwelley,SF,23,0.05913,0.01354,-0.10853,0.22679,0.01158,0.01550,True,0.01374,0.04539,1.36000,14,9,0.01353,19,0.01579,0.27574,4,0.00402,0.43478,0.17391,23,0.05426
52513,Adam Trautman,NO,41,0.03769,0.01354,-0.08788,0.16326,0.01158,0.01550,True,0.01143,0.02626,1.54533,29,12,0.02457,36,0.01223,0.13218,5,0.00567,0.36585,0.04878,41,0.03196
44841,David Njoku,CLE,47,0.03431,0.01354,-0.08297,0.15160,0.01158,0.01550,True,0.00666,0.02765,1.61261,26,21,0.00357,40,0.00683,0.20998,7,0.00570,0.38298,0.04255,47,0.07905
43324,Hunter Henry,NE,62,0.02872,0.01354,-0.07340,0.13084,0.01158,0.01550,True,0.00774,0.02098,1.78067,27,35,0.03274,11,0.00763,0.02785,51,0.00777,0.38710,0.06452,62,0.05183
47904,Trevon Wesco,NYJ,12,0.08906,0.01354,-0.14305,0.32118,0.01158,0.01550,True,0.00472,0.08434,1.06876,8,4,0.24787,5,0.00509,-0.02437,7,0.00446,0.25000,0.16667,12,0.00000
44009,J.P. Holtz,CHI,3,0.30490,0.01354,-0.15932,0.76913,0.01158,0.01550,True,0.01036,0.29454,0.91471,3,0,,0,,0.30490,3,0.01036,0.00000,0.00000,3,0.00000
53512,Tommy Tremble,CAR,21,0.05182,0.01354,-0.12364,0.22728,0.01158,0.01550,True,0.01029,0.04152,1.08813,12,9,-0.03647,6,0.00556,0.08713,15,0.01219,0.38095,0.04762,21,0.03704
45532,Blake Jarwin,DAL,23,0.04824,0.01354,-0.11942,0.21590,0.01158,0.01550,True,0.00384,0.04440,1.10949,13,10,0.07092,5,0.00337,0.04194,18,0.00397,0.26087,0.04348,23,0.02500
53172,Dominique Dafney,GB,7,0.11839,0.01354,-0.18552,0.42229,0.01158,0.01550,True,0.00385,0.11453,0.82870,4,3,0.24853,1,0.00000,0.09670,6,0.00449,0.28571,0.00000,7,0.02632
47920,Foster Moreau,LV,39,0.03186,0.01354,-0.09690,0.16061,0.01158,0.01550,True,0.01267,0.01918,1.24237,30,9,-0.01500,32,0.00788,0.24604,7,0.03458,0.35897,0.10256,39,0.03846
40615,Demetrius Harris,ARI,13,0.06194,0.01354,-0.16107,0.28494,0.01158,0.01550,True,0.00862,0.05332,0.80517,12,1,-0.01734,10,0.00584,0.32618,3,0.01786,0.38462,0.00000,13,0.02857
43845,Stephen Anderson,LAC,15,0.05379,0.01354,-0.15382,0.26139,0.01158,0.01550,True,0.00209,0.05170,0.80681,5,10,-0.02433,9,0.00327,0.17096,6,0.00031,0.33333,0.06667,15,0.03614
44831,O.J. Howard,TB,25,0.03585,0.01354,-0.12496,0.19667,0.01158,0.01550,True,0.00530,0.03056,0.89636,18,7,0.03035,23,0.00576,0.09916,2,0.00000,0.36000,0.12000,25,0.02362
47840,J.J. Arcega-Whiteside,PHI,8,0.07896,0.01354,-0.20532,0.36324,0.01158,0.01550,True,0.00778,0.07117,0.63166,4,4,,0,,0.07896,8,0.00778,0.37500,0.12500,8,0.02500
52541,Colby Parkinson,SEA,13,0.05280,0.01354,-0.17020,0.27581,0.01158,0.01550,True,0.01414,0.03867,0.68646,10,3,0.04216,5,0.01998,0.05946,8,0.01048,0.38462,0.07692,13,0.04478
45594,Colin Thompson,CAR,9,0.06097,0.01354,-0.20705,0.32899,0.01158,0.01550,True,0.00731,0.05366,0.54875,9,0,0.15317,5,0.00768,-0.05427,4,0.00685,0.33333,0.22222,9,0.08163
53553,John Bates,WAS,12,0.04854,0.01354,-0.18358,0.28065,0.01158,0.01550,True,0.01232,0.03621,0.58243,9,3,-0.02305,8,0.00966,0.19170,4,0.01765,0.33333,0.08333,12,0.02941
52942,Juwan Johnson,NO,5,0.08427,0.01354,-0.27532,0.44386,0.01158,0.01550,True,0.00335,0.08092,0.42136,1,4,0.08427,5,0.00335,,0,,0.40000,0.00000,5,0.00000
40641,Jack Doyle,IND,26,0.02689,0.01354,-0.13080,0.18457,0.01158,0.01550,True,0.00984,0.01704,0.69901,16,10,0.06942,8,0.01239,0.00798,18,0.00871,0.34615,0.00000,26,0.05714
41327,Richard Rodgers,PHI,1,0.33590,0.01354,-0.46816,1.13996,0.01158,0.01550,True,0.00000,0.33590,0.33590,0,1,,0,,0.33590,1,0.00000,0.00000,0.00000,1,0.00000
48766,Kendall Blanton,LA,1,0.33033,0.01354,-0.47373,1.13439,0.01158,0.01550,True,0.01007,0.32025,0.33033,1,0,0.33033,1,0.01007,,0,,0.00000,0.00000,1,0.00000
53591,Noah Gray,KC,10,0.04400,0.01354,-0.21026,0.29827,0.01158,0.01550,True,0.00400,0.04001,0.44002,7,3,0.02454,3,0.00344,0.05234,7,0.00424,0.30000,0.00000,10,0.05882
53065,Tommy Hudson,TEN,13,0.03689,0.01354,-0.18612,0.25989,0.01158,0.01550,True,0.00775,0.02914,0.47954,6,7,0.08963,5,0.00703,0.00392,8,0.00820,0.30769,0.00000,13,0.04545
45339,Pharaoh Brown,HOU,35,0.02179,0.01354,-0.11412,0.15770,0.01158,0.01550,True,0.00712,0.01467,0.76272,29,6,0.02220,26,0.00737,0.02060,9,0.00640,0.37143,0.02857,35,0.04324
52614,Tyler Davis,GB,2,0.15139,0.01354,-0.41717,0.71995,0.01158,0.01550,True,0.01690,0.13449,0.30278,2,0,0.15139,2,0.01690,,0,,0.00000,0.00000,2,0.00000
48475,Chris Myarick,NYG,3,0.08514,0.01354,-0.37908,0.54937,0.01158,0.01550,True,0.00520,0.07994,0.25543,3,0,0.08514,3,0.00520,,0,,0.33333,0.00000,3,0.06667
43206,Ross Travis,ARI,1,0.17276,0.01353,-0.63130,0.97682,0.01157,0.01549,True,0.00000,0.17276,0.17276,0,1,0.17276,1,0.00000,,0,,0.00000,0.00000,1,0.00000
42486,MyCole Pruitt,TEN,39,0.01714,0.01353,-0.11161,0.14589,0.01157,0.01549,True,0.00669,0.01045,0.66848,31,8,0.01830,21,0.00825,0.01578,18,0.00487,0.38462,0.07692,39,0.06220
42500,C.J. Uzomah,CIN,42,0.01573,0.01353,-0.10834,0.13980,0.01157,0.01549,True,0.00620,0.00953,0.66050,18,24,-0.01681,30,0.00349,0.09707,12,0.01297,0.40476,0.04762,42,0.06364
39109,Derek Carrier,LV,3,0.04137,0.01353,-0.42285,0.50560,0.01157,0.01549,True,0.00153,0.03984,0.12411,1,2,0.20098,2,0.00000,-0.27785,1,0.00460,0.33333,0.00000,3,0.00000
48011,Tommy Sweeney,BUF,15,0.01889,0.01353,-0.18872,0.22650,0.01157,0.01549,True,0.01653,0.00236,0.28334,8,7,0.08557,8,0.01252,-0.05732,7,0.02111,0.46667,0.06667,15,0.06098
46544,Deon Yelder,TB,2,0.03647,0.01353,-0.53209,0.60503,0.01157,0.01549,True,0.00203,0.03444,0.07294,0,2,0.03647,2,0.00203,,0,,0.50000,0.50000,2,0.00000
47879,Dawson Knox,BUF,34,0.01438,0.01353,-0.12352,0.15227,0.01157,0.01549,True,0.00767,0.00671,0.48886,10,24,-0.00309,9,0.00541,0.02067,25,0.00848,0.44118,0.00000,34,0.08287
45217,Cethan Carter,MIA,3,0.01679,0.01353,-0.44743,0.48101,0.01157,0.01549,True,0.01275,0.00404,0.05037,3,0,0.14636,1,0.00626,-0.04800,2,0.01599,0.33333,0.00000,3,0.06667
45355,Anthony Firkser,TEN,39,0.01358,0.01353,-0.11517,0.14233,0.01157,0.01549,True,0.00119,0.01239,0.52957,2,37,0.12557,10,0.00000,-0.02504,29,0.00159,0.38462,0.02564,39,0.06763
53556,Kylen Granson,IND,5,0.01135,0.01353,-0.34824,0.37094,0.01157,0.01549,True,0.02308,-0.01173,0.05675,3,2,-0.25069,2,0.00135,0.18604,3,0.03757,0.40000,0.00000,5,0.07143
41349,Logan Thomas,WAS,10,0.00625,0.01353,-0.24802,0.26052,0.01157,0.01549,True,0.00626,-0.00001,0.06250,6,4,0.12258,3,0.00408,-0.04360,7,0.00720,0.40000,0.00000,10,0.01923
35534,Jimmy Graham,CHI,8,0.00057,0.01353,-0.28371,0.28484,0.01157,0.01549,True,0.00742,-0.00686,0.00453,4,4,0.13061,6,0.00990,-0.38958,2,0.00000,0.37500,0.00000,8,0.05000
52725,Ben Ellefson,MIN,7,-0.00364,0.01353,-0.30755,0.30027,0.01157,0.01549,True,0.00787,-0.01151,-0.02547,7,0,-0.00364,7,0.00787,,0,,0.42857,0.14286,7,0.00000
45321,Antony Auclair,HOU,26,0.00682,0.01353,-0.15087,0.16451,0.01157,0.01549,True,0.00690,-0.00008,0.17726,24,2,-0.01619,17,0.00645,0.05029,9,0.00774,0.34615,0.07692,26,0.05000
46176,Christopher Herndon,MIN,5,-0.03773,0.01353,-0.39732,0.32186,0.01157,0.01549,True,0.00430,-0.04202,-0.18865,2,3,-0.17826,3,0.00000,0.17307,2,0.01074,0.40000,0.00000,5,0.04000
52523,Harrison Bryant,CLE,14,-0.00539,0.01353,-0.22028,0.20951,0.01157,0.01549,True,0.00666,-0.01205,-0.07543,6,8,-0.02608,6,0.00492,0.01013,8,0.00796,0.35714,0.07143,14,0.05195
53576,Brevin Jordan,HOU,1,-0.27157,0.01353,-1.07563,0.53249,0.01157,0.01549,True,0.00716,-0.27873,-0.27157,1,0,-0.27157,1,0.00716,,0,,1.00000,0.00000,1,0.33333
46797,Tanner Hudson,SF,1,-0.30055,0.01353,-1.10461,0.50351,0.01157,0.01549,True,0.00732,-0.30787,-0.30055,1,0,-0.30055,1,0.00732,,0,,1.00000,0.00000,1,0.16667
52673,Mitchell Wilcox,CIN,1,-0.31963,0.01353,-1.12369,0.48443,0.01157,0.01549,True,0.00904,-0.32867,-0.31963,1,0,-0.31963,1,0.00904,,0,,1.00000,0.00000,1,0.16667
44835,Evan Engram,NYG,28,-0.00027,0.01353,-0.15222,0.15169,0.01157,0.01549,True,0.00489,-0.00516,-0.00745,6,22,0.30060,2,0.02299,-0.02341,26,0.00350,0.39286,0.00000,28,0.06944
47835,Drew Sample,CIN,22,-0.00853,0.01353,-0.17995,0.16290,0.01157,0.01549,True,0.01175,-0.02028,-0.18757,19,3,-0.00141,19,0.01203,-0.05357,3,0.00999,0.40909,0.13636,22,0.06838
48683,Joe Fortson,KC,6,-0.06984,0.01353,-0.39810,0.25842,0.01157,0.01549,True,0.00307,-0.07291,-0.41903,3,3,-0.06984,6,0.00307,,0,,0.50000,0.00000,6,0.06250
48096,Andrew Beck,DEN,2,-0.23778,0.01353,-0.80633,0.33078,0.01157,0.01549,True,0.01555,-0.25332,-0.47555,2,0,,0,,-0.23778,2,0.01555,1.00000,0.00000,2,0.10000
43079,Daniel Brown,NYJ,3,-0.18969,0.01353,-0.65391,0.27454,0.01157,0.01549,True,0.00000,-0.18969,-0.56906,0,3,-0.02685,2,0.00000,-0.51537,1,0.00000,0.66667,0.00000,3,0.12500
53510,Hunter Long,MIA,3,-0.19487,0.01353,-0.65910,0.26935,0.01157,0.01549,True,0.01226,-0.20713,-0.58461,3,0,-0.38187,1,0.01662,-0.10137,2,0.01008,0.66667,0.00000,3,0.06667
48456,Donald Parham,LAC,34,-0.00518,0.01353,-0.14308,0.13271,0.01157,0.01549,True,0.00581,-0.01099,-0.17629,22,12,0.02944,29,0.00539,-0.20601,5,0.00820,0.35294,0.02941,34,0.03933
46111,Mike Gesicki,MIA,10,-0.05017,0.01353,-0.30443,0.20410,0.01157,0.01549,True,0.00477,-0.05494,-0.50166,5,5,-0.78668,1,0.00000,0.03167,9,0.00530,0.50000,0.20000,10,0.03636
53433,Kyle Pitts,ATL,10,-0.05280,0.01353,-0.30707,0.20146,0.01157,0.01549,True,0.02214,-0.07495,-0.52802,5,5,-0.00805,6,0.03229,-0.11993,4,0.00693,0.40000,0.00000,10,0.09259
44912,Jonnu Smith,NE,29,-0.00992,0.01353,-0.15923,0.13939,0.01157,0.01549,True,0.01413,-0.02405,-0.28765,17,12,-0.03588,19,0.01771,0.03941,10,0.00733,0.37931,0.03448,29,0.05389
44075,Garrett Griffin,NO,20,-0.02157,0.01353,-0.20136,0.15823,0.01157,0.01549,True,0.00746,-0.02903,-0.43131,16,4,-0.05509,11,0.00482,0.01941,9,0.01070,0.45000,0.05000,20,0.06542
30842,Marcedes Lewis,GB,33,-0.00835,0.01353,-0.14832,0.13162,0.01157,0.01549,True,0.01292,-0.02126,-0.27543,18,15,-0.09712,25,0.00929,0.26908,8,0.02426,0.36364,0.00000,33,0.05682
53484,Pat Freiermuth,PIT,10,-0.06294,0.01353,-0.31721,0.19132,0.01157,0.01549,True,0.02604,-0.08898,-0.62943,7,3,-0.15960,7,0.02413,0.16260,3,0.03047,0.50000,0.00000,10,0.03571
42428,Tyler Kroft,NYJ,43,-0.00531,0.01353,-0.12793,0.11731,0.01157,0.01549,True,0.00876,-0.01407,-0.22842,26,17,0.09612,23,0.00720,-0.12196,20,0.01056,0.39535,0.04651,43,0.05263
52962,Tyler Mabry,SEA,3,-0.26895,0.01353,-0.73317,0.19527,0.01157,0.01549,True,0.00414,-0.27309,-0.80685,2,1,-0.26895,3,0.00414,,0,,0.66667,0.00000,3,0.13333
47959,Kaden Smith,NYG,36,-0.01200,0.01353,-0.14601,0.12201,0.01157,0.01549,True,0.00984,-0.02184,-0.43208,25,11,-0.01839,19,0.01087,-0.00486,17,0.00869,0.41667,0.08333,36,0.05699
35481,Rob Gronkowski,TB,21,-0.03118,0.01353,-0.20664,0.14428,0.01157,0.01549,True,0.00628,-0.03746,-0.65487,14,7,-0.03901,18,0.00553,0.01579,3,0.01080,0.38095,0.04762,21,0.01869
42503,Jesse James,CHI,31,-0.01917,0.01353,-0.16359,0.12524,0.01157,0.01549,True,0.00948,-0.02865,-0.59440,14,17,0.00923,27,0.00976,-0.21090,4,0.00755,0.51613,0.06452,31,0.04294
52502,Josiah Deguara,GB,12,-0.07420,0.01353,-0.30631,0.15791,0.01157,0.01549,True,0.00634,-0.08054,-0.89038,6,6,-0.00684,5,0.00361,-0.12231,7,0.00829,0.50000,0.00000,12,0.04615
45094,Johnny Mundt,LA,9,-0.10404,0.01353,-0.37206,0.16398,0.01157,0.01549,True,0.01551,-0.11955,-0.93639,7,2,-0.11434,7,0.01696,-0.06799,2,0.01042,0.44444,0.00000,9,0.08696
46094,Hayden Hurst,ATL,36,-0.01607,0.01353,-0.15008,0.11794,0.01157,0.01549,True,0.00667,-0.02274,-0.57844,21,15,-0.00965,29,0.00695,-0.04265,7,0.00551,0.36111,0.08333,36,0.05263
42516,James O'Shaughnessy,JAX,7,-0.14480,0.01353,-0.44871,0.15911,0.01157,0.01549,True,0.00000,-0.14480,-1.01359,0,7,-0.29846,3,0.00000,-0.02955,4,0.00000,0.57143,0.00000,7,0.11111
40011,Travis Kelce,KC,28,-0.03175,0.01353,-0.18370,0.12020,0.01157,0.01549,True,0.00669,-0.03844,-0.88901,8,20,0.06057,16,0.00776,-0.15484,12,0.00527,0.46429,0.00000,28,0.05556
42033,Cameron Brate,TB,11,-0.12857,0.01352,-0.37100,0.11386,0.01156,0.01548,True,0.00667,-0.13524,-1.41428,1,10,0.33676,3,0.01969,-0.30307,8,0.00179,0.45455,0.00000,11,0.10526
44959,George Kittle,SF,28,-0.04443,0.01352,-0.19638,0.10752,0.01156,0.01548,True,0.01537,-0.05979,-1.24400,21,7,-0.04786,25,0.01654,-0.01584,3,0.00558,0.39286,0.00000,28,0.04730
46167,Jordan Akins,HOU,29,-0.04270,0.01352,-0.19201,0.10661,0.01156,0.01548,True,0.00872,-0.05142,-1.23825,14,15,-0.02211,18,0.01255,-0.07639,11,0.00246,0.55172,0.06897,29,0.07692
53959,Brock Wright,DET,5,-0.33843,0.01352,-0.69802,0.02116,0.01156,0.01548,True,0.00921,-0.34764,-1.69214,3,2,-0.36400,3,0.00716,-0.30007,2,0.01227,0.80000,0.00000,5,0.19231
44856,Gerald Everett,SEA,22,-0.07330,0.01352,-0.24473,0.09812,0.01156,0.01548,True,0.00499,-0.07829,-1.61263,9,13,-0.03227,16,0.00290,-0.18271,6,0.01056,0.50000,0.04545,22,0.06957
47791,T.J. Hockenson,DET,37,-0.04072,0.01352,-0.17291,0.09146,0.01156,0.01548,True,0.00366,-0.04439,-1.50673,12,25,-0.02441,17,0.00379,-0.05459,20,0.00356,0.43243,0.02703,37,0.07368
53946,Jack Stoll,PHI,14,-0.13133,0.01352,-0.34623,0.08356,0.01156,0.01548,True,0.00424,-0.13557,-1.83867,10,4,-0.12468,12,0.00375,-0.17127,2,0.00715,0.78571,0.00000,14,0.06849
37234,Lee Smith,ATL,40,-0.04332,0.01352,-0.17046,0.08381,0.01156,0.01548,True,0.01407,-0.05739,-1.73294,35,5,-0.06099,36,0.01438,0.11570,4,0.01124,0.40000,0.07500,40,0.04000
46155,Mark Andrews,BAL,16,-0.14105,0.01352,-0.34207,0.05996,0.01156,0.01548,True,0.00281,-0.14386,-2.25683,3,13,-0.19615,12,0.00154,0.02423,4,0.00660,0.43750,0.00000,16,0.07143
46118,Dallas Goedert,PHI,20,-0.12553,0.01352,-0.30532,0.05426,0.01156,0.01548,True,0.00594,-0.13147,-2.51063,11,9,-0.01058,10,0.00857,-0.24048,10,0.00331,0.70000,0.10000,20,0.07547
39983,Zach Ertz,PHI,20,-0.14217,0.01352,-0.32196,0.03762,0.01156,0.01548,True,0.00616,-0.14832,-2.84339,6,14,0.10081,6,0.01548,-0.24631,14,0.00216,0.60000,0.00000,20,0.09524
46226,Tyler Conklin,MIN,60,-0.03905,0.01352,-0.14285,0.06476,0.01156,0.01547,True,0.01237,-0.05142,-2.34284,43,17,-0.06247,54,0.01093,0.17179,6,0.02537,0.45000,0.11667,60,0.07121
42547,Darren Waller,LV,37,-0.07556,0.01351,-0.20774,0.05663,0.01155,0.01547,True,0.00539,-0.08095,-2.79555,15,22,-0.04464,30,0.00566,-0.20805,7,0.00426,0.54054,0.02703,37,0.08247
44987,Eric Saubert,DEN,27,-0.11711,0.01351,-0.27186,0.03763,0.01155,0.01547,True,0.00613,-0.12324,-3.16210,17,10,-0.12676,24,0.00630,-0.03996,3,0.00475,0.51852,0.03704,27,0.03650
45142,Darrell Daniels,ARI,7,-0.49435,0.01351,-0.79826,-0.19044,0.01155,0.01547,True,0.00519,-0.49954,-3.46045,3,4,-0.66127,4,0.00008,-0.27178,3,0.01201,0.85714,0.28571,7,0.10526
47803,Noah Fant,DEN,72,-0.03863,0.01351,-0.13339,0.05613,0.01155,0.01547,True,0.00174,-0.04037,-2.78158,18,54,-0.04826,64,0.00116,0.03835,8,0.00638,0.41667,0.06944,72,0.04558
44792,Mo Alie-Cox,IND,34,-0.10447,0.01351,-0.24237,0.03342,0.01155,0.01547,True,0.00540,-0.10987,-3.55205,15,19,-0.07397,21,0.00695,-0.15375,13,0.00288,0.50000,0.02941,34,0.08523
46192,Durham Smythe,MIA,36,-0.11040,0.01351,-0.24441,0.02361,0.01155,0.01547,True,0.01100,-0.12140,-3.97443,25,11,-0.16810,24,0.01391,0.00499,12,0.00518,0.50000,0.05556,36,0.08122
46189,Will Dissly,SEA,43,-0.09676,0.01351,-0.21938,0.02586,0.01155,0.01547,True,0.00996,-0.10672,-4.16067,32,11,-0.06574,35,0.01055,-0.23246,8,0.00738,0.48837,0.11628,43,0.05856
45785,Dan Arnold,JAX,23,-0.22618,0.01350,-0.39384,-0.05853,0.01154,0.01546,True,0.00641,-0.23260,-5.20225,10,13,-0.43994,5,0.00831,-0.16681,18,0.00588,0.69565,0.13043,23,0.12500
40149,Ryan Griffin,NYJ,54,-0.08961,0.01350,-0.19903,0.01981,0.01154,0.01546,True,0.01143,-0.10105,-4.83912,36,18,-0.07427,42,0.00967,-0.14333,12,0.01762,0.53704,0.05556,54,0.07292
