nflId,displayName,team,n,value,value_shrunk,lo,hi,higher_is_better,qualifies_top,km_S_1.5,km_S_2.5,km_S_3.5,exp_S_1.5,exp_S_2.5,exp_S_3.5,sustained_rate,sustained_lo,sustained_hi,exp_minus_obs_breaches_per_snap,n_breaches,km_lo_1.5,km_hi_1.5,km_lo_2.5,km_hi_2.5,km_lo_3.5,km_hi_3.5,km_se_2.5,inline_share,chip_n,chip_breaches,chip_window_median,chip_breach_rate,chip_exp_minus_obs_breaches_per_snap
46170,Ian Thomas,CAR,38,0.0404,0.0005,0.0404,0.0404,True,True,1.0000,1.0000,0.7424,0.9977,0.9596,0.7983,0.8421,0.6958,0.9256,0.0096,6.0000,1.0000,1.0000,1.0000,1.0000,0.4792,0.8864,0.0000,0.9474,22.0000,0.0000,1.6500,0.0000,0.0031
47920,Foster Moreau,LV,24,0.0605,0.0005,0.0605,0.0605,True,True,1.0000,1.0000,0.6231,0.9972,0.9395,0.7552,0.7917,0.5953,0.9076,-0.0002,5.0000,1.0000,1.0000,1.0000,1.0000,0.3079,0.8270,0.0000,0.7917,9.0000,0.0000,1.8000,0.0000,0.0100
45481,Ricky Seals-Jones,WAS,23,0.0532,0.0005,0.0532,0.0532,True,True,1.0000,1.0000,0.7832,0.9974,0.9468,0.7688,0.7826,0.5810,0.9034,0.0267,5.0000,1.0000,1.0000,1.0000,1.0000,0.5149,0.9140,0.0000,0.0870,32.0000,0.0000,1.8000,0.0000,0.0188
42589,Geoff Swaim,TEN,32,0.0316,0.0005,0.0316,0.0316,True,True,1.0000,1.0000,0.8558,0.9962,0.9684,0.8077,0.9062,0.7578,0.9676,0.0257,3.0000,1.0000,1.0000,1.0000,1.0000,0.6152,0.9513,0.0000,1.0000,14.0000,0.0000,1.9500,0.0000,0.0162
42302,Chris Manhertz,JAX,23,0.0438,0.0005,0.0438,0.0438,True,True,1.0000,1.0000,0.8357,0.9966,0.9562,0.7944,0.9130,0.7320,0.9758,0.0992,2.0000,1.0000,1.0000,1.0000,1.0000,0.4804,0.9570,0.0000,0.9565,8.0000,0.0000,1.6500,0.0000,0.0192
45321,Antony Auclair,HOU,20,0.0456,0.0005,0.0456,0.0456,True,True,1.0000,1.0000,0.9333,0.9963,0.9544,0.8322,0.9000,0.6990,0.9721,0.0853,2.0000,1.0000,1.0000,1.0000,1.0000,0.6126,0.9903,0.0000,0.6500,2.0000,0.0000,2.0500,0.0000,0.0312
42428,Tyler Kroft,NYJ,22,0.0333,0.0005,-0.2025,0.0722,True,True,1.0000,0.9545,0.7445,0.9984,0.9212,0.7106,0.7727,0.5656,0.8988,0.0354,5.0000,1.0000,1.0000,0.7187,0.9935,0.4416,0.8990,0.0444,0.5000,17.0000,0.0000,1.3000,0.0000,0.0047
43370,Austin Hooper,CLE,25,0.0240,0.0005,0.0240,0.0240,True,True,1.0000,1.0000,0.8750,0.9988,0.9760,0.8523,0.9600,0.8046,0.9929,0.0775,1.0000,1.0000,1.0000,1.0000,1.0000,0.3870,0.9814,0.0000,0.9200,22.0000,0.0000,1.5500,0.0000,0.0097
42486,MyCole Pruitt,TEN,26,0.0172,0.0005,-0.2019,0.0529,True,True,1.0000,0.9583,0.7680,0.9947,0.9411,0.7614,0.8462,0.6647,0.9385,0.0372,4.0000,1.0000,1.0000,0.7392,0.9940,0.4803,0.9093,0.0408,0.4615,7.0000,0.0000,2.1000,0.0000,0.0383
48456,Donald Parham,LAC,21,0.0074,0.0005,-0.2378,0.0481,True,True,1.0000,0.9524,0.8889,0.9901,0.9450,0.8027,0.9048,0.7109,0.9735,0.0702,2.0000,1.0000,1.0000,0.7072,0.9932,0.6183,0.9716,0.0465,0.7619,12.0000,0.0000,1.7000,0.0000,0.0705
44841,David Njoku,CLE,24,0.0013,0.0005,-0.2345,0.0402,True,True,1.0000,0.9545,0.7832,0.9977,0.9532,0.7767,0.8750,0.6900,0.9566,0.0668,3.0000,1.0000,1.0000,0.7187,0.9935,0.4435,0.9292,0.0444,0.9167,20.0000,0.0000,1.8500,0.0000,0.0145
46192,Durham Smythe,MIA,24,-0.0000,0.0005,-0.2192,0.0357,True,True,1.0000,0.9583,0.8712,0.9982,0.9584,0.7785,0.7917,0.5953,0.9076,-0.0113,5.0000,1.0000,1.0000,0.7392,0.9940,0.5443,0.9692,0.0408,0.7500,9.0000,0.0000,2.2000,0.0000,0.0280
37234,Lee Smith,ATL,26,-0.0040,0.0005,-0.2312,0.0332,True,True,1.0000,0.9565,0.7570,0.9969,0.9605,0.7910,0.7692,0.5795,0.8897,-0.0943,6.0000,1.0000,1.0000,0.7293,0.9938,0.4643,0.9039,0.0425,0.9615,5.0000,0.0000,2.0000,0.0000,0.0174
45339,Pharaoh Brown,HOU,24,-0.0049,0.0005,-0.2500,0.0359,True,True,1.0000,0.9524,0.8844,0.9976,0.9572,0.7854,0.8750,0.6900,0.9566,0.0616,3.0000,1.0000,1.0000,0.7072,0.9932,0.6029,0.9706,0.0465,0.8333,6.0000,0.0000,2.0000,0.0000,0.0154
52451,Cole Kmet,CHI,29,-0.0077,0.0005,-0.2184,0.0541,True,True,1.0000,0.9167,0.8059,0.9943,0.9244,0.7185,0.8621,0.6944,0.9450,0.0856,4.0000,1.0000,1.0000,0.7060,0.9785,0.5501,0.9250,0.0564,0.8621,21.0000,0.0000,1.9000,0.0000,0.0180
52513,Adam Trautman,NO,26,-0.0142,0.0005,-0.2594,0.0266,True,True,1.0000,0.9524,0.8995,0.9966,0.9666,0.8308,0.8077,0.6212,0.9149,-0.0090,5.0000,1.0000,1.0000,0.7072,0.9932,0.6534,0.9740,0.0465,0.9231,11.0000,0.0000,1.9000,0.0000,0.0612
43399,Tyler Higbee,LA,22,-0.0273,0.0005,-0.2935,0.0177,True,True,1.0000,0.9474,0.8053,0.9972,0.9747,0.8599,0.8636,0.6666,0.9525,-0.0127,3.0000,1.0000,1.0000,0.6812,0.9924,0.4906,0.9363,0.0512,1.0000,32.0000,0.0000,1.6000,0.0000,0.0055
37118,Kyle Rudolph,NYG,40,-0.0171,0.0005,-0.1542,0.0207,True,True,1.0000,0.9493,0.8827,0.9975,0.9664,0.8389,0.8750,0.7389,0.9454,0.0182,5.0000,1.0000,1.0000,0.8122,0.9871,0.7137,0.9549,0.0349,0.8750,14.0000,0.0000,2.0000,0.0000,0.0132
46189,Will Dissly,SEA,30,-0.0258,0.0005,-0.2003,0.0237,True,True,1.0000,0.9333,0.7975,0.9978,0.9592,0.7955,0.7333,0.5555,0.8582,-0.0349,8.0000,1.0000,1.0000,0.7589,0.9829,0.5732,0.9121,0.0455,0.8667,11.0000,0.0000,1.1000,0.0000,0.0208
43324,Hunter Henry,NE,24,-0.0481,0.0005,-0.3279,0.0369,True,True,1.0000,0.8864,0.7091,0.9986,0.9344,0.7292,0.8333,0.6415,0.9332,-0.0469,4.0000,1.0000,1.0000,0.6065,0.9713,0.2588,0.9163,0.0776,0.2917,35.0000,1.0000,2.2000,0.0286,0.0075
47959,Kaden Smith,NYG,23,-0.0571,0.0005,-0.2752,0.0073,True,True,1.0000,0.9130,0.7536,0.9977,0.9702,0.8426,0.8261,0.6286,0.9302,-0.0497,4.0000,1.0000,1.0000,0.6949,0.9775,0.4410,0.9069,0.0588,0.6522,9.0000,0.0000,2.1000,0.0000,0.0181
44857,Adam Shaheen,MIA,20,-0.0700,0.0005,-0.3139,0.0040,True,True,1.0000,0.9000,0.6527,0.9966,0.9700,0.8415,0.7500,0.5313,0.8881,-0.1362,5.0000,1.0000,1.0000,0.6560,0.9740,0.3294,0.8489,0.0671,0.8000,6.0000,0.0000,1.7000,0.0000,0.0763
42398,Maxx Williams,ARI,20,-0.0967,0.0005,-0.3429,0.0023,True,True,1.0000,0.8500,0.8500,0.9977,0.9467,0.7982,0.8000,0.5840,0.9193,0.0246,4.0000,1.0000,1.0000,0.6038,0.9490,0.6038,0.9490,0.0798,0.7500,5.0000,0.0000,1.2000,0.0000,0.0350
40149,Ryan Griffin,NYJ,32,-0.0691,0.0005,-0.2513,0.0109,True,True,1.0000,0.8685,0.6152,0.9975,0.9376,0.7543,0.6250,0.4525,0.7707,-0.1582,12.0000,1.0000,1.0000,0.6864,0.9486,0.3982,0.7739,0.0613,0.8125,16.0000,0.0000,1.5500,0.0000,0.0216
46226,Tyler Conklin,MIN,40,-0.0571,0.0005,-0.2165,0.0191,True,True,1.0000,0.8657,0.4667,0.9949,0.9228,0.7290,0.5500,0.3983,0.6929,-0.2327,18.0000,1.0000,1.0000,0.7063,0.9419,0.2729,0.6394,0.0561,0.8750,16.0000,0.0000,1.8500,0.0000,0.0644
53512,Tommy Tremble,CAR,11,0.1002,0.0005,0.1002,0.1002,True,False,1.0000,1.0000,0.5333,0.9944,0.8998,0.6441,0.7273,0.4343,0.9025,0.1902,3.0000,1.0000,1.0000,1.0000,1.0000,0.1250,0.8269,0.0000,0.2727,9.0000,0.0000,1.7000,0.0000,0.0127
40641,Jack Doyle,IND,13,0.0817,0.0005,0.0817,0.0817,True,False,1.0000,1.0000,0.9091,0.9976,0.9183,0.6894,0.9231,0.6669,0.9863,0.2017,1.0000,1.0000,1.0000,1.0000,1.0000,0.5081,0.9867,0.0000,0.3846,10.0000,0.0000,1.9000,0.0000,0.0071
44959,George Kittle,SF,19,0.0545,0.0005,0.0545,0.0545,True,False,1.0000,1.0000,1.0000,0.9976,0.9455,0.7828,1.0000,0.8318,1.0000,0.1405,0.0000,1.0000,1.0000,1.0000,1.0000,1.0000,1.0000,0.0000,0.8947,7.0000,0.0000,1.4000,0.0000,0.0635
44075,Garrett Griffin,NO,16,0.0598,0.0005,0.0598,0.0598,True,False,1.0000,1.0000,0.8250,0.9952,0.9402,0.7656,0.7500,0.5050,0.8982,0.1643,4.0000,1.0000,1.0000,1.0000,1.0000,0.4609,0.9533,0.0000,0.5625,4.0000,0.0000,2.7500,0.0000,0.0339
46094,Hayden Hurst,ATL,18,0.0386,0.0005,-0.2395,0.0861,True,False,1.0000,0.9444,0.3680,0.9929,0.9058,0.6353,0.6667,0.4375,0.8372,-0.1050,6.0000,1.0000,1.0000,0.6664,0.9920,0.0576,0.7045,0.0540,0.7222,13.0000,0.0000,2.0000,0.0000,0.0162
42547,Darren Waller,LV,10,0.0677,0.0005,0.0677,0.0677,True,False,1.0000,1.0000,1.0000,0.9972,0.9323,0.7574,0.9000,0.5958,0.9821,0.0895,1.0000,1.0000,1.0000,1.0000,1.0000,1.0000,1.0000,0.0000,0.8000,22.0000,0.0000,1.7000,0.0000,0.0055
42503,Jesse James,CHI,11,0.0614,0.0005,0.0614,0.0614,True,False,1.0000,1.0000,0.8889,0.9960,0.9386,0.7581,0.8182,0.5230,0.9486,0.0810,2.0000,1.0000,1.0000,1.0000,1.0000,0.4330,0.9836,0.0000,0.9091,16.0000,1.0000,1.4500,0.0625,-0.0529
44987,Eric Saubert,DEN,16,0.0414,0.0005,0.0414,0.0414,True,False,1.0000,1.0000,0.9167,0.9892,0.9586,0.8323,0.8750,0.6398,0.9650,0.0470,2.0000,1.0000,1.0000,1.0000,1.0000,0.5390,0.9878,0.0000,0.8750,10.0000,0.0000,1.6000,0.0000,0.0192
34540,Jared Cook,LAC,13,0.0498,0.0005,0.0498,0.0498,True,False,1.0000,1.0000,0.6875,0.9974,0.9502,0.7546,0.7692,0.4974,0.9182,-0.0502,3.0000,1.0000,1.0000,1.0000,1.0000,0.1630,0.9255,0.0000,0.1538,22.0000,0.0000,1.6500,0.0000,0.0081
44831,O.J. Howard,TB,15,0.0334,0.0005,0.0334,0.0334,True,False,1.0000,1.0000,0.6481,0.9982,0.9666,0.8014,0.7333,0.4805,0.8910,-0.1288,4.0000,1.0000,1.0000,1.0000,1.0000,0.2532,0.8721,0.0000,1.0000,7.0000,0.0000,1.8000,0.0000,0.0052
52502,Josiah Deguara,GB,6,0.0788,0.0005,0.0788,0.0788,True,False,1.0000,1.0000,0.5000,0.9936,0.9212,0.7751,0.8333,0.4365,0.9699,0.1072,1.0000,1.0000,1.0000,1.0000,1.0000,0.0060,0.9104,0.0000,0.5000,6.0000,0.0000,2.2500,0.0000,0.0294
40615,Demetrius Harris,ARI,11,0.0422,0.0005,0.0422,0.0422,True,False,1.0000,1.0000,1.0000,0.9992,0.9578,0.8001,1.0000,0.7412,1.0000,0.3297,0.0000,1.0000,1.0000,1.0000,1.0000,1.0000,1.0000,0.0000,0.7273,1.0000,0.0000,1.4000,0.0000,0.0003
42460,Blake Bell,KC,17,0.0258,0.0005,0.0258,0.0258,True,False,1.0000,1.0000,1.0000,0.9976,0.9742,0.8435,1.0000,0.8157,1.0000,0.2532,0.0000,1.0000,1.0000,1.0000,1.0000,1.0000,1.0000,0.0000,1.0000,11.0000,0.0000,1.8000,0.0000,0.0065
30842,Marcedes Lewis,GB,17,0.0254,0.0005,0.0254,0.0254,True,False,1.0000,1.0000,1.0000,0.9937,0.9746,0.8678,0.7647,0.5274,0.9045,-0.0850,4.0000,1.0000,1.0000,1.0000,1.0000,1.0000,1.0000,0.0000,0.7647,13.0000,0.0000,1.9000,0.0000,0.0443
45532,Blake Jarwin,DAL,12,0.0303,0.0005,0.0303,0.0303,True,False,1.0000,1.0000,0.7500,0.9973,0.9697,0.8361,0.8333,0.5520,0.9530,-0.0147,2.0000,1.0000,1.0000,1.0000,1.0000,0.1279,0.9606,0.0000,0.1667,7.0000,0.0000,2.4000,0.0000,0.0338
46118,Dallas Goedert,PHI,10,0.0337,0.0005,0.0337,0.0337,True,False,1.0000,1.0000,0.6250,0.9979,0.9663,0.8312,0.7000,0.3968,0.8922,-0.0174,3.0000,1.0000,1.0000,1.0000,1.0000,0.2293,0.8607,0.0000,0.6000,9.0000,0.0000,2.1000,0.0000,0.0354
52598,Charlie Woerner,SF,8,0.0419,0.0005,0.0419,0.0419,True,False,1.0000,1.0000,1.0000,0.9979,0.9581,0.7835,1.0000,0.6756,1.0000,0.2387,0.0000,1.0000,1.0000,1.0000,1.0000,1.0000,1.0000,0.0000,1.0000,6.0000,0.0000,1.4500,0.0000,0.0200
53959,Brock Wright,DET,2,0.1563,0.0005,0.1563,0.1563,True,False,1.0000,1.0000,,0.9952,0.8437,0.5560,1.0000,0.3424,1.0000,0.2270,0.0000,1.0000,1.0000,1.0000,1.0000,,,0.0000,0.5000,2.0000,0.0000,1.2500,0.0000,0.0003
45635,Robert Tonyan,GB,5,0.0604,0.0005,0.0604,0.0604,True,False,1.0000,1.0000,1.0000,0.9976,0.9396,0.7817,1.0000,0.5655,1.0000,0.1536,0.0000,1.0000,1.0000,1.0000,1.0000,1.0000,1.0000,0.0000,0.8000,17.0000,0.0000,2.1000,0.0000,0.0107
43845,Stephen Anderson,LAC,4,0.0667,0.0005,0.0667,0.0667,True,False,1.0000,1.0000,1.0000,0.9904,0.9333,0.8190,0.7500,0.3006,0.9544,-0.0865,1.0000,1.0000,1.0000,1.0000,1.0000,1.0000,1.0000,0.0000,1.0000,10.0000,0.0000,1.1000,0.0000,0.0339
42721,Eric Tomlinson,BAL,8,0.0326,0.0005,0.0326,0.0326,True,False,1.0000,1.0000,0.7292,0.9990,0.9674,0.7646,0.7500,0.4093,0.9285,0.0413,2.0000,1.0000,1.0000,1.0000,1.0000,0.2764,0.9254,0.0000,0.8750,4.0000,0.0000,1.5500,0.0000,0.0134
52523,Harrison Bryant,CLE,5,0.0511,0.0005,0.0511,0.0511,True,False,1.0000,1.0000,0.6667,0.9964,0.9489,0.8113,0.8000,0.3755,0.9638,-0.0390,1.0000,1.0000,1.0000,1.0000,1.0000,0.0541,0.9452,0.0000,0.2000,5.0000,0.0000,1.3000,0.0000,0.0016
39907,Darren Fells,DET,11,0.0213,0.0005,0.0213,0.0213,True,False,1.0000,1.0000,0.9091,0.9979,0.9787,0.8513,0.9091,0.6226,0.9838,0.1421,1.0000,1.0000,1.0000,1.0000,1.0000,0.5081,0.9867,0.0000,0.8182,6.0000,0.0000,1.8000,0.0000,0.0198
40011,Travis Kelce,KC,7,0.0306,0.0005,0.0306,0.0306,True,False,1.0000,1.0000,1.0000,0.9983,0.9694,0.9277,0.8571,0.4869,0.9743,-0.0151,1.0000,1.0000,1.0000,1.0000,1.0000,1.0000,1.0000,0.0000,0.5714,20.0000,0.0000,1.6000,0.0000,0.0151
46111,Mike Gesicki,MIA,5,0.0390,0.0005,0.0390,0.0390,True,False,1.0000,1.0000,0.3333,0.9995,0.9610,0.7799,0.6000,0.2307,0.8824,-0.2294,2.0000,1.0000,1.0000,1.0000,1.0000,0.0090,0.7742,0.0000,0.0000,5.0000,0.0000,2.2000,0.0000,0.0271
45594,Colin Thompson,CAR,6,0.0308,0.0005,0.0308,0.0308,True,False,1.0000,1.0000,0.6000,0.9963,0.9692,0.7599,0.6667,0.3000,0.9032,-0.1219,2.0000,1.0000,1.0000,1.0000,1.0000,0.1257,0.8818,0.0000,0.8333,,,,,
44792,Mo Alie-Cox,IND,13,0.0142,0.0005,0.0142,0.0142,True,False,1.0000,1.0000,0.8000,0.9976,0.9858,0.9070,0.8462,0.5776,0.9567,-0.0183,2.0000,1.0000,1.0000,1.0000,1.0000,0.4087,0.9459,0.0000,0.8462,18.0000,0.0000,1.6000,0.0000,0.0043
53591,Noah Gray,KC,6,0.0296,0.0005,0.0296,0.0296,True,False,1.0000,1.0000,1.0000,0.9975,0.9704,0.7920,1.0000,0.6097,1.0000,0.1992,0.0000,1.0000,1.0000,1.0000,1.0000,1.0000,1.0000,0.0000,0.5000,3.0000,0.0000,2.1000,0.0000,0.0230
35534,Jimmy Graham,CHI,4,0.0425,0.0005,0.0425,0.0425,True,False,1.0000,1.0000,1.0000,0.9798,0.9575,0.8772,1.0000,0.5101,1.0000,0.1593,0.0000,1.0000,1.0000,1.0000,1.0000,1.0000,1.0000,0.0000,1.0000,2.0000,0.0000,1.9500,0.0000,0.0242
45281,Jacob Hollister,JAX,3,0.0551,0.0005,0.0551,0.0551,True,False,1.0000,1.0000,1.0000,0.9984,0.9449,0.8167,1.0000,0.4385,1.0000,0.2214,0.0000,1.0000,1.0000,1.0000,1.0000,1.0000,1.0000,0.0000,0.3333,1.0000,0.0000,1.6000,0.0000,0.0006
53433,Kyle Pitts,ATL,4,0.0405,0.0005,0.0405,0.0405,True,False,1.0000,1.0000,1.0000,0.9954,0.9595,0.7298,0.7500,0.3006,0.9544,-0.0810,1.0000,1.0000,1.0000,1.0000,1.0000,1.0000,1.0000,0.0000,0.7500,5.0000,0.0000,1.7000,0.0000,0.0037
53574,Luke Farrell,JAX,5,0.0324,0.0005,0.0324,0.0324,True,False,1.0000,1.0000,1.0000,0.9982,0.9676,0.8703,1.0000,0.5655,1.0000,0.0760,0.0000,1.0000,1.0000,1.0000,1.0000,1.0000,1.0000,0.0000,0.6000,5.0000,0.0000,1.7000,0.0000,0.0075
44856,Gerald Everett,SEA,7,0.0231,0.0005,0.0231,0.0231,True,False,1.0000,1.0000,0.8333,0.9979,0.9769,0.8983,0.7143,0.3589,0.9178,-0.1195,2.0000,1.0000,1.0000,1.0000,1.0000,0.2731,0.9747,0.0000,0.4286,13.0000,0.0000,1.7000,0.0000,0.0193
53946,Jack Stoll,PHI,8,0.0198,0.0005,0.0198,0.0198,True,False,1.0000,1.0000,0.8750,0.9973,0.9802,0.8989,0.8750,0.5291,0.9776,0.0798,1.0000,1.0000,1.0000,1.0000,1.0000,0.3870,0.9814,0.0000,0.8750,4.0000,0.0000,1.5500,0.0000,0.0019
48683,Joe Fortson,KC,3,0.0498,0.0005,0.0498,0.0498,True,False,1.0000,1.0000,,0.9975,0.9502,0.7346,0.6667,0.2077,0.9385,-0.1842,1.0000,1.0000,1.0000,1.0000,1.0000,,,0.0000,1.0000,3.0000,0.0000,1.3000,0.0000,0.0048
45142,Darrell Daniels,ARI,3,0.0493,0.0005,0.0493,0.0493,True,False,1.0000,1.0000,0.6667,0.9950,0.9507,0.8010,0.3333,0.0615,0.7923,-0.4143,2.0000,1.0000,1.0000,1.0000,1.0000,0.0541,0.9452,0.0000,0.3333,4.0000,0.0000,1.6000,0.0000,0.0054
47803,Noah Fant,DEN,17,0.0091,0.0005,-0.3116,0.0661,True,False,1.0000,0.9333,0.6300,0.9945,0.9243,0.7211,0.6471,0.4130,0.8269,-0.0517,6.0000,1.0000,1.0000,0.6126,0.9903,0.3187,0.8297,0.0644,0.5882,53.0000,1.0000,2.0000,0.0189,0.0028
44835,Evan Engram,NYG,5,0.0285,0.0005,0.0285,0.0285,True,False,1.0000,1.0000,1.0000,0.9988,0.9715,0.8323,1.0000,0.5655,1.0000,0.1147,0.0000,1.0000,1.0000,1.0000,1.0000,1.0000,1.0000,0.0000,0.0000,22.0000,0.0000,2.1000,0.0000,0.0321
39983,Zach Ertz,PHI,6,0.0235,0.0005,0.0235,0.0235,True,False,1.0000,1.0000,1.0000,0.9995,0.9765,0.8582,1.0000,0.6097,1.0000,0.1399,0.0000,1.0000,1.0000,1.0000,1.0000,1.0000,1.0000,0.0000,0.3333,14.0000,0.0000,1.4500,0.0000,0.0033
45094,Johnny Mundt,LA,4,0.0275,0.0005,0.0275,0.0275,True,False,1.0000,1.0000,1.0000,0.9975,0.9725,0.8948,1.0000,0.5101,1.0000,0.1008,0.0000,1.0000,1.0000,1.0000,1.0000,1.0000,1.0000,0.0000,1.0000,1.0000,0.0000,1.1000,0.0000,0.0001
41236,Eric Ebron,PIT,4,0.0255,0.0005,0.0255,0.0255,True,False,1.0000,1.0000,1.0000,0.9983,0.9745,0.8231,1.0000,0.5101,1.0000,0.1336,0.0000,1.0000,1.0000,1.0000,1.0000,1.0000,1.0000,0.0000,1.0000,9.0000,0.0000,1.9000,0.0000,0.0056
41349,Logan Thomas,WAS,5,0.0185,0.0005,0.0185,0.0185,True,False,1.0000,1.0000,0.7500,0.9985,0.9815,0.8537,0.8000,0.3755,0.9638,-0.0889,1.0000,1.0000,1.0000,1.0000,1.0000,0.1279,0.9606,0.0000,0.4000,4.0000,0.0000,1.9500,0.0000,0.0035
48475,Chris Myarick,NYG,2,0.0434,0.0005,0.0434,0.0434,True,False,1.0000,1.0000,,0.9701,0.9566,0.8554,1.0000,0.3424,1.0000,0.1270,0.0000,1.0000,1.0000,1.0000,1.0000,,,0.0000,1.0000,,,,,
44009,J.P. Holtz,CHI,2,0.0389,0.0005,0.0389,0.0389,True,False,1.0000,1.0000,1.0000,0.9940,0.9611,0.8202,1.0000,0.3424,1.0000,0.2552,0.0000,1.0000,1.0000,1.0000,1.0000,1.0000,1.0000,0.0000,0.0000,,,,,
45217,Cethan Carter,MIA,2,0.0389,0.0005,0.0389,0.0389,True,False,1.0000,1.0000,1.0000,0.9967,0.9611,0.8180,1.0000,0.3424,1.0000,0.1262,0.0000,1.0000,1.0000,1.0000,1.0000,1.0000,1.0000,0.0000,0.5000,,,,,
44967,Jeremy Sprinkle,DAL,4,0.0139,0.0005,0.0139,0.0139,True,False,1.0000,1.0000,1.0000,0.9988,0.9861,0.8865,1.0000,0.5101,1.0000,0.0490,0.0000,1.0000,1.0000,1.0000,1.0000,1.0000,1.0000,0.0000,0.5000,1.0000,0.0000,1.8000,0.0000,0.0035
46176,Christopher Herndon,MIN,1,0.0531,0.0005,0.0531,0.0531,True,False,1.0000,1.0000,,0.9994,0.9469,0.8120,1.0000,0.2065,1.0000,0.2013,0.0000,1.0000,1.0000,1.0000,1.0000,,,0.0000,0.0000,3.0000,0.0000,1.9000,0.0000,0.0056
48096,Andrew Beck,DEN,2,0.0256,0.0005,0.0256,0.0256,True,False,1.0000,1.0000,,0.9959,0.9744,0.8364,1.0000,0.3424,1.0000,0.1372,0.0000,1.0000,1.0000,1.0000,1.0000,,,0.0000,0.0000,,,,,
53510,Hunter Long,MIA,3,0.0109,0.0005,0.0109,0.0109,True,False,1.0000,1.0000,1.0000,0.9993,0.9891,0.9075,0.6667,0.2077,0.9385,-0.2447,1.0000,1.0000,1.0000,1.0000,1.0000,1.0000,1.0000,0.0000,0.3333,,,,,
39109,Derek Carrier,LV,1,0.0310,0.0005,0.0310,0.0310,True,False,1.0000,1.0000,1.0000,0.9968,0.9690,0.7424,1.0000,0.2065,1.0000,0.4045,0.0000,1.0000,1.0000,1.0000,1.0000,1.0000,1.0000,0.0000,0.0000,2.0000,0.0000,1.7500,0.0000,0.0035
46155,Mark Andrews,BAL,2,0.0145,0.0005,0.0145,0.0145,True,False,1.0000,1.0000,0.5000,0.9994,0.9855,0.8930,0.5000,0.0945,0.9055,-0.2839,1.0000,1.0000,1.0000,1.0000,1.0000,0.0060,0.9104,0.0000,0.5000,13.0000,0.0000,1.7000,0.0000,0.0097
52614,Tyler Davis,GB,2,0.0134,0.0005,0.0134,0.0134,True,False,1.0000,1.0000,,0.9975,0.9866,0.8704,1.0000,0.3424,1.0000,0.1140,0.0000,1.0000,1.0000,1.0000,1.0000,,,0.0000,1.0000,,,,,
52962,Tyler Mabry,SEA,2,0.0133,0.0005,0.0133,0.0133,True,False,1.0000,1.0000,1.0000,0.9989,0.9867,0.8552,1.0000,0.3424,1.0000,0.1116,0.0000,1.0000,1.0000,1.0000,1.0000,1.0000,1.0000,0.0000,1.0000,1.0000,0.0000,1.8000,0.0000,0.0046
53576,Brevin Jordan,HOU,1,0.0165,0.0005,0.0165,0.0165,True,False,1.0000,1.0000,1.0000,0.9977,0.9835,0.8734,1.0000,0.2065,1.0000,0.2219,0.0000,1.0000,1.0000,1.0000,1.0000,1.0000,1.0000,0.0000,1.0000,,,,,
48766,Kendall Blanton,LA,1,0.0127,0.0005,0.0127,0.0127,True,False,1.0000,1.0000,1.0000,0.9970,0.9873,0.8672,1.0000,0.2065,1.0000,0.2426,0.0000,1.0000,1.0000,1.0000,1.0000,1.0000,1.0000,0.0000,1.0000,,,,,
46797,Tanner Hudson,SF,1,0.0064,0.0005,0.0064,0.0064,True,False,1.0000,1.0000,1.0000,0.9992,0.9936,0.9435,1.0000,0.2065,1.0000,0.1097,0.0000,1.0000,1.0000,1.0000,1.0000,1.0000,1.0000,0.0000,1.0000,,,,,
45355,Anthony Firkser,TEN,2,,0.0005,,,True,False,1.0000,,,0.9991,0.8610,0.5163,0.5000,0.0945,0.9055,-0.3600,1.0000,1.0000,1.0000,,,,,,0.0000,36.0000,0.0000,2.3000,0.0000,0.0419
47904,Trevon Wesco,NYJ,7,-0.0292,0.0005,-0.5523,0.0922,True,False,1.0000,0.8571,0.8571,0.9957,0.8864,0.6630,0.8571,0.4869,0.9743,0.1933,1.0000,1.0000,1.0000,0.3340,0.9786,0.3340,0.9786,0.1323,0.4286,3.0000,0.0000,2.1000,0.0000,0.0790
46206,Dalton Schultz,DAL,16,-0.0214,0.0005,-0.3266,0.0320,True,False,1.0000,0.9375,0.6152,0.9975,0.9589,0.7979,0.8125,0.5699,0.9341,-0.0507,3.0000,1.0000,1.0000,0.6323,0.9910,0.1653,0.8771,0.0605,1.0000,18.0000,0.0000,2.0000,0.0000,0.0806
47791,T.J. Hockenson,DET,12,-0.0294,0.0005,-0.4304,0.0482,True,False,1.0000,0.9091,0.7792,0.9967,0.9385,0.7416,0.7500,0.4677,0.9111,0.0398,3.0000,1.0000,1.0000,0.5081,0.9867,0.3544,0.9418,0.0867,0.5833,25.0000,1.0000,1.7000,0.0400,-0.0247
47835,Drew Sample,CIN,18,-0.0196,0.0005,-0.3106,0.0308,True,False,1.0000,0.9412,0.7511,0.9973,0.9607,0.8034,0.7778,0.5478,0.9100,-0.0271,4.0000,1.0000,1.0000,0.6502,0.9915,0.4628,0.8991,0.0571,0.8333,3.0000,0.0000,1.1000,0.0000,0.0022
52541,Colby Parkinson,SEA,8,-0.0629,0.0005,-0.5509,0.0435,True,False,1.0000,0.8750,0.7292,0.9947,0.9379,0.7693,0.7500,0.4093,0.9285,-0.0306,2.0000,1.0000,1.0000,0.3870,0.9814,0.2764,0.9254,0.1169,0.3750,3.0000,0.0000,1.2000,0.0000,0.0024
42500,C.J. Uzomah,CIN,16,-0.0320,0.0005,-0.3210,0.0602,True,False,0.9375,0.8750,0.8750,0.9962,0.9070,0.6978,0.8750,0.6398,0.9650,0.1676,2.0000,0.6323,0.9910,0.5860,0.9672,0.5860,0.9672,0.0827,0.5625,23.0000,0.0000,1.9000,0.0000,0.0145
47879,Dawson Knox,BUF,9,-0.0609,0.0005,-0.5169,0.0337,True,False,1.0000,0.8889,0.8889,0.9960,0.9498,0.8173,0.8889,0.5650,0.9801,0.1926,1.0000,1.0000,1.0000,0.4330,0.9836,0.4330,0.9836,0.1048,0.5556,23.0000,0.0000,1.6000,0.0000,0.0056
46167,Jordan Akins,HOU,11,-0.0512,0.0005,-0.5392,0.0552,True,False,1.0000,0.8750,0.5833,0.9970,0.9262,0.7773,0.7273,0.4343,0.9025,-0.0186,3.0000,1.0000,1.0000,0.3870,0.9814,0.1802,0.8441,0.1169,0.7273,15.0000,0.0000,1.7000,0.0000,0.0085
47924,Zach Gentry,PIT,15,-0.0387,0.0005,-0.3594,0.0183,True,False,1.0000,0.9333,0.7111,0.9979,0.9721,0.8364,0.7333,0.4805,0.8910,-0.1001,4.0000,1.0000,1.0000,0.6126,0.9903,0.3280,0.9010,0.0644,1.0000,3.0000,0.0000,2.0000,0.0000,0.0031
48011,Tommy Sweeney,BUF,7,-0.0881,0.0005,-0.6112,0.0334,True,False,1.0000,0.8571,0.7143,0.9977,0.9452,0.8092,0.7143,0.3589,0.9178,-0.1076,2.0000,1.0000,1.0000,0.3340,0.9786,0.2581,0.9198,0.1323,0.5714,6.0000,0.0000,1.6500,0.0000,0.0231
46331,Ross Dwelley,SF,12,-0.0513,0.0005,-0.4783,0.0339,True,False,1.0000,0.9000,0.4667,0.9987,0.9513,0.7709,0.5000,0.2538,0.7462,-0.2727,6.0000,1.0000,1.0000,0.4730,0.9853,0.1495,0.7366,0.0949,0.8333,9.0000,0.0000,1.4000,0.0000,0.0498
44912,Jonnu Smith,NE,16,-0.0446,0.0005,-0.4014,0.0211,True,False,1.0000,0.9231,0.4154,0.9937,0.9677,0.8533,0.6250,0.3864,0.8152,-0.3069,6.0000,1.0000,1.0000,0.5663,0.9888,0.1031,0.7120,0.0739,0.8125,10.0000,0.0000,1.9000,0.0000,0.0191
52526,Albert Okwuegbunam,DEN,8,-0.0904,0.0005,-0.5784,0.0160,True,False,1.0000,0.8750,0.8750,0.9923,0.9654,0.8508,0.7500,0.4093,0.9285,-0.1108,2.0000,1.0000,1.0000,0.3870,0.9814,0.3870,0.9814,0.1169,0.6250,12.0000,0.0000,2.0000,0.0000,0.0166
45785,Dan Arnold,JAX,9,-0.0898,0.0005,-0.5778,0.0166,True,False,1.0000,0.8750,0.5000,0.9977,0.9648,0.8221,0.5556,0.2666,0.8112,-0.2623,4.0000,1.0000,1.0000,0.3870,0.9814,0.1520,0.7749,0.1169,0.2222,13.0000,1.0000,2.3000,0.0769,-0.0403
37179,Luke Stocker,MIN,5,-0.1666,0.0005,-0.7628,0.0025,True,False,0.8000,0.8000,0.8000,0.9947,0.9666,0.8475,0.8000,0.3755,0.9638,-0.0753,1.0000,0.2038,0.9692,0.2038,0.9692,0.2038,0.9692,0.1789,0.8000,2.0000,0.0000,1.5000,0.0000,0.0031
53553,John Bates,WAS,7,-0.1218,0.0005,-0.6449,-0.0004,True,False,1.0000,0.8571,0.8571,0.9973,0.9790,0.8496,0.7143,0.3589,0.9178,-0.1452,2.0000,1.0000,1.0000,0.3340,0.9786,0.3340,0.9786,0.1323,0.8571,3.0000,0.0000,1.6000,0.0000,0.0019
42033,Cameron Brate,TB,1,-0.8654,0.0005,-0.8654,-0.8654,True,False,1.0000,0.0000,0.0000,0.9972,0.8654,0.5971,0.0000,0.0000,0.7935,-0.8640,1.0000,1.0000,1.0000,0.0000,0.0000,0.0000,0.0000,,1.0000,9.0000,0.0000,2.0000,0.0000,0.0276
47840,J.J. Arcega-Whiteside,PHI,4,-0.2165,0.0005,-0.8386,-0.0060,True,False,1.0000,0.7500,0.5000,0.9975,0.9665,0.8647,0.5000,0.1500,0.8500,-0.3694,2.0000,1.0000,1.0000,0.1279,0.9606,0.0578,0.8449,0.2165,0.0000,3.0000,0.0000,1.1000,0.0000,0.0028
53556,Kylen Granson,IND,3,-0.2992,0.0005,-0.9118,-0.0207,True,False,1.0000,0.6667,0.6667,0.9995,0.9659,0.7714,0.6667,0.2077,0.9385,-0.0809,1.0000,1.0000,1.0000,0.0541,0.9452,0.0541,0.9452,0.2722,0.3333,1.0000,0.0000,1.8000,0.0000,0.0027
53484,Pat Freiermuth,PIT,6,-0.1682,0.0005,-0.7644,0.0010,True,False,1.0000,0.8000,0.2000,0.9995,0.9682,0.7855,0.3333,0.0968,0.7000,-0.5175,4.0000,1.0000,1.0000,0.2038,0.9692,0.0084,0.5819,0.1789,0.8333,3.0000,0.0000,2.9000,0.0000,0.0312
53065,Tommy Hudson,TEN,5,-0.2198,0.0005,-0.8419,-0.0092,True,False,1.0000,0.7500,0.7500,0.9972,0.9698,0.8441,0.8000,0.3755,0.9638,-0.1406,1.0000,1.0000,1.0000,0.1279,0.9606,0.1279,0.9606,0.2165,0.4000,7.0000,1.0000,1.9000,0.1429,-0.0618
53172,Dominique Dafney,GB,3,-0.5810,0.0005,-0.9053,-0.1401,True,False,0.3333,0.3333,,0.9611,0.9143,0.8105,0.3333,0.0615,0.7923,-0.5592,2.0000,0.0090,0.7742,0.0090,0.7742,,,0.2722,0.0000,3.0000,0.0000,1.4000,0.0000,0.0023
52725,Ben Ellefson,MIN,5,-0.3617,0.0005,-0.8360,-0.0800,True,False,0.8000,0.6000,,0.9964,0.9617,0.7751,0.4000,0.1176,0.7693,-0.5361,3.0000,0.2038,0.9692,0.1257,0.8818,,,0.2191,1.0000,,,,,
35481,Rob Gronkowski,TB,12,-0.1667,0.0005,-0.5797,-0.0051,True,False,1.0000,0.7778,0.4861,0.9977,0.9444,0.7347,0.6667,0.3906,0.8619,-0.1889,4.0000,1.0000,1.0000,0.3647,0.9393,0.1281,0.7763,0.1386,0.9167,5.0000,0.0000,2.0000,0.0000,0.0087
41327,Richard Rodgers,PHI,0,,,,,True,False,,,,,,,,,,,,,,,,,,,,1.0000,0.0000,2.7000,0.0000,0.0063
42516,James O'Shaughnessy,JAX,0,,,,,True,False,,,,,,,,,,,,,,,,,,,,7.0000,0.0000,1.8000,0.0000,0.0043
43079,Daniel Brown,NYJ,0,,,,,True,False,,,,,,,,,,,,,,,,,,,,3.0000,1.0000,1.5000,0.3333,-0.1968
43206,Ross Travis,ARI,0,,,,,True,False,,,,,,,,,,,,,,,,,,,,1.0000,0.0000,2.7000,0.0000,0.0107
46544,Deon Yelder,TB,0,,,,,True,False,,,,,,,,,,,,,,,,,,,,2.0000,1.0000,2.7000,0.5000,-0.3616
47852,Josh Oliver,BAL,0,,,,,True,False,,,,,,,,,,,,,,,,,,,,9.0000,0.0000,1.6000,0.0000,0.0484
52942,Juwan Johnson,NO,0,,,,,True,False,,,,,,,,,,,,,,,,,,,,4.0000,0.0000,1.2500,0.0000,0.0004
