dropBackType,n,mean_tax,median_tax,sd_tax,never_released_rate,mean_release_t_released,mean_max_depth,targets,catches,target_rate,target_lo,target_hi,catch_rate,catch_per_target
DESIGNED_ROLLOUT_LEFT,182,1.2522,1.1,0.6337,0.0549,1.1442,5.0755,47,38,0.2582,0.2001,0.3264,0.2088,0.8085
DESIGNED_ROLLOUT_RIGHT,343,1.2175,1.1,0.5182,0.0466,1.1471,4.4598,112,84,0.3265,0.2791,0.3778,0.2449,0.75
DESIGNED_RUN,6,0.8667,0.95,0.3266,0.0,0.8667,8.21,0,0,0.0,0.0,0.3903,0.0,
NA,531,1.2254,1.1,0.597,0.0188,1.2246,7.518,89,36,0.1676,0.1382,0.2017,0.0678,0.4045
SCRAMBLE,943,1.2282,1.0,0.5822,0.0064,1.2181,11.3799,82,41,0.087,0.0706,0.1067,0.0435,0.5
SCRAMBLE_ROLLOUT_LEFT,28,1.05,1.0,0.2603,0.0,1.05,8.9175,2,0,0.0714,0.0198,0.2265,0.0,0.0
SCRAMBLE_ROLLOUT_RIGHT,154,1.2351,1.0,0.5896,0.013,1.2033,7.79,20,11,0.1299,0.0857,0.1921,0.0714,0.55
TRADITIONAL,6847,1.1586,1.0,0.4833,0.0172,1.149,6.374,1212,835,0.177,0.1682,0.1862,0.122,0.6889
UNKNOWN,1,0.9,0.9,,0.0,0.9,12.77,0,0,0.0,0.0,0.7935,0.0,
