assignment,depth_bin,n,mean_tax,median_tax,sd_tax,never_released_rate,mean_release_t_released,mean_max_depth,targets,catches,target_rate,target_lo,target_hi,catch_rate,catch_per_target
chip_release,<0,283,1.994,2.0,0.8019,0.258,1.8057,-1.1775,47,32,0.1661,0.1273,0.2138,0.1131,0.6809
chip_release,0-5,641,1.864,1.8,0.6149,0.0374,1.8344,2.253,110,94,0.1716,0.1444,0.2027,0.1466,0.8545
chip_release,5-10,121,1.7364,1.7,0.4892,0.0,1.7364,6.7453,12,6,0.0992,0.0576,0.1654,0.0496,0.5
chip_release,10-15,42,1.5381,1.5,0.451,0.0,1.5381,11.979,6,5,0.1429,0.0672,0.2784,0.119,0.8333
chip_release,15-20,8,1.3875,1.3,0.3314,0.0,1.3875,17.8712,1,1,0.125,0.0224,0.4709,0.125,1.0
chip_release,20+,1,2.2,2.2,,0.0,2.2,30.19,0,0,0.0,0.0,0.7935,0.0,
route,<0,317,1.4331,1.1,0.8969,0.1167,1.2536,-1.2916,81,69,0.2555,0.2106,0.3063,0.2177,0.8519
route,0-5,2612,1.1677,1.1,0.4538,0.0107,1.1745,3.1425,491,375,0.188,0.1735,0.2034,0.1436,0.7637
route,5-10,2814,1.0351,1.0,0.3056,0.0,1.0498,7.2631,505,306,0.1795,0.1657,0.1941,0.1087,0.6059
route,10-15,1520,0.981,1.0,0.2354,0.0,0.9883,12.0566,247,128,0.1625,0.1448,0.1819,0.0842,0.5182
route,15-20,462,0.9742,0.9,0.2532,0.0,0.9801,16.8947,52,26,0.1126,0.0869,0.1446,0.0563,0.5
route,20+,214,0.9687,1.0,0.1771,0.0,0.9687,25.0438,12,3,0.0561,0.0324,0.0954,0.014,0.25
