nflId,displayName,team,n,value,value_shrunk,lo,hi,median,sd,rtoe,rtoe_shrunk,rtoe_lo,rtoe_hi,mean_expected,mean_release_t_released_only,n_route,n_chip,chip_share,inline_share,detached_share,pa_share,n_released,n_never_released,never_release_rate,n_no_tracking,target_rate,catch_rate,mean_max_depth,higher_is_better,meets_min_n
41349,Logan Thomas,WAS,94,0.9819,1.0295,0.9119,1.0519,0.9,0.3464,-0.1082,-0.0637,-0.1688,-0.0476,1.0901,0.9699,90,4,0.0426,0.117,0.8404,0.234,93,1,0.0106,0,0.1383,0.1064,8.4463,False,True
39983,Zach Ertz,PHI,162,1.0444,1.0653,0.9702,1.1187,0.9,0.482,-0.0967,-0.0688,-0.1632,-0.0301,1.1411,1.0225,148,14,0.0864,0.284,0.6543,0.2222,160,2,0.0123,0,0.216,0.1296,8.5189,False,True
46189,Will Dissly,SEA,100,1.042,1.0732,0.9712,1.1128,1.0,0.3613,-0.0992,-0.0599,-0.1551,-0.0433,1.1412,1.0283,89,11,0.11,0.33,0.64,0.28,99,1,0.01,2,0.11,0.07,7.2784,False,True
53484,Pat Freiermuth,PIT,119,1.0487,1.0746,0.99,1.1075,1.0,0.327,-0.0711,-0.0459,-0.1188,-0.0234,1.1199,1.0483,116,3,0.0252,0.479,0.4874,0.0588,118,1,0.0084,0,0.2269,0.1849,5.7029,False,True
46155,Mark Andrews,BAL,213,1.0624,1.0766,1.0089,1.116,1.0,0.3989,-0.0518,-0.0396,-0.0983,-0.0053,1.1143,1.0592,200,13,0.061,0.2723,0.7042,0.277,211,2,0.0094,0,0.2488,0.1784,9.4625,False,True
44959,George Kittle,SF,103,1.0524,1.0806,0.9485,1.1564,0.9,0.5383,-0.0661,-0.0404,-0.1578,0.0256,1.1185,1.0265,96,7,0.068,0.4563,0.4757,0.2039,102,1,0.0097,2,0.1942,0.1262,6.1271,False,True
41236,Eric Ebron,PIT,108,1.0639,1.0885,1.0113,1.1165,1.0,0.279,-0.1268,-0.0788,-0.1664,-0.0872,1.1907,1.041,99,9,0.0833,0.713,0.2407,0.0463,105,3,0.0278,0,0.1111,0.0648,6.1367,False,True
52942,Juwan Johnson,NO,58,1.0448,1.0899,0.9993,1.0904,1.0,0.1769,-0.0654,-0.0307,-0.1248,-0.006,1.1102,1.0448,54,4,0.069,0.2586,0.7414,0.1379,58,0,0.0,0,0.2241,0.1034,10.7612,False,True
46111,Mike Gesicki,MIA,237,1.0793,1.0903,1.0075,1.1511,1.0,0.5641,0.0074,0.0058,-0.0608,0.0756,1.0719,1.1047,232,5,0.0211,0.0253,0.9451,0.1688,234,3,0.0127,1,0.1857,0.1392,7.9619,False,True
40011,Travis Kelce,KC,295,1.0881,1.0963,1.054,1.1223,1.0,0.2995,-0.0207,-0.017,-0.0493,0.0079,1.1088,1.0805,275,20,0.0678,0.1966,0.7898,0.1966,293,2,0.0068,1,0.2407,0.1458,7.7079,False,True
47920,Foster Moreau,LV,87,1.0747,1.1009,1.0048,1.1446,1.0,0.3328,-0.0779,-0.0444,-0.1264,-0.0294,1.1526,1.0588,78,9,0.1034,0.4828,0.5057,0.0805,85,2,0.023,0,0.092,0.0805,6.5899,False,True
53433,Kyle Pitts,ATL,239,1.0937,1.103,1.0522,1.1353,1.0,0.3277,0.0124,0.0097,-0.0285,0.0534,1.0813,1.1113,234,5,0.0209,0.1423,0.8243,0.2218,238,1,0.0042,1,0.2343,0.1464,7.7102,False,True
48683,Joe Fortson,KC,26,1.0192,1.1036,0.9052,1.1333,1.0,0.2967,-0.1558,-0.0443,-0.2496,-0.062,1.175,1.0192,23,3,0.1154,0.4615,0.5385,0.1538,26,0,0.0,0,0.1154,0.1154,8.3927,False,False
45217,Cethan Carter,MIA,13,0.9615,1.1115,0.8472,1.0759,1.0,0.2103,-0.0893,-0.0149,-0.1554,-0.0232,1.0508,0.9615,13,0,0.0,0.0769,0.7692,0.3846,13,0,0.0,0,0.2308,0.1538,8.78,False,False
45785,Dan Arnold,JAX,154,1.1019,1.1141,1.0351,1.1688,1.0,0.4234,-0.0123,-0.0087,-0.0521,0.0276,1.1142,1.0908,141,13,0.0844,0.1623,0.8117,0.0909,153,1,0.0065,1,0.2208,0.1299,8.5877,False,True
40149,Ryan Griffin,NYJ,107,1.1019,1.1182,1.0218,1.1819,1.0,0.4225,-0.1242,-0.0769,-0.1931,-0.0552,1.226,1.1019,90,17,0.1589,0.5794,0.3738,0.2056,107,0,0.0,1,0.1776,0.1028,7.1602,False,True
53512,Tommy Tremble,CAR,98,1.102,1.1194,1.0408,1.1633,1.0,0.3093,-0.0504,-0.0302,-0.1024,0.0016,1.1525,1.102,89,9,0.0918,0.3878,0.5306,0.1735,98,0,0.0,0,0.1531,0.0816,7.9705,False,True
45281,Jacob Hollister,JAX,36,1.0722,1.1195,0.9676,1.1769,0.9,0.3204,-0.0314,-0.0112,-0.1254,0.0627,1.1036,1.0722,35,1,0.0278,0.1389,0.7222,0.2222,36,0,0.0,1,0.1944,0.1111,7.4275,False,True
47791,T.J. Hockenson,DET,279,1.1151,1.121,1.0618,1.1683,1.0,0.4536,-0.0029,-0.0024,-0.0472,0.0415,1.1179,1.0986,254,25,0.0896,0.2796,0.6918,0.1326,276,3,0.0108,1,0.2366,0.1685,7.8331,False,True
52725,Ben Ellefson,MIN,10,0.96,1.1221,0.8133,1.1067,0.9,0.2366,-0.1584,-0.0211,-0.3018,-0.0151,1.1184,0.96,10,0,0.0,1.0,0.0,0.2,10,0,0.0,0,0.1,0.0,6.116,False,False
53576,Brevin Jordan,HOU,9,0.9444,1.1227,0.8782,1.0107,0.9,0.1014,-0.1685,-0.0205,-0.2346,-0.1023,1.1129,0.9444,9,0,0.0,0.8889,0.1111,0.0,9,0,0.0,0,0.3333,0.2222,6.2322,False,False
46118,Dallas Goedert,PHI,143,1.1154,1.1259,1.0514,1.1794,1.0,0.3906,-0.015,-0.0103,-0.0638,0.0339,1.1303,1.1154,134,9,0.0629,0.3566,0.6154,0.1888,143,0,0.0,1,0.1958,0.1538,9.7302,False,True
53553,John Bates,WAS,19,1.0474,1.1262,0.9113,1.1834,1.0,0.3025,-0.1782,-0.0401,-0.2462,-0.1102,1.2256,1.0474,16,3,0.1579,0.6316,0.2632,0.6842,19,0,0.0,0,0.1053,0.1053,8.2068,False,False
45339,Pharaoh Brown,HOU,74,1.1216,1.1372,1.0423,1.2009,1.1,0.3481,-0.059,-0.0313,-0.1017,-0.0162,1.1806,1.1216,68,6,0.0811,0.7297,0.1757,0.2838,74,0,0.0,0,0.2162,0.1216,5.1665,False,True
42547,Darren Waller,LV,209,1.1321,1.1375,1.0914,1.1727,1.1,0.2996,-0.0257,-0.0196,-0.058,0.0066,1.1578,1.1321,187,22,0.1053,0.4928,0.4737,0.067,209,0,0.0,0,0.2201,0.1292,7.552,False,True
46176,Christopher Herndon,MIN,27,1.0963,1.1381,0.9763,1.2163,1.1,0.318,-0.0986,-0.0288,-0.1863,-0.0108,1.1949,1.0963,24,3,0.1111,0.4444,0.3333,0.2593,27,0,0.0,0,0.1481,0.0741,5.0041,False,False
52451,Cole Kmet,CHI,177,1.1322,1.1385,1.0669,1.1975,1.0,0.4433,-0.0273,-0.02,-0.0795,0.0249,1.1595,1.1176,156,21,0.1186,0.2373,0.6723,0.2034,176,1,0.0056,1,0.2034,0.1243,7.2305,False,True
52523,Harrison Bryant,CLE,73,1.1233,1.1386,1.053,1.1935,1.1,0.3062,-0.0913,-0.0481,-0.1562,-0.0265,1.2146,1.1233,65,8,0.1096,0.1507,0.4795,0.4247,73,0,0.0,0,0.1781,0.1233,5.2356,False,True
46331,Ross Dwelley,SF,57,1.1193,1.1388,0.9402,1.2984,1.0,0.6898,-0.0605,-0.0282,-0.2227,0.1018,1.1798,1.0571,48,9,0.1579,0.3158,0.5263,0.3158,56,1,0.0175,1,0.0877,0.0702,7.1835,False,True
48766,Kendall Blanton,LA,5,0.92,1.1392,0.6541,1.1859,1.1,0.3033,-0.1514,-0.0109,-0.4336,0.1308,1.0714,0.92,5,0,0.0,0.6,0.4,0.0,5,0,0.0,0,0.0,0.0,5.212,False,False
53510,Hunter Long,MIA,5,0.92,1.1392,0.8057,1.0343,0.9,0.1304,-0.1753,-0.0126,-0.3225,-0.0282,1.0953,0.92,5,0,0.0,0.6,0.4,0.2,5,0,0.0,0,0.2,0.0,4.012,False,False
42428,Tyler Kroft,NYJ,104,1.1327,1.1423,1.0528,1.2126,1.0,0.4158,-0.1026,-0.0629,-0.1835,-0.0217,1.2353,1.1327,87,17,0.1635,0.4904,0.3558,0.1923,104,0,0.0,2,0.1154,0.0673,6.3024,False,True
47879,Dawson Knox,BUF,157,1.1382,1.1442,1.0461,1.2304,1.0,0.5892,-0.0583,-0.0411,-0.1423,0.0258,1.1965,1.2006,133,24,0.1529,0.2548,0.5669,0.2675,156,1,0.0064,0,0.1465,0.1083,7.4557,False,True
45594,Colin Thompson,CAR,7,1.0143,1.1451,0.9058,1.1227,1.0,0.1464,-0.1439,-0.014,-0.2814,-0.0065,1.1582,1.0143,7,0,0.0,0.4286,0.1429,0.4286,7,0,0.0,0,0.1429,0.0,2.5343,False,False
45094,Johnny Mundt,LA,26,1.1115,1.1458,0.9688,1.2543,1.0,0.3713,-0.0533,-0.0153,-0.1849,0.0782,1.1649,1.1115,24,2,0.0769,0.5385,0.3846,0.1154,26,0,0.0,0,0.0385,0.0385,5.3515,False,False
43845,Stephen Anderson,LAC,35,1.1229,1.1472,0.9677,1.2781,1.0,0.4685,-0.1603,-0.0558,-0.3084,-0.0122,1.2832,1.1088,25,10,0.2857,0.3714,0.0857,0.6286,34,1,0.0286,0,0.2,0.1429,1.666,False,True
48096,Andrew Beck,DEN,6,1.0167,1.149,0.7666,1.2667,1.1,0.3125,-0.0494,-0.0043,-0.2603,0.1615,1.0661,1.0167,6,0,0.0,0.5,0.1667,0.5,6,0,0.0,0,0.0,0.0,11.1767,False,False
45481,Ricky Seals-Jones,WAS,185,1.1449,1.1491,1.0679,1.2219,1.0,0.5342,-0.0457,-0.0337,-0.1086,0.0173,1.1905,1.1183,153,32,0.173,0.0865,0.7784,0.3243,180,5,0.027,0,0.1676,0.1027,7.3869,False,True
46170,Ian Thomas,CAR,128,1.143,1.1491,1.0785,1.2074,1.0,0.372,-0.0829,-0.0548,-0.1331,-0.0327,1.2259,1.1331,105,23,0.1797,0.5156,0.4844,0.1719,127,1,0.0078,0,0.1016,0.0625,7.2498,False,True
53172,Dominique Dafney,GB,14,1.1,1.1514,0.9306,1.2694,1.0,0.3234,-0.1662,-0.0293,-0.2756,-0.0568,1.2662,1.0231,11,3,0.2143,0.2143,0.4286,0.2143,13,1,0.0714,0,0.0,0.0,8.2343,False,False
48723,Parker Hesse,ATL,4,0.975,1.1518,0.8517,1.0983,1.0,0.1258,-0.152,-0.0089,-0.1931,-0.111,1.127,0.975,4,0,0.0,0.5,0.5,0.5,4,0,0.0,0,0.25,0.0,6.1575,False,False
44009,J.P. Holtz,CHI,7,1.0571,1.153,0.9731,1.1411,1.0,0.1134,-0.0074,-0.0009,-0.0996,0.0847,1.0646,1.0571,7,0,0.0,0.4286,0.4286,0.2857,7,0,0.0,0,0.0,0.0,4.1786,False,False
42033,Cameron Brate,TB,158,1.15,1.154,1.0665,1.2335,1.0,0.5353,0.0094,0.0066,-0.0635,0.0823,1.1406,1.1404,148,10,0.0633,0.1962,0.6266,0.1329,156,2,0.0127,0,0.1519,0.0759,6.7393,False,True
53574,Luke Farrell,JAX,45,1.14,1.1541,1.0072,1.2728,1.0,0.4545,-0.0426,-0.0174,-0.1714,0.0862,1.1826,1.14,40,5,0.1111,0.3111,0.5111,0.3111,45,0,0.0,1,0.1333,0.1111,7.5182,False,True
48700,Jesper Horsted,CHI,3,1.0,1.1593,0.8868,1.1132,1.0,0.1,-0.0835,-0.0039,-0.2596,0.0927,1.0835,1.0,3,0,0.0,0.0,1.0,0.6667,3,0,0.0,0,0.6667,0.3333,9.7333,False,False
44856,Gerald Everett,SEA,113,1.1558,1.1598,1.0835,1.228,1.0,0.3921,-0.0071,-0.0046,-0.0626,0.0484,1.1628,1.142,100,13,0.115,0.354,0.5929,0.1681,112,1,0.0088,1,0.1239,0.0885,8.0384,False,True
53570,Jacob Harris,LA,2,0.95,1.1611,0.852,1.048,0.95,0.0707,-0.1049,-0.0033,-0.1701,-0.0396,1.0549,0.95,2,0,0.0,0.0,1.0,0.0,2,0,0.0,0,0.0,0.0,4.825,False,False
46915,Codey McElroy,TB,2,0.95,1.1611,0.656,1.244,0.95,0.2121,-0.0435,-0.0015,-0.3741,0.2871,0.9935,0.95,2,0,0.0,0.5,0.5,0.0,2,0,0.0,0,0.5,0.0,5.215,False,False
40641,Jack Doyle,IND,128,1.1586,1.1617,1.0651,1.2521,1.0,0.5398,0.0042,0.0027,-0.076,0.0844,1.1544,1.0944,118,10,0.0781,0.3516,0.5547,0.2266,125,3,0.0234,0,0.1172,0.0859,6.7545,False,True
42398,Maxx Williams,ARI,71,1.1563,1.1619,1.0493,1.2633,1.1,0.46,0.0244,0.0125,-0.0676,0.1163,1.1319,1.0928,66,5,0.0704,0.5211,0.4085,0.3239,69,2,0.0282,1,0.2113,0.1972,6.64,False,True
53896,Tory Carter,TEN,1,0.8,1.163,,,0.8,,-0.1397,-0.0023,,,0.9397,0.8,1,0,0.0,0.0,0.0,1.0,1,0,0.0,0,0.0,0.0,3.51,False,False
53724,Matt Bushman,LV,2,1.0,1.1642,1.0,1.0,1.0,0.0,-0.1587,-0.0049,-0.3176,0.0002,1.1587,1.0,2,0,0.0,0.5,0.5,0.0,2,0,0.0,0,0.0,0.0,7.69,False,False
46094,Hayden Hurst,ATL,146,1.163,1.1651,1.083,1.243,1.0,0.493,0.0263,0.0181,-0.0418,0.0945,1.1367,1.1932,131,15,0.1027,0.363,0.6027,0.2123,146,0,0.0,0,0.1507,0.1233,5.5138,False,True
52541,Colby Parkinson,SEA,28,1.1571,1.1664,0.985,1.3292,1.0,0.4646,-0.0233,-0.0071,-0.2102,0.1637,1.1804,1.0654,25,3,0.1071,0.1786,0.7143,0.1429,26,2,0.0714,1,0.0357,0.0357,5.7636,False,False
52962,Tyler Mabry,SEA,4,1.125,1.1691,0.684,1.566,0.9,0.45,-0.1291,-0.0076,-0.2331,-0.0251,1.2541,1.125,3,1,0.25,0.5,0.5,0.5,4,0,0.0,0,0.0,0.0,4.4875,False,False
53959,Brock Wright,DET,8,1.15,1.1697,1.0672,1.2328,1.15,0.1195,-0.1663,-0.0182,-0.3678,0.0352,1.3163,1.15,6,2,0.25,0.375,0.25,0.25,8,0,0.0,0,0.0,0.0,9.03,False,False
45142,Darrell Daniels,ARI,23,1.1652,1.1707,1.0095,1.3209,1.1,0.3809,-0.0764,-0.0199,-0.2014,0.0487,1.2416,1.1652,19,4,0.1739,0.2174,0.5217,0.3913,23,0,0.0,0,0.0435,0.0,8.9365,False,False
52673,Mitchell Wilcox,CIN,7,1.1571,1.1716,1.0989,1.2154,1.2,0.0787,0.0751,0.007,-0.0016,0.1518,1.0821,1.1571,7,0,0.0,0.5714,0.4286,0.5714,7,0,0.0,0,0.0,0.0,4.7171,False,False
53526,Tre' McKitty,LAC,1,1.1,1.1725,,,1.1,,-0.016,-0.0005,,,1.116,1.1,1,0,0.0,1.0,0.0,0.0,1,0,0.0,0,0.0,0.0,1.09,False,False
47835,Drew Sample,CIN,41,1.1707,1.1725,1.0846,1.2568,1.1,0.2813,0.0056,0.002,-0.0804,0.0916,1.1651,1.1154,38,3,0.0732,0.6098,0.2927,0.4146,39,2,0.0488,0,0.0976,0.0244,5.0327,False,True
40615,Demetrius Harris,ARI,31,1.171,1.1729,1.0021,1.3398,1.0,0.4797,-0.0274,-0.0089,-0.1624,0.1077,1.1983,1.1033,30,1,0.0323,0.3871,0.2903,0.4516,30,1,0.0323,0,0.0968,0.0,6.9429,False,True
45321,Antony Auclair,HOU,18,1.1722,1.1739,0.9471,1.3973,1.05,0.4873,0.0095,0.0018,-0.1772,0.1962,1.1627,1.1722,16,2,0.1111,0.6111,0.1111,0.5,18,0,0.0,0,0.0556,0.0556,4.1733,False,False
44831,O.J. Howard,TB,76,1.175,1.175,1.0788,1.2712,1.05,0.4281,-0.0084,-0.0046,-0.0999,0.0831,1.1834,1.1453,69,7,0.0921,0.5132,0.3553,0.2632,75,1,0.0132,0,0.2368,0.1447,5.8589,False,True
47924,Zach Gentry,PIT,27,1.1926,1.1831,1.0554,1.3298,1.1,0.3637,-0.0533,-0.0157,-0.1761,0.0695,1.2459,1.14,23,4,0.1481,0.7778,0.1481,0.0741,25,2,0.0741,0,0.1852,0.1111,5.0156,False,False
37179,Luke Stocker,MIN,4,1.25,1.1835,0.687,1.813,1.0,0.5745,-0.1636,-0.0096,-0.5187,0.1916,1.4136,1.25,2,2,0.5,0.75,0.25,0.75,4,0,0.0,0,0.25,0.25,3.1025,False,False
44987,Eric Saubert,DEN,53,1.1906,1.1848,1.0778,1.3033,1.1,0.4189,-0.0013,-0.0007,-0.0933,0.0906,1.1919,1.1712,43,10,0.1887,0.566,0.2642,0.3019,52,1,0.0189,0,0.2075,0.1509,5.7715,False,True
39907,Darren Fells,DET,53,1.1943,1.1872,1.0959,1.2928,1.1,0.3655,0.0099,0.0043,-0.0643,0.0842,1.1844,1.1943,47,6,0.1132,0.4906,0.4717,0.2453,53,0,0.0,0,0.0943,0.0755,5.7804,False,True
47852,Josh Oliver,BAL,57,1.1947,1.1878,1.0802,1.3093,1.1,0.4414,-0.0091,-0.0043,-0.087,0.0689,1.2038,1.1696,48,9,0.1579,0.3333,0.6491,0.1754,56,1,0.0175,0,0.2105,0.1228,9.4135,False,True
45532,Blake Jarwin,DAL,115,1.1913,1.1878,1.0592,1.3234,1.0,0.7226,0.0199,0.0125,-0.0943,0.134,1.1714,1.1873,105,10,0.087,0.2087,0.5913,0.2174,110,5,0.0435,0,0.1565,0.087,7.687,False,True
46206,Dalton Schultz,DAL,172,1.1913,1.1888,1.0923,1.2902,1.0,0.662,0.0444,0.0321,-0.0343,0.1232,1.1469,1.1281,152,20,0.1163,0.4186,0.5581,0.1977,167,5,0.0291,0,0.2267,0.1686,6.6528,False,True
35481,Rob Gronkowski,TB,83,1.194,1.1888,1.0602,1.3278,1.0,0.6218,0.0626,0.0348,-0.059,0.1841,1.1314,1.1662,76,7,0.0843,0.5663,0.3614,0.1566,80,3,0.0361,0,0.253,0.1807,7.0781,False,True
43370,Austin Hooper,CLE,130,1.1923,1.189,1.1238,1.2608,1.1,0.3986,-0.0142,-0.0095,-0.0703,0.0419,1.2065,1.1579,107,23,0.1769,0.6077,0.3692,0.2231,126,4,0.0308,0,0.2,0.1231,6.1084,False,True
46167,Jordan Akins,HOU,140,1.1936,1.1902,1.0949,1.2923,1.0,0.5958,0.0166,0.0112,-0.0762,0.1093,1.177,1.3,125,15,0.1071,0.5071,0.3929,0.1357,139,1,0.0071,0,0.1571,0.1143,6.1672,False,True
48011,Tommy Sweeney,BUF,38,1.2026,1.1902,1.0859,1.3194,1.1,0.3672,-0.0243,-0.009,-0.1247,0.0761,1.2269,1.2026,32,6,0.1579,0.3684,0.5,0.2368,38,0,0.0,1,0.2368,0.1842,5.1566,False,True
42486,MyCole Pruitt,TEN,65,1.1985,1.1909,1.066,1.3309,1.1,0.5447,-0.0194,-0.0098,-0.1186,0.0797,1.2179,1.146,57,8,0.1231,0.3385,0.4,0.3692,63,2,0.0308,0,0.1846,0.1538,6.1242,False,True
42589,Geoff Swaim,TEN,85,1.2047,1.1968,1.0843,1.3251,1.0,0.5665,-0.0263,-0.0149,-0.1165,0.064,1.231,1.1305,69,16,0.1882,0.6588,0.2824,0.3529,82,3,0.0353,0,0.1882,0.1176,5.1953,False,True
44841,David Njoku,CLE,118,1.2034,1.1975,1.1261,1.2807,1.1,0.4285,-0.0058,-0.0038,-0.0656,0.0541,1.2091,1.1862,97,21,0.178,0.5508,0.4492,0.2119,116,2,0.0169,0,0.1695,0.1186,7.5622,False,True
44967,Jeremy Sprinkle,DAL,4,1.375,1.1979,1.0935,1.6565,1.25,0.2872,0.0078,0.0002,-0.1073,0.1228,1.3672,1.375,3,1,0.25,0.25,0.5,0.25,4,0,0.0,0,0.0,0.0,4.205,False,False
44835,Evan Engram,NYG,164,1.2024,1.1981,1.1299,1.275,1.0,0.4742,0.0285,0.0203,-0.0188,0.0758,1.1739,1.1852,142,22,0.1341,0.0976,0.7866,0.2439,162,2,0.0122,0,0.1524,0.0976,6.6371,False,True
47840,J.J. Arcega-Whiteside,PHI,15,1.2467,1.1984,0.904,1.5893,1.0,0.677,-0.0438,-0.0083,-0.2367,0.1491,1.2905,1.0929,11,4,0.2667,0.0667,0.8667,0.5333,14,1,0.0667,0,0.0,0.0,7.5807,False,False
52526,Albert Okwuegbunam,DEN,59,1.2119,1.1992,1.0925,1.3313,1.0,0.468,-0.0284,-0.0135,-0.117,0.0602,1.2403,1.1862,47,12,0.2034,0.6441,0.2542,0.3898,58,1,0.0169,0,0.2034,0.1864,7.2222,False,True
42516,James O'Shaughnessy,JAX,38,1.2211,1.2004,1.106,1.3361,1.0,0.3618,0.026,0.0093,-0.0507,0.1026,1.1951,1.1946,31,7,0.1842,0.2105,0.7368,0.1316,37,1,0.0263,0,0.2632,0.1842,6.3045,False,True
42721,Eric Tomlinson,BAL,16,1.2562,1.2027,1.081,1.4315,1.2,0.3577,-0.0527,-0.0105,-0.2049,0.0995,1.309,1.2667,12,4,0.25,0.8125,0.125,0.6875,15,1,0.0625,0,0.0,0.0,6.2075,False,False
39109,Derek Carrier,LV,15,1.26,1.2028,1.1197,1.4003,1.2,0.2772,0.0213,0.0038,-0.0649,0.1076,1.2387,1.2214,13,2,0.1333,0.2,0.3333,0.0667,14,1,0.0667,0,0.1333,0.1333,6.11,False,False
53946,Jack Stoll,PHI,21,1.2476,1.2044,1.0762,1.419,1.1,0.4008,-0.0399,-0.0098,-0.1987,0.1189,1.2875,1.2476,17,4,0.1905,0.5714,0.2381,0.5238,21,0,0.0,0,0.0,0.0,7.5062,False,False
35534,Jimmy Graham,CHI,45,1.2289,1.2069,1.0972,1.3605,1.1,0.4506,0.0729,0.0295,-0.0353,0.1812,1.156,1.2289,42,3,0.0667,0.1556,0.7111,0.2444,45,0,0.0,1,0.0667,0.0222,8.1093,False,True
41327,Richard Rodgers,PHI,3,1.5667,1.2097,0.456,2.6773,1.0,0.9815,0.1094,0.0045,-0.1953,0.4141,1.4573,1.5667,2,1,0.3333,0.3333,0.3333,0.3333,3,0,0.0,0,0.0,0.0,3.81,False,False
43399,Tyler Higbee,LA,196,1.2189,1.2129,1.1476,1.2902,1.1,0.5093,0.0138,0.0102,-0.0548,0.0824,1.2051,1.2887,162,34,0.1735,0.4949,0.4949,0.1633,195,1,0.0051,2,0.1378,0.102,6.7476,False,True
43206,Ross Travis,ARI,2,1.8,1.213,0.036,3.564,1.8,1.2728,0.3661,0.0106,-0.6175,1.3497,1.4339,1.8,1,1,0.5,1.0,0.0,1.0,2,0,0.0,0,0.0,0.0,2.95,False,False
47904,Trevon Wesco,NYJ,23,1.2652,1.2135,1.0034,1.5271,1.1,0.6407,0.0306,0.0077,-0.1901,0.2512,1.2346,1.2652,19,4,0.1739,0.3043,0.1739,0.4348,23,0,0.0,1,0.087,0.0,5.0417,False,False
45635,Robert Tonyan,GB,159,1.2252,1.217,1.1506,1.2997,1.1,0.4797,0.0571,0.0403,-0.0015,0.1157,1.1681,1.1987,141,18,0.1132,0.2453,0.6918,0.1447,156,3,0.0189,0,0.1509,0.0755,7.9355,False,True
44857,Adam Shaheen,MIA,73,1.2384,1.2195,1.0978,1.3789,1.0,0.6125,0.0595,0.0312,-0.0649,0.1839,1.1788,1.169,67,6,0.0822,0.411,0.589,0.2192,71,2,0.0274,1,0.1507,0.1233,5.9293,False,True
53556,Kylen Granson,IND,37,1.2568,1.2196,1.0943,1.4192,1.1,0.5042,0.1143,0.041,-0.0259,0.2546,1.1424,1.18,35,2,0.0541,0.1081,0.6757,0.2432,35,2,0.0541,0,0.0541,0.0,8.5108,False,True
43324,Hunter Henry,NE,198,1.2394,1.2307,1.1534,1.3253,1.0,0.6171,-0.0017,-0.0013,-0.0671,0.0638,1.2411,1.217,163,35,0.1768,0.1818,0.7879,0.1667,194,4,0.0202,2,0.1818,0.1263,6.1084,False,True
42500,C.J. Uzomah,CIN,198,1.2399,1.2312,1.1697,1.3101,1.1,0.504,0.052,0.0389,-0.004,0.108,1.1879,1.2362,174,24,0.1212,0.4949,0.4343,0.1414,196,2,0.0101,0,0.101,0.0909,5.6811,False,True
43079,Daniel Brown,NYJ,6,1.5333,1.2334,0.8129,2.2538,1.25,0.9004,0.0693,0.0056,-0.4772,0.6158,1.464,1.18,3,3,0.5,0.5,0.3333,0.0,5,1,0.1667,0,0.0,0.0,8.9217,False,False
44792,Mo Alie-Cox,IND,108,1.2509,1.2341,1.1719,1.33,1.1,0.4191,0.0112,0.0069,-0.0615,0.0839,1.2397,1.228,89,19,0.1759,0.3981,0.5648,0.2778,107,1,0.0093,0,0.2037,0.0926,8.5327,False,True
44912,Jonnu Smith,NE,91,1.2604,1.2388,1.0972,1.4237,1.0,0.7947,0.0544,0.0315,-0.0887,0.1976,1.206,1.1955,79,12,0.1319,0.3846,0.4945,0.4505,88,3,0.033,1,0.2747,0.1758,4.553,False,True
42460,Blake Bell,KC,23,1.3261,1.2395,1.1607,1.4915,1.1,0.4048,-0.1433,-0.0373,-0.2553,-0.0313,1.4694,1.3261,12,11,0.4783,0.8261,0.1739,0.7391,23,0,0.0,0,0.087,0.0435,4.133,False,False
52502,Josiah Deguara,GB,27,1.3148,1.2403,1.0791,1.5505,1.1,0.6249,0.0651,0.0188,-0.0715,0.2018,1.2497,1.26,21,6,0.2222,0.2222,0.5926,0.1852,25,2,0.0741,0,0.037,0.037,4.697,False,False
46226,Tyler Conklin,MIN,174,1.2546,1.2426,1.1851,1.3241,1.1,0.468,0.0898,0.0651,0.0347,0.1449,1.1648,1.2705,157,17,0.0977,0.8161,0.1552,0.1034,173,1,0.0057,0,0.1954,0.1379,6.0602,False,True
52513,Adam Trautman,NO,121,1.2686,1.2496,1.1374,1.3998,1.0,0.7365,0.1136,0.0735,-0.0056,0.2328,1.155,1.2174,109,12,0.0992,0.4132,0.4793,0.2231,115,6,0.0496,0,0.124,0.0579,7.2393,False,True
52598,Charlie Woerner,SF,36,1.3167,1.2513,1.0595,1.5738,1.1,0.7872,0.075,0.0263,-0.1636,0.3136,1.2417,1.3306,29,7,0.1944,0.7222,0.2778,0.3056,36,0,0.0,0,0.1389,0.1111,7.89,False,True
37234,Lee Smith,ATL,28,1.3357,1.2515,1.1782,1.4933,1.2,0.4253,0.0614,0.0181,-0.0396,0.1624,1.2743,1.256,23,5,0.1786,0.6429,0.1071,0.4643,25,3,0.1071,0,0.2857,0.2857,3.5696,False,False
34540,Jared Cook,LAC,192,1.2693,1.2562,1.1795,1.3591,1.1,0.635,0.0998,0.0743,0.0166,0.1831,1.1694,1.3271,170,22,0.1146,0.2031,0.7448,0.1198,188,4,0.0208,0,0.1927,0.1094,6.7965,False,True
42503,Jesse James,CHI,42,1.331,1.265,1.1873,1.4746,1.1,0.475,-0.0383,-0.015,-0.1572,0.0807,1.3692,1.3171,25,17,0.4048,0.6429,0.3333,0.3333,41,1,0.0238,0,0.1429,0.1429,4.4119,False,True
44075,Garrett Griffin,NO,32,1.3531,1.2657,1.042,1.6643,1.1,0.898,0.0979,0.0319,-0.125,0.3209,1.2552,1.3032,28,4,0.125,0.3125,0.3125,0.4375,31,1,0.0312,0,0.0938,0.0938,5.8303,False,True
53591,Noah Gray,KC,36,1.3583,1.2738,1.1536,1.5631,1.1,0.6267,0.1997,0.0704,0.0168,0.3825,1.1586,1.3114,33,3,0.0833,0.1111,0.7778,0.2222,35,1,0.0278,0,0.0833,0.0556,7.2619,False,True
46192,Durham Smythe,MIA,104,1.3058,1.2759,1.1534,1.4582,1.05,0.7929,0.1197,0.0732,-0.0163,0.2558,1.186,1.267,93,11,0.1058,0.4135,0.5,0.2788,97,7,0.0673,0,0.1635,0.125,5.8316,False,True
46544,Deon Yelder,TB,4,2.075,1.2784,0.8898,3.2602,1.95,1.2093,0.6026,0.0343,-0.1443,1.3495,1.4724,1.6333,2,2,0.5,0.5,0.5,0.25,3,1,0.25,0,0.25,0.25,2.4125,False,False
37118,Kyle Rudolph,NYG,113,1.3142,1.2843,1.23,1.3983,1.2,0.4565,0.1384,0.0873,0.0804,0.1963,1.1758,1.3142,98,15,0.1327,0.1947,0.6903,0.2743,113,0,0.0,0,0.1504,0.0973,6.4919,False,True
48456,Donald Parham,LAC,75,1.3453,1.2957,1.1672,1.5234,1.1,0.7869,0.1247,0.0662,-0.032,0.2813,1.2207,1.3875,63,12,0.16,0.5733,0.3867,0.32,72,3,0.04,0,0.1333,0.0933,6.8721,False,True
45355,Anthony Firkser,TEN,116,1.3388,1.3044,1.216,1.4616,1.1,0.6749,0.0175,0.0111,-0.0558,0.0908,1.3213,1.2528,79,37,0.319,0.1121,0.8621,0.0862,108,8,0.069,0,0.1379,0.0948,4.6276,False,True
42302,Chris Manhertz,JAX,39,1.4128,1.3079,1.1738,1.6519,1.2,0.7616,0.1393,0.0516,-0.0844,0.3629,1.2736,1.3184,31,8,0.2051,0.6154,0.3077,0.3077,38,1,0.0256,0,0.1026,0.0769,4.731,False,True
47803,Noah Fant,DEN,233,1.3309,1.3127,1.2631,1.3987,1.2,0.5282,0.0762,0.0593,0.0241,0.1283,1.2547,1.277,179,54,0.2318,0.6309,0.2747,0.2146,222,11,0.0472,0,0.2146,0.1502,6.0041,False,True
53065,Tommy Hudson,TEN,13,1.6692,1.3217,1.2148,2.1237,1.6,0.836,0.1337,0.0218,-0.2047,0.4721,1.5355,1.575,6,7,0.5385,0.3077,0.6923,0.1538,12,1,0.0769,0,0.3077,0.1538,1.0338,False,False
47959,Kaden Smith,NYG,43,1.4279,1.3224,1.2135,1.6423,1.1,0.7172,0.0961,0.0378,-0.0897,0.282,1.3318,1.381,32,11,0.2558,0.4186,0.3023,0.4884,42,1,0.0233,0,0.0698,0.0698,4.4849,False,True
30842,Marcedes Lewis,GB,56,1.5929,1.4447,1.3691,1.8166,1.2,0.8543,0.2498,0.1147,0.0535,0.4462,1.343,1.4429,41,15,0.2679,0.7143,0.1071,0.3929,49,7,0.125,0,0.1607,0.125,4.1104,False,True
