disp_yd,speed_yds,sustain_frames,mean_tax,median_tax,mean_tax_route,mean_tax_chip,n_never_released,never_release_rate,spearman_player_mean_vs_default,n_players,is_default
1.0,2.0,3,0.9927,0.9,0.912,1.5773,73,0.0081,0.9601,76,False
1.5,2.0,3,1.159,1.0,1.0717,1.7913,123,0.0136,0.9811,76,False
2.0,2.0,3,1.3038,1.2,1.2105,1.9792,208,0.023,0.9814,76,False
1.0,2.5,3,1.0214,0.9,0.9255,1.7161,107,0.0118,0.9823,76,False
1.5,2.5,3,1.1746,1.0,1.079,1.8678,162,0.0179,1.0,76,True
2.0,2.5,3,1.3145,1.2,1.2149,2.0356,241,0.0267,0.9844,76,False
1.0,3.0,3,1.0754,0.9,0.9628,1.891,186,0.0206,0.9613,76,False
1.5,3.0,3,1.201,1.0,1.0937,1.9784,230,0.0255,0.9641,76,False
2.0,3.0,3,1.3301,1.2,1.224,2.0988,291,0.0322,0.9495,76,False
