nflId,displayName,n,value,value_shrunk,lo,hi,higher_is_better,qualifies_top,mean_time_lift_seconds,mean_availability_score,mean_match_distance,observed_pressure_rate,expected_pressure_rate
40011,Travis Kelce,18,1.0680,1.0004,0.6717,1.4644,True,True,1.2082,0.8724,2.2656,0.5556,0.4208
42547,Darren Waller,22,0.7649,0.7336,0.4064,1.1235,True,True,0.8077,0.9216,2.1710,0.5455,0.4128
42460,Blake Bell,11,0.7896,0.7279,0.2826,1.2966,True,True,0.9446,0.9088,2.3920,0.4545,0.4111
47852,Josh Oliver,8,0.7919,0.7112,0.1974,1.3865,True,True,0.8557,0.8921,2.4096,0.3750,0.4281
42503,Jesse James,16,0.7271,0.6894,0.3066,1.1475,True,True,0.7706,0.9288,2.2243,0.5000,0.3690
52513,Adam Trautman,8,0.7061,0.6424,0.1115,1.3006,True,True,0.8036,0.8777,2.3693,0.3750,0.4190
46118,Dallas Goedert,9,0.6661,0.6154,0.1056,1.2267,True,True,0.7141,0.9269,2.5134,0.7778,0.4850
53512,Tommy Tremble,9,0.6329,0.5882,0.0724,1.1935,True,True,0.7044,0.9467,2.7226,0.5556,0.4977
43399,Tyler Higbee,33,0.5854,0.5740,0.2927,0.8781,True,True,0.6794,0.8570,2.0090,0.2121,0.2582
45635,Robert Tonyan,17,0.5961,0.5740,0.1882,1.0039,True,True,0.6569,0.8631,2.0671,0.3529,0.3558
46226,Tyler Conklin,17,0.5742,0.5544,0.1664,0.9821,True,True,0.7545,0.9240,2.2911,0.5882,0.2651
45481,Ricky Seals-Jones,28,0.5544,0.5432,0.2367,0.8722,True,True,0.6490,0.8771,2.3992,0.2857,0.4503
47959,Kaden Smith,11,0.5503,0.5251,0.0433,1.0574,True,True,0.6278,0.9255,2.4736,0.3636,0.4384
52451,Cole Kmet,20,0.4982,0.4879,0.1221,0.8742,True,True,0.5764,0.9172,2.3004,0.5000,0.3643
42033,Cameron Brate,10,0.5072,0.4869,-0.0246,1.0390,True,True,0.5654,0.9107,1.9402,0.5000,0.3448
46170,Ian Thomas,23,0.4837,0.4759,0.1331,0.8344,True,True,0.5362,0.9041,2.1871,0.3478,0.4982
47791,T.J. Hockenson,23,0.4821,0.4743,0.1314,0.8327,True,True,0.5037,0.8956,1.8968,0.4348,0.3928
40149,Ryan Griffin,17,0.4764,0.4668,0.0686,0.8843,True,True,0.5780,0.8815,2.4190,0.5882,0.4368
44841,David Njoku,19,0.4517,0.4454,0.0659,0.8375,True,True,0.4791,0.9730,2.0197,0.5789,0.3987
46155,Mark Andrews,12,0.4347,0.4275,-0.0508,0.9201,True,True,0.4851,0.9135,2.0753,0.5000,0.2388
42302,Chris Manhertz,8,0.3981,0.3954,-0.1964,0.9927,True,True,0.4312,0.9315,2.1135,0.5000,0.4279
34540,Jared Cook,19,0.3893,0.3888,0.0035,0.7751,True,True,0.4541,0.9132,1.9161,0.2105,0.4242
45785,Dan Arnold,13,0.3671,0.3693,-0.0993,0.8335,True,True,0.3612,0.9220,2.1774,0.7692,0.3670
46094,Hayden Hurst,15,0.3510,0.3548,-0.0832,0.7851,True,True,0.3566,0.8715,2.8813,0.4667,0.3259
43370,Austin Hooper,21,0.3398,0.3436,-0.0272,0.7067,True,True,0.3566,0.9281,2.4884,0.3333,0.3340
47879,Dawson Knox,24,0.3262,0.3306,-0.0170,0.6695,True,True,0.3730,0.8730,2.6739,0.4583,0.3838
46189,Will Dissly,10,0.3096,0.3219,-0.2221,0.8414,True,True,0.3916,0.8825,2.4053,0.4000,0.3965
44792,Mo Alie-Cox,19,0.3125,0.3193,-0.0733,0.6983,True,True,0.3135,0.8928,1.9677,0.6316,0.4266
46206,Dalton Schultz,18,0.3046,0.3125,-0.0918,0.7010,True,True,0.3690,0.8808,2.4624,0.3333,0.4621
47803,Noah Fant,45,0.3014,0.3049,0.0507,0.5521,True,True,0.3543,0.8642,2.1228,0.4444,0.3549
42428,Tyler Kroft,17,0.2790,0.2900,-0.1288,0.6869,True,True,0.2784,0.8638,2.4333,0.4706,0.4143
44912,Jonnu Smith,12,0.2673,0.2838,-0.2182,0.7527,True,True,0.2847,0.8559,2.2094,0.2500,0.3120
44987,Eric Saubert,9,0.2542,0.2776,-0.3063,0.8148,True,True,0.2949,0.9144,2.3919,0.4444,0.3526
43324,Hunter Henry,32,0.2634,0.2704,-0.0339,0.5607,True,True,0.2836,0.8666,2.1256,0.3438,0.3888
42500,C.J. Uzomah,23,0.2603,0.2701,-0.0904,0.6109,True,True,0.3012,0.8700,2.3146,0.3478,0.3817
30842,Marcedes Lewis,10,0.2466,0.2693,-0.2852,0.7784,True,True,0.2897,0.8480,2.5335,0.5000,0.2566
42589,Geoff Swaim,13,0.2447,0.2631,-0.2217,0.7111,True,True,0.2692,0.8953,1.9152,0.2308,0.3366
39983,Zach Ertz,14,0.2405,0.2583,-0.2089,0.6899,True,True,0.2312,0.9128,2.1988,0.5714,0.3948
45355,Anthony Firkser,30,0.2239,0.2338,-0.0831,0.5309,True,True,0.2323,0.9137,2.0358,0.4000,0.3851
44835,Evan Engram,20,0.2084,0.2242,-0.1677,0.5844,True,True,0.2429,0.8935,2.2444,0.5000,0.5961
46331,Ross Dwelley,9,0.1432,0.1865,-0.4174,0.7037,True,True,0.1576,0.9373,2.8716,0.5556,0.4450
40641,Jack Doyle,9,0.0771,0.1324,-0.4834,0.6377,True,True,0.1145,0.8933,2.0851,0.4444,0.2394
37118,Kyle Rudolph,15,0.0471,0.0863,-0.3871,0.4813,True,True,0.1371,0.9102,2.3164,0.2000,0.3935
52523,Harrison Bryant,8,0.0082,0.0827,-0.5863,0.6028,True,True,0.0357,0.9146,2.6234,0.2500,0.3886
44856,Gerald Everett,12,0.0184,0.0700,-0.4671,0.5038,True,True,0.0311,0.8878,2.4174,0.5833,0.4130
47920,Foster Moreau,8,-0.0124,0.0661,-0.6070,0.5821,True,True,-0.0115,0.9532,2.1774,0.2500,0.2897
46167,Jordan Akins,15,-0.0081,0.0375,-0.4423,0.4261,True,True,-0.0034,0.8890,2.0601,0.7333,0.4406
52526,Albert Okwuegbunam,11,-0.0364,0.0276,-0.5434,0.4706,True,True,-0.0472,0.9338,2.4873,0.2727,0.3554
48456,Donald Parham,9,-0.0933,-0.0074,-0.6538,0.4673,True,True,-0.1883,0.8951,2.1013,0.3333,0.3589
43845,Stephen Anderson,10,-0.2846,-0.1744,-0.8164,0.2472,True,True,-0.3034,0.8584,2.7026,0.2000,0.3939
45281,Jacob Hollister,1,6.2143,2.3444,4.5327,7.8959,True,False,6.2143,1.0000,2.1733,1.0000,0.6327
43079,Daniel Brown,2,3.0685,1.7350,1.8794,4.2575,True,False,3.0685,1.0000,1.9099,0.5000,0.3790
48683,Joe Fortson,3,1.5396,1.0810,0.5687,2.5105,True,False,1.6846,0.8689,2.7304,1.0000,0.5835
46111,Mike Gesicki,5,1.3449,1.0730,0.5929,2.0970,True,False,1.4837,0.8717,2.4785,0.6000,0.3579
52598,Charlie Woerner,7,1.0680,0.9175,0.4324,1.7036,True,False,1.0700,0.9295,2.6233,0.4286,0.3200
47840,J.J. Arcega-Whiteside,3,0.9142,0.7038,-0.0567,1.8850,True,False,0.9330,0.9641,2.9051,0.3333,0.4118
42398,Maxx Williams,4,0.8310,0.6833,-0.0098,1.6718,True,False,0.9538,0.8666,2.1073,0.5000,0.4601
52502,Josiah Deguara,5,0.7972,0.6803,0.0451,1.5492,True,False,0.8893,0.8953,2.1800,0.6000,0.2144
53946,Jack Stoll,4,0.8047,0.6657,-0.0362,1.6455,True,False,0.9255,0.9349,2.5146,0.5000,0.5372
45142,Darrell Daniels,4,0.8019,0.6639,-0.0389,1.6427,True,False,0.9956,0.8790,2.5532,1.0000,0.4138
53574,Luke Farrell,5,0.7043,0.6137,-0.0477,1.4563,True,False,0.7033,0.9791,2.6972,0.2000,0.4582
45094,Johnny Mundt,2,0.8318,0.6094,-0.3573,2.0209,True,False,0.9695,0.8590,2.4949,0.5000,0.2115
45339,Pharaoh Brown,6,0.6080,0.5526,-0.0785,1.2945,True,False,0.7382,0.8147,2.2824,0.6667,0.3694
44857,Adam Shaheen,6,0.5942,0.5422,-0.0923,1.2808,True,False,0.5637,0.8861,2.5085,0.3333,0.5644
53172,Dominique Dafney,2,0.6370,0.5114,-0.5521,1.8261,True,False,0.6370,1.0000,2.4078,0.5000,0.5692
48011,Tommy Sweeney,6,0.5461,0.5060,-0.1404,1.2327,True,False,0.6314,0.8584,2.4011,0.5000,0.4409
43206,Ross Travis,1,0.7363,0.5026,-0.9453,2.4179,True,False,0.7869,0.9357,2.5134,0.0000,0.6223
47924,Zach Gentry,2,0.6098,0.4977,-0.5793,1.7989,True,False,0.6388,0.9171,2.2901,0.0000,0.3222
45532,Blake Jarwin,6,0.4834,0.4589,-0.2031,1.1699,True,False,0.4794,0.9701,2.3719,0.6667,0.4393
52962,Tyler Mabry,1,0.5575,0.4424,-1.1241,2.2391,True,False,0.6594,0.8455,1.6184,1.0000,0.0000
53556,Kylen Granson,2,0.4914,0.4381,-0.6977,1.6805,True,False,0.5380,0.9209,2.2592,1.0000,0.3215
39109,Derek Carrier,1,0.5003,0.4232,-1.1813,2.1820,True,False,0.5739,0.8718,2.3790,0.0000,0.2377
40615,Demetrius Harris,1,0.4738,0.4143,-1.2078,2.1554,True,False,0.4738,1.0000,2.2623,0.0000,0.3624
52541,Colby Parkinson,3,0.4293,0.4114,-0.5416,1.4001,True,False,0.4642,0.8994,2.5734,0.0000,0.2205
47904,Trevon Wesco,4,0.4174,0.4064,-0.4234,1.2582,True,False,0.4087,0.9097,2.3287,0.2500,0.3600
46544,Deon Yelder,1,0.4020,0.3902,-1.2796,2.0836,True,False,0.5210,0.7716,1.7540,0.0000,0.2236
53591,Noah Gray,3,0.3923,0.3891,-0.5786,1.3631,True,False,0.4824,0.7526,1.8376,0.3333,0.3610
41327,Richard Rodgers,1,0.3792,0.3825,-1.3025,2.0608,True,False,0.3792,1.0000,2.3467,0.0000,0.7555
53553,John Bates,3,0.3353,0.3547,-0.6356,1.3062,True,False,0.3599,0.8555,2.7887,0.0000,0.3668
35534,Jimmy Graham,3,0.3285,0.3506,-0.6424,1.2993,True,False,0.3341,0.8480,2.2081,0.6667,0.5245
42516,James O'Shaughnessy,7,0.3127,0.3284,-0.3229,0.9483,True,False,0.3894,0.8883,2.0203,0.5714,0.4329
42721,Eric Tomlinson,3,0.2512,0.3040,-0.7196,1.2221,True,False,0.2703,0.9736,2.6956,0.0000,0.4952
53065,Tommy Hudson,6,0.2493,0.2827,-0.4372,0.9358,True,False,0.2322,0.7842,1.8213,0.5000,0.4835
46192,Durham Smythe,6,0.2434,0.2783,-0.4431,0.9300,True,False,0.2439,0.9369,2.6626,0.5000,0.3989
52942,Juwan Johnson,4,0.2139,0.2702,-0.6269,1.0547,True,False,0.1927,0.9503,2.6475,0.2500,0.2811
47835,Drew Sample,2,0.1307,0.2566,-1.0584,1.3198,True,False,0.0895,0.8475,2.3798,0.5000,0.4154
45321,Antony Auclair,2,0.1123,0.2474,-1.0768,1.3014,True,False,0.1494,0.6223,3.2394,1.0000,0.3023
53959,Brock Wright,2,0.0901,0.2362,-1.0990,1.2792,True,False,0.0907,0.9052,1.3049,1.0000,0.3928
44831,O.J. Howard,7,0.1527,0.2036,-0.4829,0.7882,True,False,0.1753,0.8761,2.2189,0.1429,0.3641
44075,Garrett Griffin,3,0.0824,0.2022,-0.8884,1.0533,True,False,0.1148,0.8952,2.4395,0.3333,0.3409
44967,Jeremy Sprinkle,1,-0.2463,0.1722,-1.9279,1.4353,True,False,-0.3181,0.7742,3.5227,0.0000,0.4106
35481,Rob Gronkowski,5,0.0632,0.1540,-0.6889,0.8152,True,False,0.0923,0.8461,2.0816,0.4000,0.2920
46176,Christopher Herndon,3,-0.0412,0.1276,-1.0121,0.9297,True,False,-0.0799,0.9376,2.4840,0.6667,0.3167
39907,Darren Fells,6,-0.0192,0.0806,-0.7057,0.6673,True,False,0.0047,0.9646,2.1790,0.1667,0.4372
41236,Eric Ebron,6,-0.0666,0.0450,-0.7531,0.6199,True,False,-0.0775,0.9130,2.2846,0.1667,0.2010
42486,MyCole Pruitt,7,-0.0554,0.0413,-0.6910,0.5802,True,False,0.0072,0.8543,2.7105,0.4286,0.3783
53433,Kyle Pitts,5,-0.1246,0.0194,-0.8766,0.6275,True,False,-0.1276,0.8557,2.8711,0.4000,0.2973
44959,George Kittle,6,-0.1787,-0.0394,-0.8652,0.5078,True,False,-0.2931,0.8596,2.7984,0.3333,0.2710
41349,Logan Thomas,4,-0.4031,-0.1430,-1.2439,0.4377,True,False,-0.3807,0.9156,2.3644,0.5000,0.4060
37179,Luke Stocker,2,-0.8195,-0.2216,-2.0086,0.3696,True,False,-0.8487,0.9886,2.4901,0.0000,0.4330
53484,Pat Freiermuth,3,-0.7010,-0.2703,-1.6719,0.2699,True,False,-0.7060,0.9410,2.2942,0.6667,0.4136
37234,Lee Smith,3,-0.8943,-0.3869,-1.8652,0.0766,True,False,-0.9402,0.8926,2.9426,0.3333,0.3718
