release_t,exp_sep_chip_pop,delta_chip_pop,exp_sep_all_pop,delta_all_pop
0.5,4.343488344292844,0.0,3.3921939060626936,0.0
0.75,4.418041880803043,0.0745535365101988,3.446617420808371,0.054423514745677526
1.0,4.257750399301486,-0.085737944991358,3.259326542237161,-0.13286736382553244
1.25,4.299323981348998,-0.04416436294384596,3.269630839391984,-0.12256306667070938
1.5,4.896401254271305,0.5529129099784615,3.7081388645192437,0.31594495845655013
1.75,5.217060625098121,0.873572280805277,4.032867872088576,0.6406739660258824
2.0,5.184521986174264,0.8410336418814204,3.994766813751718,0.6025729076890243
2.25,5.126038551062887,0.7825502067700434,3.9388464544044726,0.546652548341779
2.5,5.251995884314165,0.9085075400213212,4.064401603428423,0.6722076973657294
2.75,5.260451299146031,0.9169629548531875,4.08271823535633,0.6905243292936363
3.0,5.2157310436242454,0.8722426993314016,4.0598623246740875,0.6676684186113939
