assignment,tax_bin,n,mean_tax,median_tax,sd_tax,never_released_rate,mean_release_t_released,mean_max_depth,targets,catches,target_rate,target_lo,target_hi,catch_rate,catch_per_target
chip_release,<=0.8,12,0.7333,0.8,0.1435,0.0,0.7333,0.1767,2,1,0.1667,0.047,0.448,0.0833,0.5
chip_release,0.8-1.0,77,0.9675,1.0,0.0471,0.0,0.9675,2.2351,7,6,0.0909,0.0447,0.176,0.0779,0.8571
chip_release,1.0-1.2,122,1.1492,1.1,0.0502,0.0,1.1492,2.8225,18,13,0.1475,0.0954,0.2212,0.1066,0.7222
chip_release,1.2-1.5,149,1.404,1.4,0.0796,0.0,1.404,3.639,25,21,0.1678,0.1163,0.236,0.1409,0.84
chip_release,1.5-2.0,332,1.7937,1.8,0.1386,0.0,1.7937,2.9219,55,44,0.1657,0.1295,0.2094,0.1325,0.8
chip_release,2.0-3.0,276,2.3815,2.3,0.2577,0.0,2.3815,2.1744,45,35,0.163,0.1241,0.2112,0.1268,0.7778
chip_release,>3.0,31,3.5161,3.3,0.508,0.0,3.6613,1.2187,7,5,0.2258,0.1139,0.3981,0.1613,0.7143
chip_release,never_released,97,2.6041,2.5,0.7635,1.0,,-0.6738,17,13,0.1753,0.1124,0.2629,0.134,0.7647
route,<=0.8,1010,0.7373,0.8,0.131,0.0,0.7373,8.7425,206,140,0.204,0.1803,0.2299,0.1386,0.6796
route,0.8-1.0,3694,0.9537,1.0,0.0499,0.0,0.9537,8.4963,646,412,0.1749,0.163,0.1875,0.1115,0.6378
route,1.0-1.2,2234,1.1363,1.1,0.0481,0.0,1.1363,6.8379,373,241,0.167,0.1521,0.183,0.1079,0.6461
route,1.2-1.5,597,1.3578,1.3,0.0759,0.0,1.3578,5.325,102,70,0.1709,0.1428,0.2031,0.1173,0.6863
route,1.5-2.0,199,1.7593,1.7,0.1407,0.0,1.7593,3.5637,33,24,0.1658,0.1206,0.2237,0.1206,0.7273
route,2.0-3.0,96,2.425,2.4,0.2683,0.0,2.425,1.9303,21,14,0.2188,0.1478,0.3114,0.1458,0.6667
route,>3.0,44,4.3977,5.0,0.7444,0.0,6.8841,3.7439,5,5,0.1136,0.0495,0.2398,0.1136,1.0
route,never_released,65,2.6585,2.6,0.8921,1.0,,-0.0229,2,1,0.0308,0.0085,0.1054,0.0154,0.5
