nflId,displayName,team,snaps,route_snaps,chip_snaps,block_snaps,rank,te_dual_threat_value,route_value,protection_value,chip_value,gravity_value,versatility_value,release_tax_s,release_tax_s_n,release_tax_s_lo,release_tax_s_hi,csr_yd,csr_yd_n,csr_yd_lo,csr_yd_hi,eligible_threat_rate,eligible_threat_rate_n,eligible_threat_rate_lo,eligible_threat_rate_hi,coverage_gravity,coverage_gravity_n,coverage_gravity_lo,coverage_gravity_hi,soe_yd,soe_yd_n,soe_yd_lo,soe_yd_hi,mof_access,mof_access_n,mof_access_lo,mof_access_hi,yac_runway_yd,yac_runway_yd_n,yac_runway_yd_lo,yac_runway_yd_hi,pva_per_snap,pva_per_snap_n,pva_per_snap_lo,pva_per_snap_hi,edge_seal_oe,edge_seal_oe_n,edge_seal_oe_lo,edge_seal_oe_hi,deployment_index,deployment_index_n,deployment_index_lo,deployment_index_hi,constraint_box,constraint_box_n,constraint_box_lo,constraint_box_hi,rz_conflict,rz_conflict_n,rz_conflict_lo,rz_conflict_hi,z_release_tax_s,z_csr_yd,z_eligible_threat_rate,z_coverage_gravity,z_soe_yd,z_mof_access,z_yac_runway_yd,z_pva_per_snap,z_edge_seal_oe,z_deployment_index,z_constraint_box,z_rz_conflict,route_value_n_components,protection_value_n_components,chip_value_n_components,gravity_value_n_components,versatility_value_n_components
46170,Ian Thomas,CAR,166,128,23,38,1.0000,0.6717,0.9887,0.9454,0.3781,-0.9165,1.0534,1.1491,128.0000,1.0785,1.2074,0.6826,19.0000,-0.4239,1.7891,0.0513,166,0.0246,0.0922,0.0075,115.0000,-0.0575,0.0399,0.0252,128.0000,-0.1363,0.2454,0.1761,128.0000,0.1474,0.2847,7.5426,8.0000,4.1891,10.8960,0.1207,61.0000,0.0177,0.2236,0.0404,38.0000,0.0404,0.0404,0.8533,166,0.8104,0.8871,0.4200,166.0000,0.0498,0.9771,0.6945,12.0000,0.4481,0.7886,0.2315,0.3781,-0.2630,-0.9165,0.8274,0.8654,3.2821,1.5016,0.3892,1.0534,1.0280,1.8587,5,2,1,1,1
44856,Gerald Everett,SEA,123,114,13,9,2.0000,0.5523,0.3988,-0.2546,2.7453,-0.5722,-0.1543,1.1598,113.0000,1.0835,1.2280,2.6514,8.0000,0.9462,4.3566,0.0676,122,0.0451,0.1443,0.0111,99.0000,-0.0535,0.0507,0.0413,113.0000,-0.1301,0.3220,0.1735,113.0000,0.1203,0.2445,3.4984,10.0000,1.4413,5.5555,-0.0733,22.0000,-0.2447,0.0981,0.0231,7.0000,0.0231,0.0231,0.7168,123,0.6655,0.7610,0.3138,123.0000,-0.1710,0.6205,0.3977,15.0000,0.2258,0.5547,0.0756,2.7453,0.8708,-0.5722,1.0835,0.5551,-0.5911,-0.7727,0.2635,-0.1543,-0.6712,-0.0650,5,2,1,1,1
44841,David Njoku,CLE,144,118,21,26,3.0000,0.4151,0.2274,0.2971,0.5303,0.0392,1.5126,1.1975,118.0000,1.1261,1.2807,0.8092,14.0000,-0.4798,2.0982,0.0517,144,0.0237,0.0969,0.0176,98.0000,-0.0489,0.0818,0.0477,118.0000,-0.0923,0.2608,0.1729,118.0000,0.1221,0.2477,4.3035,14.0000,2.2655,6.3415,0.0343,47.0000,-0.0830,0.1516,0.0013,24.0000,-0.2345,0.0402,0.9052,144,0.8367,0.9510,0.3195,143.0000,0.0260,0.4577,0.6122,20.0000,0.3689,0.7321,-0.4736,0.5303,-0.2316,0.0392,1.1845,0.4776,0.1799,0.4890,0.1052,1.5126,-0.5801,1.3254,5,2,1,1,1
40641,Jack Doyle,IND,144,128,10,16,4.0000,0.3964,0.3576,0.5457,0.4994,0.3306,0.0191,1.1617,128.0000,1.0651,1.2521,0.7835,9.0000,-0.8242,2.3912,0.0729,144,0.0535,0.1483,0.0206,113.0000,-0.0253,0.0742,-0.0818,128.0000,-0.2695,0.0563,0.1771,128.0000,0.1357,0.2443,4.5094,11.0000,2.1052,6.9136,0.0269,26.0000,-0.1308,0.1846,0.0817,13.0000,0.0817,0.0817,0.7364,144,0.6861,0.7719,0.3979,142.0000,0.1027,0.8778,0.3933,16.0000,0.2025,0.5787,0.0479,0.4994,1.2426,0.3306,-0.8695,0.9897,0.3771,0.4020,0.6893,0.0191,0.6738,-0.0933,5,2,1,1,1
41349,Logan Thomas,WAS,100,94,4,6,5.0000,0.3964,-0.1730,0.1951,1.4758,1.4328,-0.3030,1.0295,94.0000,0.9119,1.0519,1.5956,3.0000,-1.1890,4.3802,0.0487,100,0.0157,0.0984,0.0323,81.0000,-0.0056,0.1311,0.0092,94.0000,-0.1694,0.2316,0.1665,94.0000,0.0906,0.2068,1.3390,10.0000,-0.9370,3.6151,0.0063,10.0000,-0.2480,0.2605,0.0185,5.0000,0.0185,0.0185,0.7000,100,0.4407,0.7160,0.2594,96.0000,-0.2522,0.1209,0.2254,13.0000,0.1307,0.3048,1.9737,1.4758,-0.4424,1.4328,0.5733,-0.3104,-2.6592,0.1600,0.2301,-0.3030,-1.5415,-1.1813,5,2,1,1,1
52451,Cole Kmet,CHI,208,178,22,30,6.0000,0.3130,0.0047,0.2804,1.1516,-0.2977,0.4075,1.1385,177.0000,1.0669,1.1975,1.3259,14.0000,0.0369,2.6150,0.0625,207,0.0407,0.1103,0.0140,141.0000,-0.0386,0.0562,-0.0385,177.0000,-0.1843,0.0981,0.1628,177.0000,0.1140,0.2137,4.1810,22.0000,2.6747,5.6874,0.0370,52.0000,-0.0745,0.1485,-0.0077,29.0000,-0.2184,0.0541,0.7803,208,0.7465,0.8237,0.2342,204.0000,-0.1258,0.3501,0.4338,21.0000,0.1919,0.6129,0.3859,1.1516,0.5203,-0.2977,-0.1831,-0.7622,0.0626,0.5211,0.0398,0.4075,-1.9448,0.1694,5,2,1,1,1
47920,Foster Moreau,LV,117,87,9,30,7.0000,0.3118,0.2774,0.4978,0.4053,-1.1550,1.2472,1.1009,87.0000,1.0048,1.1446,0.7052,7.0000,-1.1178,2.5281,0.0494,117,0.0184,0.0962,0.0050,79.0000,-0.0850,0.0364,0.0429,87.0000,-0.1081,0.2737,0.1748,87.0000,0.1203,0.2751,3.1016,7.0000,0.2881,5.9150,0.0319,39.0000,-0.0969,0.1606,0.0605,24.0000,0.0605,0.0605,0.8752,117,0.7385,0.9281,0.3886,116.0000,0.2505,0.7794,0.4467,22.0000,0.2174,0.6218,0.9336,0.4053,-0.3956,-1.1550,1.1084,0.7115,-0.9712,0.4603,0.5353,1.2472,0.5249,0.2525,5,2,1,1,1
52513,Adam Trautman,NO,150,121,12,29,8.0000,0.3057,-0.0361,0.2606,1.4084,-1.1497,0.8650,1.2496,121.0000,1.1374,1.3998,1.5395,4.0000,-0.8721,3.9510,0.0679,150,0.0464,0.1346,0.0050,106.0000,-0.0714,0.0380,-0.0236,121.0000,-0.1774,0.1307,0.1669,121.0000,0.1178,0.2252,4.4979,7.0000,2.7365,6.2593,0.0377,41.0000,-0.0879,0.1633,-0.0142,26.0000,-0.2594,0.0266,0.8320,150,0.7431,0.9123,0.4061,148.0000,0.1472,0.7064,0.4920,31.0000,0.1880,0.7364,-1.2326,1.4084,0.8968,-1.1497,0.0529,-0.2636,0.3661,0.5287,-0.0075,0.8650,0.8054,0.5463,5,2,1,1,1
46094,Hayden Hurst,ATL,167,146,15,21,9.0000,0.2917,-0.0365,0.1372,1.1774,-0.4347,0.7818,1.1651,146.0000,1.0830,1.2430,1.3474,11.0000,-0.1068,2.8016,0.0446,167,0.0166,0.0762,0.0126,124.0000,-0.0444,0.0537,0.0338,146.0000,-0.1195,0.2527,0.1625,146.0000,0.0951,0.1878,4.5235,18.0000,3.3354,5.7115,-0.0161,36.0000,-0.1501,0.1179,0.0386,18.0000,-0.2395,0.0861,0.8226,167,0.7141,0.8780,0.4050,165.0000,0.1844,0.6980,0.3001,24.0000,0.1142,0.4613,-0.0016,1.1774,-0.7291,-0.4347,0.9640,-0.8065,0.3906,-0.1017,0.3762,0.7818,0.7872,-0.6971,5,2,1,1,1
45339,Pharaoh Brown,HOU,103,74,6,29,10.0000,0.2800,-0.2169,0.2012,1.1889,0.4613,0.2173,1.1372,74.0000,1.0423,1.2009,1.3570,6.0000,-0.6120,3.3260,0.0481,103,0.0152,0.0956,0.0220,58.0000,-0.0413,0.1086,-0.1109,74.0000,-0.3878,0.0382,0.1722,74.0000,0.0960,0.2652,4.0489,9.0000,2.9146,5.1832,0.0218,35.0000,-0.1141,0.1577,-0.0049,24.0000,-0.2500,0.0359,0.7588,103,0.5959,0.8837,0.3946,101.0000,0.0882,0.9035,0.5919,11.0000,0.3242,0.7720,0.4048,1.1889,-0.4844,0.4613,-1.3309,0.3901,-0.0639,0.3422,0.0601,0.2173,0.6218,1.1936,5,2,1,1,1
45481,Ricky Seals-Jones,WAS,208,185,32,23,11.0000,0.2134,0.5306,0.7744,-0.6219,-0.7119,0.2969,1.1491,185.0000,1.0679,1.2219,-0.1491,24.0000,-1.1336,0.8354,0.0624,208,0.0405,0.1098,0.0097,154.0000,-0.0455,0.0454,0.0386,185.0000,-0.0864,0.2081,0.1634,185.0000,0.1251,0.2067,5.7497,19.0000,3.8663,7.6331,0.0836,55.0000,-0.0249,0.1920,0.0532,23.0000,0.0532,0.0532,0.7678,208,0.6723,0.8154,0.3526,196.0000,0.0364,0.5065,0.3462,29.0000,0.1412,0.5383,0.2315,-0.6219,0.5078,-0.7119,1.0406,-0.6920,1.5650,1.0666,0.4822,0.2969,-0.0513,-0.3988,5,2,1,1,1
40149,Ryan Griffin,NYJ,144,108,18,36,12.0000,0.1963,0.2011,-0.6851,0.6699,0.2908,1.3418,1.1182,107.0000,1.0218,1.1819,0.9253,15.0000,-0.3200,2.1706,0.0732,143,0.0539,0.1493,0.0202,88.0000,-0.0417,0.0902,0.0101,107.0000,-0.1443,0.1972,0.1630,107.0000,0.1082,0.2122,3.2974,11.0000,1.9093,4.6855,-0.0896,54.0000,-0.1990,0.0198,-0.0691,32.0000,-0.2513,0.0109,0.8859,144,0.8339,0.9184,0.4625,137.0000,0.4109,0.9087,0.6509,9.0000,0.4156,0.8010,0.6816,0.6699,1.2606,0.2908,0.5880,-0.7413,-0.7836,-0.9640,-0.4063,1.3418,1.7077,1.5761,5,2,1,1,1
46167,Jordan Akins,HOU,154,140,15,14,13.0000,0.1706,-0.1215,-0.3451,1.1443,0.7246,-0.0198,1.1902,140.0000,1.0949,1.2923,1.3199,9.0000,-0.2878,2.9276,0.0465,154,0.0180,0.0824,0.0248,118.0000,-0.0208,0.0901,-0.0328,140.0000,-0.2063,0.1328,0.1638,140.0000,0.1062,0.2117,5.2553,16.0000,3.5561,6.9545,-0.0427,29.0000,-0.1920,0.1066,-0.0512,11.0000,-0.5392,0.0552,0.7320,154,0.6241,0.8098,0.4411,149.0000,0.3142,0.7818,0.3813,19.0000,0.1975,0.5403,-0.3673,1.1443,-0.5917,0.7246,-0.0923,-0.6477,1.0915,-0.4139,-0.2763,-0.0198,1.3654,-0.1713,5,2,1,1,1
41236,Eric Ebron,PIT,113,108,9,5,14.0000,0.1552,0.3372,1.4734,-1.1013,-0.5906,-0.5188,1.0885,108.0000,1.0113,1.1165,-0.5478,6.0000,-2.5169,1.4212,0.0462,113,0.0138,0.0875,0.0109,96.0000,-0.0599,0.0552,-0.0142,108.0000,-0.1970,0.1803,0.1820,108.0000,0.1126,0.2877,3.4798,7.0000,1.5370,5.4226,0.2200,14.0000,0.0051,0.4349,0.0255,4.0000,0.0255,0.0255,0.6756,113,0.5219,0.7577,0.3058,113.0000,-0.1117,0.3568,0.3370,12.0000,0.2303,0.4113,1.1143,-1.1013,-0.6170,-0.5906,0.2024,1.5954,-0.6090,2.6659,0.2810,-0.5188,-0.7989,-0.4583,5,2,1,1,1
46118,Dallas Goedert,PHI,155,144,9,11,15.0000,0.1378,0.6046,-0.5223,0.2979,0.1168,-0.1455,1.1259,143.0000,1.0514,1.1794,0.6159,7.0000,-1.2071,2.4388,0.0773,154,0.0599,0.1545,0.0184,115.0000,-0.0330,0.0704,-0.0475,143.0000,-0.1981,0.0878,0.1839,143.0000,0.1498,0.2448,3.4923,22.0000,1.6430,5.3415,-0.1255,20.0000,-0.3053,0.0543,0.0337,10.0000,0.0337,0.0337,0.7178,155,0.6080,0.7721,0.4335,155.0000,0.0672,1.0552,0.4397,27.0000,0.1821,0.6224,0.5694,0.2979,1.5442,0.1168,-0.3253,1.8318,-0.5970,-1.3852,0.3406,-0.1455,1.2441,0.2070,5,2,1,1,1
46155,Mark Andrews,BAL,216,213,13,3,16.0000,0.1290,1.0092,-0.6830,0.8530,-0.3692,-1.8717,1.0766,213.0000,1.0089,1.1160,1.0776,9.0000,-0.5301,2.6853,0.0666,216,0.0461,0.1169,0.0133,160.0000,-0.0404,0.0561,0.0700,213.0000,-0.0294,0.2155,0.1777,213.0000,0.1580,0.2444,4.4858,38.0000,3.2423,5.7293,-0.1411,16.0000,-0.3421,0.0600,0.0145,2.0000,0.0145,0.0145,0.5227,216,0.4060,0.5596,0.3386,215.0000,0.2127,0.4991,0.3866,29.0000,0.1358,0.5332,1.2876,0.8530,0.8019,-0.3692,1.5387,1.0636,0.3545,-1.5671,0.2011,-1.8717,-0.2751,-0.1364,5,2,1,1,1
44912,Jonnu Smith,NE,109,92,12,17,17.0000,0.0968,-0.0304,-0.1289,0.5177,-0.1306,0.4916,1.2388,91.0000,1.0972,1.4237,0.7987,11.0000,-0.6555,2.2530,0.0552,108,0.0257,0.1159,0.0158,66.0000,-0.0591,0.0779,0.0243,91.0000,-0.1456,0.2593,0.1625,91.0000,0.0733,0.2062,5.0539,16.0000,3.2864,6.8215,-0.0099,29.0000,-0.1592,0.1394,-0.0446,16.0000,-0.4014,0.0211,0.7898,109,0.6743,0.8484,0.3580,104.0000,0.0731,0.5573,0.6979,14.0000,0.4194,0.8126,-1.0752,0.5177,0.0110,-0.1306,0.8141,-0.8004,0.8986,-0.0296,-0.2283,0.4916,0.0357,1.8803,5,2,1,1,1
40011,Travis Kelce,KC,304,296,20,8,18.0000,0.0769,0.4929,0.0162,-0.8228,1.9139,-1.2647,1.0963,295.0000,1.0540,1.1223,-0.3162,14.0000,-1.6052,0.9729,0.0919,303,0.0786,0.1490,0.0373,224.0000,0.0165,0.0881,-0.1078,295.0000,-0.2231,-0.0205,0.1657,295.0000,0.1186,0.1895,4.7337,43.0000,3.6907,5.7767,-0.0318,28.0000,-0.1837,0.1202,0.0306,7.0000,0.0306,0.0306,0.5913,304,0.5012,0.6208,0.2988,304.0000,0.2098,0.3184,0.1214,35.0000,0.0566,0.2305,1.0006,-0.8228,2.5649,1.9139,-1.2827,-0.4101,0.5919,-0.2855,0.3180,-1.2647,-0.9117,-1.8552,5,2,1,1,1
42547,Darren Waller,LV,224,209,22,15,19.0000,0.0524,0.2904,-0.1058,-0.0014,-0.7344,0.5093,1.1375,209.0000,1.0914,1.1727,0.3670,17.0000,-0.8027,1.5368,0.0513,224,0.0276,0.0858,0.0094,163.0000,-0.0384,0.0384,0.0298,209.0000,-0.0811,0.1681,0.1779,209.0000,0.1482,0.2417,3.4077,27.0000,1.6936,5.1217,-0.0756,37.0000,-0.2077,0.0566,0.0677,10.0000,0.0677,0.0677,0.7918,224,0.7167,0.8357,0.3428,224.0000,0.2115,0.4985,0.4125,31.0000,0.1522,0.6146,0.4004,-0.0014,-0.2579,-0.7344,0.9007,1.0870,-0.6780,-0.7992,0.5876,0.5093,-0.2069,0.0313,5,2,1,1,1
53512,Tommy Tremble,CAR,110,98,9,12,20.0000,0.0481,0.3122,0.7590,-0.7310,-0.8710,-0.1764,1.1194,98.0000,1.0408,1.1633,-0.2398,6.0000,-2.2088,1.7292,0.0588,110,0.0312,0.1256,0.0080,83.0000,-0.0845,0.0573,0.0257,98.0000,-0.1459,0.2664,0.1768,98.0000,0.1414,0.2791,2.9122,8.0000,0.0696,5.7548,0.0518,21.0000,-0.1236,0.2273,0.1002,11.0000,0.1002,0.1002,0.7143,110,0.6421,0.7369,0.3124,110.0000,-0.1264,0.6541,0.4794,16.0000,0.2258,0.6535,0.6641,-0.7310,0.2594,-0.8710,0.8350,0.9552,-1.1526,0.6944,0.8237,-0.1764,-0.6938,0.4647,5,2,1,1,1
44792,Mo Alie-Cox,IND,123,108,19,15,21.0000,0.0346,-0.2857,-0.4697,0.7075,0.3295,0.7756,1.2341,108.0000,1.1719,1.3300,0.9566,14.0000,-0.3324,2.2457,0.0444,123,0.0127,0.0806,0.0206,86.0000,-0.0366,0.0878,-0.0555,108.0000,-0.2715,0.1213,0.1790,108.0000,0.1417,0.2567,3.6361,10.0000,1.6422,5.6300,-0.1045,34.0000,-0.2424,0.0334,0.0142,13.0000,0.0142,0.0142,0.8219,123,0.7449,0.8737,0.5376,123.0000,0.2561,1.2116,0.3456,16.0000,0.2056,0.4713,-1.0068,0.7075,-0.7395,0.3295,-0.4525,1.2298,-0.4593,-1.1382,0.1989,0.7756,2.9087,-0.4024,5,2,1,1,1
45785,Dan Arnold,JAX,165,155,13,10,22.0000,0.0304,0.7698,-1.5610,1.7110,-1.5444,-0.3658,1.1141,154.0000,1.0351,1.1688,1.7912,10.0000,0.2660,3.3164,0.0549,164,0.0291,0.1010,0.0009,120.0000,-0.0724,0.0236,0.0921,154.0000,-0.0233,0.3177,0.1786,154.0000,0.1330,0.2587,4.1678,20.0000,3.2942,5.0413,-0.2262,23.0000,-0.3938,-0.0585,-0.0898,9.0000,-0.5778,0.0166,0.6929,165,0.4738,0.7678,0.4017,164.0000,0.1448,0.8808,0.1531,19.0000,0.0584,0.2498,0.7413,1.7110,-0.0100,-1.5444,1.8887,1.1793,0.0500,-2.5653,-0.5567,-0.3658,0.7345,-1.6497,5,2,1,1,1
46189,Will Dissly,SEA,134,102,11,32,23.0000,0.0256,0.5487,-0.5698,-0.2640,-0.1328,0.4208,1.0732,100.0000,0.9712,1.1128,0.1486,9.0000,-1.4590,1.7563,0.0614,132,0.0363,0.1245,0.0158,89.0000,-0.0516,0.0736,-0.0037,100.0000,-0.2023,0.2256,0.1618,100.0000,0.0678,0.1775,5.6737,7.0000,2.9475,8.3999,-0.0968,43.0000,-0.2194,0.0259,-0.0258,30.0000,-0.2003,0.0237,0.7818,134,0.7250,0.8343,0.4596,131.0000,0.3249,0.8521,0.3946,14.0000,0.2130,0.5985,1.3371,-0.2640,0.4408,-0.1328,0.3687,-0.8952,1.4922,-1.0478,-0.0917,0.4208,1.6611,-0.0851,5,2,1,1,1
34540,Jared Cook,LAC,205,192,22,13,24.0000,0.0152,-0.7515,1.0410,0.3445,-0.1782,-0.3313,1.2562,192.0000,1.1795,1.3591,0.6547,16.0000,-0.5510,1.8605,0.0338,205,0.0076,0.0491,0.0153,155.0000,-0.0307,0.0547,-0.0558,192.0000,-0.1961,0.0667,0.1666,192.0000,0.1106,0.2027,3.9082,21.0000,2.2816,5.5349,0.1311,35.0000,-0.0048,0.2671,0.0498,13.0000,0.0498,0.0498,0.6968,205,0.6263,0.7359,0.3207,205.0000,0.1270,0.4184,0.2302,32.0000,0.0802,0.3747,-1.3287,0.3445,-1.4756,-0.1782,-0.4576,-0.2968,-0.1987,1.6244,0.4575,-0.3313,-0.5619,-1.1504,5,2,1,1,1
42500,C.J. Uzomah,CIN,216,198,24,18,25.0000,0.0121,-0.4012,0.0672,-1.0290,2.6766,0.7384,1.2312,198.0000,1.1697,1.3101,-0.4877,18.0000,-1.6245,0.6491,0.0778,216,0.0607,0.1387,0.0454,178.0000,0.0292,0.1151,-0.1574,198.0000,-0.3220,-0.0646,0.1573,198.0000,0.0806,0.1807,5.0431,18.0000,2.8986,7.1876,0.0157,42.0000,-0.1083,0.1398,-0.0320,16.0000,-0.3210,0.0602,0.8177,216,0.7280,0.8657,0.3193,203.0000,0.1674,0.4141,0.4559,29.0000,0.2205,0.6887,-0.9645,-1.0290,1.5853,2.6766,-2.0694,-1.4455,0.8882,0.2712,-0.1368,0.7384,-0.5835,0.3124,5,2,1,1,1
44959,George Kittle,SF,126,105,7,21,26.0000,0.0018,-0.1361,0.0287,-0.1861,0.5991,0.1952,1.0806,103.0000,0.9485,1.1564,0.2134,6.0000,-1.7556,2.1824,0.0404,124,0.0083,0.0687,0.0235,83.0000,-0.0268,0.0961,-0.1135,103.0000,-0.4055,0.0366,0.1694,103.0000,0.1021,0.2275,4.5653,13.0000,2.3481,6.7826,-0.0444,28.0000,-0.1964,0.1075,0.0545,19.0000,0.0545,0.0545,0.7563,126,0.6578,0.7957,0.3104,121.0000,-0.0289,0.4472,0.4773,15.0000,0.2449,0.6402,1.2293,-0.1861,-1.0157,0.5991,-1.3728,0.0479,0.4306,-0.4342,0.4917,0.1952,-0.7253,0.4511,5,2,1,1,1
46206,Dalton Schultz,DAL,189,172,20,17,27.0000,-0.0014,0.1066,0.4575,-0.1754,-0.9900,-0.1906,1.1888,172.0000,1.0923,1.2902,0.2223,17.0000,-0.9475,1.3921,0.0599,189,0.0367,0.1077,0.0067,133.0000,-0.0525,0.0357,-0.0844,172.0000,-0.2515,0.0409,0.1740,172.0000,0.1331,0.2594,4.9960,29.0000,3.6925,6.2994,0.0757,37.0000,-0.0565,0.2079,-0.0214,16.0000,-0.3266,0.0320,0.7127,189,0.6430,0.7643,0.3629,186.0000,0.2545,0.4741,0.5452,29.0000,0.2528,0.7386,-0.3469,-0.1754,0.3350,-0.9900,-0.9113,0.6130,0.8431,0.9748,-0.0598,-0.1906,0.1139,0.8912,5,2,1,1,1
47879,Dawson Knox,BUF,167,157,24,10,28.0000,-0.0296,0.0344,-0.0457,-0.3526,-0.0050,0.4075,1.1442,157.0000,1.0461,1.2304,0.0749,20.0000,-1.0036,1.1533,0.0544,167,0.0286,0.0992,0.0171,134.0000,-0.0324,0.0638,-0.0215,157.0000,-0.1765,0.1357,0.1656,157.0000,0.1129,0.2074,4.3823,17.0000,2.4177,6.3470,0.0144,34.0000,-0.1235,0.1523,-0.0609,9.0000,-0.5169,0.0337,0.7803,167,0.6823,0.8152,0.2489,137.0000,-0.1149,0.2986,0.2633,32.0000,0.1094,0.4470,0.3028,-0.3526,-0.0474,-0.0050,0.0862,-0.4249,0.2554,0.2554,-0.3467,0.4075,-1.7106,-0.9357,5,2,1,1,1
43370,Austin Hooper,CLE,158,130,23,28,29.0000,-0.0523,-0.6643,0.8731,-1.0483,0.5996,1.1162,1.1890,130.0000,1.1238,1.2608,-0.5037,17.0000,-1.6735,0.6660,0.0459,158,0.0175,0.0804,0.0235,104.0000,-0.0239,0.0887,-0.1248,130.0000,-0.3437,-0.0017,0.1628,130.0000,0.0978,0.2120,4.1018,16.0000,1.9813,6.2224,0.1185,51.0000,0.0059,0.2311,0.0240,25.0000,0.0240,0.0240,0.8604,158,0.7743,0.9034,0.3452,156.0000,0.1395,0.5337,0.4740,24.0000,0.1894,0.6849,-0.3498,-1.0483,-0.6352,0.5996,-1.5526,-0.7708,-0.0133,1.4761,0.2701,1.1162,-0.1686,0.4298,5,2,1,1,1
53433,Kyle Pitts,ATL,245,240,5,5,30.0000,-0.0818,0.5425,-0.0712,-0.0421,-0.6353,-1.8195,1.1030,239.0000,1.0522,1.1353,0.3331,3.0000,-2.4515,3.1177,0.0800,244,0.0636,0.1375,0.0105,183.0000,-0.0357,0.0418,-0.0771,239.0000,-0.1950,0.0208,0.1711,239.0000,0.1260,0.2151,4.7520,35.0000,3.3419,6.1620,-0.0528,10.0000,-0.3071,0.2015,0.0405,4.0000,0.0405,0.0405,0.5286,245,0.2954,0.5486,0.3438,245.0000,0.0780,0.6170,0.2579,35.0000,0.0994,0.4468,0.9030,-0.0421,1.7342,-0.6353,-0.7950,0.2609,0.6095,-0.5324,0.3900,-1.8195,-0.1913,-0.9706,5,2,1,1,1
47791,T.J. Hockenson,DET,292,280,25,12,31.0000,-0.0885,0.5593,-0.2543,-0.4263,-0.7574,-0.5967,1.1210,279.0000,1.0618,1.1683,0.0136,20.0000,-1.0649,1.0921,0.0596,291,0.0395,0.0956,0.0092,213.0000,-0.0347,0.0382,0.0078,279.0000,-0.0901,0.1169,0.1814,279.0000,0.1632,0.2563,3.8656,47.0000,2.7621,4.9692,-0.0407,37.0000,-0.1729,0.0915,-0.0294,12.0000,-0.4304,0.0482,0.6668,292,0.5860,0.7066,0.2924,291.0000,0.0635,0.4509,0.3517,37.0000,0.1206,0.5420,0.6408,-0.4263,0.3178,-0.7574,0.5521,1.5253,-0.2395,-0.3907,-0.1179,-0.5967,-1.0135,-0.3631,5,2,1,1,1
45355,Anthony Firkser,TEN,118,116,37,2,32.0000,-0.0892,-0.4526,0.2460,0.1939,0.9696,-1.2797,1.3044,116.0000,1.2160,1.4616,0.5294,22.0000,-0.4989,1.5577,0.0608,118,0.0348,0.1281,0.0274,100.0000,-0.0143,0.1013,-0.0425,116.0000,-0.2199,0.1181,0.1722,116.0000,0.1457,0.2875,3.2993,11.0000,1.2242,5.3743,0.0136,39.0000,-0.1152,0.1423,,2.0000,,,0.5896,118,0.3897,0.6131,0.3583,118.0000,0.0478,0.6491,0.4205,17.0000,0.2599,0.5167,-2.0309,0.1939,0.4028,0.9696,-0.2456,0.3926,-0.7818,0.2460,,-1.2797,0.0408,0.0828,5,1,1,1,1
46226,Tyler Conklin,MIN,217,174,17,43,33.0000,-0.0914,-0.2844,-0.3451,0.0323,0.8545,0.0253,1.2426,174.0000,1.1851,1.3241,0.3950,17.0000,-0.7748,1.5648,0.0411,217,0.0157,0.0651,0.0262,140.0000,-0.0135,0.0858,-0.0704,174.0000,-0.2300,0.0581,0.1737,174.0000,0.1294,0.2604,4.9355,24.0000,3.5101,6.3609,-0.0391,60.0000,-0.1429,0.0648,-0.0571,40.0000,-0.2165,0.0191,0.7371,217,0.6449,0.7952,0.4479,214.0000,0.4165,0.7555,0.5493,24.0000,0.2723,0.6992,-1.1306,0.0323,-0.9690,0.8545,-0.6885,0.5810,0.7852,-0.3711,-0.3191,0.0253,1.4742,0.9173,5,2,1,1,1
43324,Hunter Henry,NE,227,200,35,27,34.0000,-0.1222,-0.5406,0.0849,-0.3870,0.8162,0.4155,1.2307,198.0000,1.1534,1.3253,0.0463,28.0000,-0.8652,0.9578,0.0402,225,0.0152,0.0628,0.0258,162.0000,-0.0105,0.0784,-0.0637,198.0000,-0.2030,0.0545,0.1712,198.0000,0.1289,0.2370,3.7017,25.0000,2.1066,5.2969,0.0287,62.0000,-0.0734,0.1308,-0.0481,24.0000,-0.3279,0.0369,0.7812,227,0.7000,0.8419,0.2722,225.0000,0.0344,0.2967,0.6443,26.0000,0.4011,0.7367,-0.9572,-0.3870,-1.0318,0.8162,-0.5820,0.2646,-0.3964,0.4235,-0.2537,0.4155,-1.3372,1.5332,5,2,1,1,1
53484,Pat Freiermuth,PIT,126,119,3,7,35.0000,-0.1337,0.6239,-0.8888,-1.3573,1.5068,-0.0906,1.0746,119.0000,0.9900,1.1075,-0.7607,1.0000,-5.5838,4.0623,0.0628,126,0.0380,0.1302,0.0330,92.0000,0.0194,0.1033,-0.0822,119.0000,-0.2624,0.0515,0.1851,119.0000,0.0969,0.2716,4.2845,22.0000,2.7886,5.7804,-0.0629,10.0000,-0.3172,0.1913,-0.1682,6.0000,-0.7644,0.0010,0.7240,126,0.5565,0.7481,0.3140,126.0000,0.1188,0.4061,0.2923,26.0000,0.1327,0.4627,1.3167,-1.3573,0.5374,1.5068,-0.8762,1.9795,0.1617,-0.6513,-1.1263,-0.0906,-0.6691,-0.7481,5,2,1,1,1
39983,Zach Ertz,PHI,168,162,14,6,36.0000,-0.1460,0.5399,-0.6569,-1.0003,1.0430,-0.7498,1.0653,162.0000,0.9702,1.1187,-0.4638,12.0000,-1.8561,0.9285,0.0868,168,0.0736,0.1699,0.0282,127.0000,-0.0033,0.0871,-0.0571,162.0000,-0.2010,0.0675,0.1600,162.0000,0.1076,0.1958,4.7796,21.0000,2.9888,6.5704,-0.1422,20.0000,-0.3220,0.0376,0.0235,6.0000,0.0235,0.0235,0.6495,168,0.4600,0.7548,0.3337,168.0000,0.0461,0.5234,0.6056,26.0000,0.3386,0.7538,1.4522,-1.0003,2.2052,1.0430,-0.4780,-1.1155,0.6359,-1.5803,0.2664,-0.7498,-0.3525,1.2826,5,2,1,1,1
42589,Geoff Swaim,TEN,120,85,16,35,37.0000,-0.1463,-1.0589,0.4076,-0.5240,1.3029,0.9694,1.1968,85.0000,1.0843,1.3251,-0.0677,12.0000,-1.4600,1.3246,0.0449,120,0.0130,0.0826,0.0309,69.0000,-0.0288,0.1552,-0.1191,85.0000,-0.3367,0.0072,0.1615,85.0000,0.0766,0.2307,2.2947,10.0000,-0.0372,4.6267,0.0344,51.0000,-0.0782,0.1470,0.0316,32.0000,0.0316,0.0316,0.8438,120,0.7395,0.9458,0.3780,118.0000,-0.0439,0.9417,0.4006,23.0000,0.2024,0.6568,-0.4634,-0.5240,-0.7038,1.3029,-1.4621,-0.9210,-1.7440,0.4900,0.3253,0.9694,0.3553,-0.0458,5,2,1,1,1
44835,Evan Engram,NYG,170,164,22,6,38.0000,-0.1707,0.0722,0.1932,0.0769,-1.6704,-0.9258,1.1981,164.0000,1.1299,1.2750,0.4321,13.0000,-0.9056,1.7698,0.0409,170,0.0126,0.0670,-0.0004,139.0000,-0.0629,0.0150,0.0591,164.0000,-0.0524,0.2214,0.1745,164.0000,0.1406,0.2678,3.8919,16.0000,2.1977,5.5861,-0.0003,28.0000,-0.1522,0.1517,0.0285,5.0000,0.0285,0.0285,0.6296,170,0.5537,0.6680,0.3699,170.0000,0.1967,0.5965,0.4274,13.0000,0.1719,0.6414,-0.4823,0.0769,-0.9842,-1.6704,1.3648,0.6770,-0.2143,0.0836,0.3028,-0.9258,0.2256,0.1279,5,2,1,1,1
45532,Blake Jarwin,DAL,128,115,10,13,39.0000,-0.1748,-0.3109,0.4841,-0.4359,-0.5073,-0.4914,1.1878,115.0000,1.0592,1.3234,0.0056,6.0000,-1.9634,1.9746,0.0548,128,0.0267,0.1086,0.0118,97.0000,-0.0556,0.0562,0.0028,115.0000,-0.1631,0.1974,0.1625,115.0000,0.0869,0.2077,3.2075,10.0000,0.5762,5.8388,0.0482,23.0000,-0.1194,0.2159,0.0303,12.0000,0.0303,0.0303,0.6787,128,0.6246,0.7222,0.3854,128.0000,0.1463,0.7230,0.3021,21.0000,0.1031,0.4846,-0.3323,-0.4359,-0.0161,-0.5073,0.4726,-0.8090,-0.8697,0.6524,0.3159,-0.4914,0.4737,-0.6845,5,2,1,1,1
42428,Tyler Kroft,NYJ,132,106,17,26,40.0000,-0.2310,-0.3825,0.1811,-0.6405,-0.8322,0.6898,1.1423,104.0000,1.0528,1.2126,-0.1646,15.0000,-1.4099,1.0808,0.0395,130,0.0079,0.0657,0.0084,92.0000,-0.0715,0.0509,0.0077,104.0000,-0.1687,0.2245,0.1675,104.0000,0.1074,0.2360,2.5161,7.0000,0.4137,4.6185,-0.0053,43.0000,-0.1279,0.1173,0.0333,22.0000,-0.2025,0.0722,0.8122,132,0.7483,0.8667,0.3517,125.0000,0.1970,0.4520,0.3668,12.0000,0.1565,0.6486,0.3305,-0.6405,-1.0784,-0.8322,0.5508,-0.1836,-1.5319,0.0245,0.3376,0.6898,-0.0648,-0.2650,5,2,1,1,1
47803,Noah Fant,DEN,251,233,54,18,41.0000,-0.2357,-0.3229,-0.1022,-0.2501,-0.9622,0.4907,1.3127,233.0000,1.2631,1.3987,0.1601,40.0000,-0.6025,0.9227,0.0350,251,0.0110,0.0512,0.0070,183.0000,-0.0470,0.0396,0.1136,233.0000,0.0245,0.2712,0.1644,233.0000,0.1177,0.2074,4.3957,35.0000,3.3022,5.4891,-0.0386,72.0000,-0.1334,0.0561,0.0091,17.0000,-0.3116,0.0661,0.7897,251,0.7485,0.8385,0.3630,249.0000,0.2167,0.4672,0.5230,35.0000,0.2702,0.6652,-2.1518,-0.2501,-1.3965,-0.9622,2.2310,-0.5652,0.2682,-0.3662,0.1618,0.4907,0.1149,0.7469,5,2,1,1,1
43399,Tyler Higbee,LA,223,198,35,25,42.0000,-0.2891,-1.0365,0.3560,-0.9773,0.8637,0.9375,1.2129,196.0000,1.1476,1.2902,-0.4447,31.0000,-1.3109,0.4216,0.0462,221,0.0216,0.0756,0.0263,169.0000,-0.0077,0.0770,-0.0851,196.0000,-0.2373,0.0313,0.1493,196.0000,0.0776,0.1513,3.5770,20.0000,1.6993,5.4547,0.0621,60.0000,-0.0417,0.1659,-0.0273,22.0000,-0.2935,0.0177,0.8402,223,0.7844,0.8799,0.4326,221.0000,0.2949,0.6448,0.5808,49.0000,0.2552,0.7395,-0.6979,-0.9773,-0.6145,0.8637,-0.9225,-2.4316,-0.5159,0.8147,-0.1026,0.9375,1.2288,1.1217,5,2,1,1,1
37118,Kyle Rudolph,NYG,155,113,15,42,43.0000,-0.3390,-1.2175,0.6994,-1.1075,0.8582,0.4792,1.2843,113.0000,1.2300,1.3983,-0.5530,14.0000,-1.8420,0.7360,0.0328,155,0.0035,0.0458,0.0262,96.0000,-0.0266,0.1083,-0.0536,113.0000,-0.2638,0.1211,0.1542,113.0000,0.0608,0.1477,3.5450,11.0000,1.1020,5.9880,0.1143,57.0000,0.0078,0.2208,-0.0171,40.0000,-0.1542,0.0207,0.7884,155,0.7063,0.9162,0.3485,154.0000,0.0855,0.6341,0.3611,26.0000,0.1365,0.5731,-1.7381,-1.1075,-1.5487,0.8582,-0.4232,-1.8308,-0.5465,1.4273,-0.0285,0.4792,-0.1156,-0.3022,5,2,1,1,1
45635,Robert Tonyan,GB,164,159,18,5,44.0000,-0.4686,-0.7036,0.7328,-0.8745,-1.5914,-0.7144,1.2170,159.0000,1.1506,1.2997,-0.3592,15.0000,-1.6045,0.8861,0.0384,164,0.0095,0.0610,0.0004,135.0000,-0.0680,0.0225,-0.0954,159.0000,-0.2415,0.0131,0.1648,159.0000,0.1088,0.2047,4.1150,12.0000,2.2120,6.0181,0.0720,23.0000,-0.0957,0.2397,0.0604,5.0000,0.0604,0.0604,0.6535,164,0.5504,0.7054,0.3562,164.0000,0.1820,0.5556,0.1638,34.0000,0.0687,0.2997,-0.7577,-0.8745,-1.1574,-1.5914,-1.0864,-0.5160,-0.0006,0.9310,0.5345,-0.7144,0.0068,-1.5809,5,2,1,1,1
46192,Durham Smythe,MIA,129,104,11,25,45.0000,-0.4918,-0.1233,-0.5560,-1.7965,-0.4517,0.9481,1.2759,104.0000,1.1534,1.4582,-1.1260,4.0000,-3.5376,1.2855,0.0509,129,0.0215,0.0978,0.0124,87.0000,-0.0626,0.0640,0.0078,104.0000,-0.1598,0.2117,0.1601,104.0000,0.0849,0.1947,6.0356,13.0000,4.0962,7.9749,-0.1104,36.0000,-0.2444,0.0236,-0.0000,24.0000,-0.2192,0.0357,0.8414,129,0.7333,0.8973,0.2475,127.0000,-0.2469,0.3648,0.5427,12.0000,0.2235,0.7923,-1.6157,-1.7965,-0.2898,-0.4517,0.5522,-1.1020,1.8388,-1.2077,0.0957,0.9481,-1.7322,0.8747,5,2,1,1,1
46111,Mike Gesicki,MIA,243,238,5,5,46.0000,-0.8791,0.4004,-0.0612,-2.4766,-1.2116,-3.8748,1.0903,237.0000,1.0075,1.1511,-1.6917,4.0000,-4.1032,0.7198,0.0699,242,0.0508,0.1194,0.0044,193.0000,-0.0420,0.0257,-0.0316,237.0000,-0.1456,0.0794,0.1749,237.0000,0.1428,0.2301,3.3161,33.0000,2.0614,4.5709,-0.0502,10.0000,-0.3044,0.2041,0.0390,5.0000,0.0390,0.0390,0.2963,243,0.1481,0.3039,0.3147,243.0000,-0.3809,0.5995,0.0456,26.0000,0.0315,0.0715,1.0880,-2.4766,1.0334,-1.2116,-0.0736,0.7201,-0.7657,-0.5015,0.3791,-3.8748,-0.6571,-2.3466,5,2,1,1,1
42033,Cameron Brate,TB,159,158,10,1,47.0000,-1.0373,-0.9439,-3.8062,1.1203,1.6736,-1.4682,1.1540,158.0000,1.0665,1.2335,1.2999,8.0000,-0.4053,3.0051,0.0357,159,0.0064,0.0540,0.0348,134.0000,0.0075,0.1056,-0.1056,158.0000,-0.2685,0.0071,0.1589,158.0000,0.0805,0.1772,3.0345,12.0000,2.3228,3.7462,-0.1286,11.0000,-0.3710,0.1139,-0.8654,1.0000,-0.8654,-0.8654,0.5683,159,0.4485,0.6139,0.3199,152.0000,0.0543,0.4874,0.1469,28.0000,0.0709,0.3048,0.1601,1.1203,-1.3459,1.6736,-1.2475,-1.2510,-1.0354,-1.4208,-6.1917,-1.4682,-0.5736,-1.6903,5,2,1,1,1
30842,Marcedes Lewis,GB,74,56,15,18,,,,,,,,1.4447,56.0000,1.3691,1.8166,0.0482,9.0000,-1.5594,1.6559,0.0358,74,0.0000,0.0494,0.0123,47.0000,-0.1000,0.0804,0.0542,56.0000,-0.0973,0.3136,0.1496,56.0000,0.0159,0.0886,5.6430,7.0000,3.2189,8.0671,-0.0083,33.0000,-0.1483,0.1316,0.0254,17.0000,0.0254,0.0254,0.8141,74,0.6632,0.8939,0.4129,74.0000,0.1373,1.4835,0.7436,10.0000,0.4791,0.8567,,,,,,,,,,,,,0,0,0,0,0
35481,Rob Gronkowski,TB,97,83,7,14,,,,,,,,1.1888,83.0000,1.0602,1.3278,0.8475,4.0000,-1.5641,3.2590,0.0366,97,0.0018,0.0561,0.0227,62.0000,-0.0454,0.1166,-0.0906,83.0000,-0.3678,0.0789,0.1643,83.0000,0.0600,0.1893,5.3637,15.0000,3.3792,7.3482,-0.0312,21.0000,-0.2066,0.1443,-0.1667,12.0000,-0.5797,-0.0051,0.7711,97,0.6710,0.8012,0.3229,95.0000,0.0308,0.5187,0.7525,20.0000,0.5069,0.8548,,,,,,,,,,,,,0,0,0,0,0
35534,Jimmy Graham,CHI,50,46,4,4,,,,,,,,1.2069,45.0000,1.0972,1.3605,-1.1874,2.0000,-4.5978,2.2230,0.0459,49,0.0036,0.1069,0.0203,42.0000,-0.0682,0.1262,-0.0313,45.0000,-0.3278,0.2465,0.1631,45.0000,0.0688,0.2049,0.3403,1.0000,,,0.0006,8.0000,-0.2837,0.2848,0.0425,4.0000,0.0425,0.0425,0.6226,50,0.5078,0.6686,0.3315,49.0000,-0.2029,0.5757,0.2872,12.0000,0.1261,0.4857,,,,,,,,,,,,,0,0,0,0,0
37179,Luke Stocker,MIN,9,4,2,5,,,,,,,,1.1835,4.0000,0.6870,1.8130,-2.4383,2.0000,-5.8487,0.9721,0.0516,9,0.0000,0.2992,0.0171,3.0000,-0.4248,0.3356,-0.0223,4.0000,-1.3518,1.3651,0.1714,4.0000,0.0000,0.6667,8.0583,1.0000,,,0.3257,7.0000,0.0218,0.6296,-0.1666,5.0000,-0.7628,0.0025,0.8302,9,0.6278,0.9607,0.3651,9.0000,0.1621,0.6238,,,,,,,,,,,,,,,,,0,0,0,0,0
37234,Lee Smith,ATL,63,28,5,35,,,,,,,,1.2515,28.0000,1.1782,1.4933,-1.1520,3.0000,-3.9366,1.6326,0.0527,63,0.0163,0.1309,0.0150,20.0000,-0.1423,0.1173,-0.0550,28.0000,-0.2989,0.1407,0.1704,28.0000,0.0494,0.3553,4.8005,8.0000,1.4126,8.1885,-0.0433,40.0000,-0.1705,0.0838,-0.0040,26.0000,-0.2312,0.0332,0.8285,63,0.7459,0.8730,0.3689,63.0000,0.2508,0.7793,0.8234,7.0000,0.6097,0.9271,,,,,,,,,,,,,0,0,0,0,0
39109,Derek Carrier,LV,16,15,2,1,,,,,,,,1.2028,15.0000,1.1197,1.4003,-1.5005,1.0000,-6.3236,3.3226,0.0493,16,0.0000,0.1936,0.0075,13.0000,-0.3026,0.0279,0.0408,15.0000,-0.1900,0.6172,0.1676,15.0000,,,2.7525,2.0000,-0.1800,5.6849,0.0414,3.0000,-0.4229,0.5056,0.0310,1.0000,0.0310,0.0310,0.7487,16,0.4113,0.7763,0.3654,16.0000,0.0075,1.0306,0.4975,3.0000,0.2370,0.7090,,,,,,,,,,,,,0,0,0,0,0
39907,Darren Fells,DET,65,53,6,12,,,,,,,,1.1872,53.0000,1.0959,1.2928,0.5190,5.0000,-1.6379,2.6760,0.0570,65,0.0242,0.1478,0.0180,48.0000,-0.0815,0.1158,-0.0253,53.0000,-0.3014,0.2482,0.1777,53.0000,0.1328,0.4775,5.8382,4.0000,3.7016,7.9748,0.1127,18.0000,-0.0768,0.3022,0.0213,11.0000,0.0213,0.0213,0.7911,65,0.5780,0.8640,0.3091,65.0000,-0.1457,0.5162,0.4361,2.0000,0.3183,0.4905,,,,,,,,,,,,,0,0,0,0,0
40615,Demetrius Harris,ARI,43,31,1,12,,,,,,,,1.1729,31.0000,1.0021,1.3398,0.4544,1.0000,-4.3686,5.2775,0.0474,43,0.0041,0.1206,0.0229,28.0000,-0.0393,0.1442,-0.0902,31.0000,-0.4718,0.1099,0.1669,31.0000,0.0855,0.2545,,,,,0.0619,13.0000,-0.1611,0.2849,0.0422,11.0000,0.0422,0.0422,0.7573,43,0.4931,0.8595,0.4014,38.0000,0.1348,1.0699,0.5595,5.0000,0.3967,0.7097,,,,,,,,,,,,,0,0,0,0,0
41327,Richard Rodgers,PHI,3,3,1,0,,,,,,,,1.2097,3.0000,0.4560,2.6773,0.4247,1.0000,-4.3984,5.2478,0.0538,3,0.0000,0.5615,0.0207,3.0000,0.1026,0.2284,-0.0393,3.0000,-1.0545,0.4021,0.1700,3.0000,,,,,,,0.3359,1.0000,-0.4682,1.1400,,0.0000,,,0.6767,3,-0.0000,0.5097,0.3575,3.0000,-0.0396,0.2750,0.6196,1.0000,0.6196,0.6196,,,,,,,,,,,,,0,0,0,0,0
42302,Chris Manhertz,JAX,65,39,8,26,,,,,,,,1.3079,39.0000,1.1738,1.6519,-0.6494,5.0000,-2.8064,1.5075,0.0521,65,0.0158,0.1271,0.0380,35.0000,0.0042,0.2707,-0.0498,39.0000,-0.4903,0.2703,0.1642,39.0000,0.0703,0.2889,4.3693,3.0000,0.9483,7.7903,0.1110,34.0000,-0.0269,0.2489,0.0438,23.0000,0.0438,0.0438,0.9255,65,0.7766,0.9867,0.3507,64.0000,-0.5765,0.5720,0.6306,6.0000,0.3786,0.7911,,,,,,,,,,,,,0,0,0,0,0
42398,Maxx Williams,ARI,93,72,5,21,,,,,,,,1.1619,71.0000,1.0493,1.2633,-0.8871,3.0000,-3.6717,1.8975,0.0547,92,0.0234,0.1210,0.0277,56.0000,-0.0196,0.1348,-0.0777,71.0000,-0.3371,0.0990,0.1701,71.0000,0.1002,0.2483,4.2606,14.0000,2.2797,6.2415,0.1318,26.0000,-0.0259,0.2895,-0.0967,20.0000,-0.3429,0.0023,0.8099,93,0.7202,0.8525,0.4264,88.0000,0.2643,0.7965,0.2333,16.0000,0.1061,0.4212,,,,,,,,,,,,,0,0,0,0,0
42460,Blake Bell,KC,40,23,11,17,,,,,,,,1.2395,23.0000,1.1607,1.4915,0.1148,11.0000,-1.3394,1.5690,0.0538,40,0.0138,0.1650,0.0025,21.0000,-0.2123,-0.0453,0.1573,23.0000,0.1043,0.6486,0.1701,23.0000,0.0734,0.3756,1.0975,1.0000,,,0.0590,28.0000,-0.0929,0.2110,0.0258,17.0000,0.0258,0.0258,0.8001,40,0.6451,0.8913,0.3659,40.0000,0.3059,0.5890,0.4484,4.0000,0.4061,0.4896,,,,,,,,,,,,,0,0,0,0,0
42486,MyCole Pruitt,TEN,96,65,8,31,,,,,,,,1.1909,65.0000,1.0660,1.3309,-0.1544,6.0000,-2.1234,1.8146,0.0495,96,0.0163,0.1023,0.0376,53.0000,-0.0024,0.2061,-0.1436,65.0000,-0.3827,-0.0273,0.1564,65.0000,0.0333,0.1275,5.4773,10.0000,2.6286,8.3259,0.0171,39.0000,-0.1116,0.1459,0.0172,26.0000,-0.2019,0.0529,0.7988,96,0.7024,0.8292,0.4280,96.0000,0.0063,0.8950,0.7013,18.0000,0.4124,0.7914,,,,,,,,,,,,,0,0,0,0,0
42503,Jesse James,CHI,56,42,17,14,,,,,,,,1.2650,42.0000,1.1873,1.4746,-0.8439,12.0000,-2.2362,0.5484,0.0751,56,0.0619,0.2363,0.0121,36.0000,-0.1169,0.0814,0.0437,42.0000,-0.1380,0.3665,0.1754,42.0000,0.1293,0.3450,5.2899,6.0000,1.3197,9.2601,-0.0192,31.0000,-0.1636,0.1252,0.0614,11.0000,0.0614,0.0614,0.8876,56,0.7096,0.9831,0.4566,56.0000,0.4891,1.5679,0.6047,5.0000,0.4036,0.7697,,,,,,,,,,,,,0,0,0,0,0
42516,James O'Shaughnessy,JAX,38,38,7,0,,,,,,,,1.2004,38.0000,1.1060,1.3361,2.0345,6.0000,0.0655,4.0036,0.0488,38,0.0047,0.1349,0.0166,28.0000,-0.0802,0.0938,0.0231,38.0000,-0.2230,0.4383,0.1699,38.0000,0.0650,0.2662,4.6470,7.0000,1.6875,7.6066,-0.1448,7.0000,-0.4487,0.1591,,0.0000,,,0.7163,38,-0.0000,0.6328,0.3563,37.0000,0.2945,0.3355,0.3184,3.0000,0.1645,0.5081,,,,,,,,,,,,,0,0,0,0,0
42721,Eric Tomlinson,BAL,26,16,4,10,,,,,,,,1.2027,16.0000,1.0810,1.4315,-2.3643,3.0000,-5.1489,0.4203,0.0463,26,0.0000,0.1287,0.0219,16.0000,-0.0863,0.2106,-0.1298,16.0000,-1.0479,-0.0561,0.1675,16.0000,0.0256,0.3084,,,,,0.2027,14.0000,-0.0122,0.4176,0.0326,8.0000,0.0326,0.0326,0.8481,26,0.6593,0.9246,0.3352,26.0000,-0.3529,0.3827,0.5716,1.0000,0.5716,0.5716,,,,,,,,,,,,,0,0,0,0,0
43079,Daniel Brown,NYJ,6,6,3,0,,,,,,,,1.2334,6.0000,0.8129,2.2538,0.4313,2.0000,-2.9791,3.8418,0.0527,6,0.0000,0.3903,0.0223,6.0000,-0.1360,0.4216,-0.0978,6.0000,-1.0581,0.0832,0.1669,6.0000,0.0000,0.1667,,,,,-0.1897,3.0000,-0.6539,0.2745,,0.0000,,,0.6658,6,0.4307,0.6460,0.3731,5.0000,-0.0521,1.8712,,,,,,,,,,,,,,,,,0,0,0,0,0
43206,Ross Travis,ARI,2,2,1,0,,,,,,,,1.2130,2.0000,0.0360,3.5640,-1.9612,1.0000,-6.7843,2.8618,0.0542,2,0.0000,0.6576,0.0212,2.0000,0.0677,0.5112,-0.0494,2.0000,-1.0367,-0.5079,0.1670,2.0000,,,,,,,0.1728,1.0000,-0.6313,0.9768,,0.0000,,,0.6700,2,0.1130,0.1130,,2.0000,,,,,,,,,,,,,,,,,,,0,0,0,0,0
43845,Stephen Anderson,LAC,40,35,10,5,,,,,,,,1.1472,35.0000,0.9677,1.2781,-0.2716,9.0000,-1.8793,1.3361,0.0650,40,0.0396,0.2305,0.0310,28.0000,-0.0022,0.2240,0.0657,35.0000,-0.0939,0.4155,0.1629,35.0000,0.0373,0.2786,5.9763,5.0000,3.6215,8.3311,0.0538,15.0000,-0.1538,0.2614,0.0667,4.0000,0.0667,0.0667,0.7593,40,0.4772,0.8153,0.3812,25.0000,-0.5178,1.9557,0.4406,7.0000,0.3344,0.4719,,,,,,,,,,,,,0,0,0,0,0
44009,J.P. Holtz,CHI,10,7,0,3,,,,,,,,1.1530,7.0000,0.9731,1.1411,,,,,0.0512,10,-0.0000,0.2775,0.0252,7.0000,-0.1330,0.5354,-0.1342,7.0000,-0.6587,0.0010,0.1654,7.0000,,,,,,,0.3049,3.0000,-0.1593,0.7691,0.0389,2.0000,0.0389,0.0389,0.6791,10,-0.0000,0.6609,0.3505,8.0000,0.0646,1.0721,0.4618,3.0000,0.3405,0.6005,,,,,,,,,,,,,0,0,0,0,0
44075,Garrett Griffin,NO,48,32,4,16,,,,,,,,1.2657,32.0000,1.0420,1.6643,0.4011,3.0000,-2.3835,3.1857,0.0408,48,0.0000,0.0741,0.0146,29.0000,-0.1402,0.1265,0.0345,32.0000,-0.1961,0.4923,0.1591,32.0000,0.0104,0.1514,4.7544,3.0000,-0.3143,9.8231,-0.0216,20.0000,-0.2014,0.1582,0.0598,16.0000,0.0598,0.0598,0.7771,48,0.4754,0.9527,0.3406,45.0000,-0.4964,1.3813,0.4507,10.0000,0.2546,0.6604,,,,,,,,,,,,,0,0,0,0,0
44831,O.J. Howard,TB,94,76,7,18,,,,,,,,1.1750,76.0000,1.0788,1.2712,0.6462,7.0000,-1.1768,2.4691,0.0542,94,0.0229,0.1185,0.0243,58.0000,-0.0444,0.1297,-0.0058,76.0000,-0.1766,0.1849,0.1647,76.0000,0.0541,0.1982,2.8735,11.0000,0.5702,5.1768,0.0358,25.0000,-0.1250,0.1967,0.0334,15.0000,0.0334,0.0334,0.7974,94,0.6936,0.8633,0.3755,93.0000,-0.1330,0.7955,0.5337,19.0000,0.2786,0.6788,,,,,,,,,,,,,0,0,0,0,0
44857,Adam Shaheen,MIA,94,74,6,20,,,,,,,,1.2195,73.0000,1.0978,1.3789,-0.9600,5.0000,-3.1169,1.1969,0.0631,93,0.0369,0.1473,0.0042,62.0000,-0.1019,0.0312,0.0797,73.0000,-0.0487,0.3289,0.1706,73.0000,0.1064,0.2484,3.3543,9.0000,1.5369,5.1717,0.0628,26.0000,-0.0949,0.2205,-0.0700,20.0000,-0.3139,0.0040,0.7785,94,0.5253,0.8781,0.3220,92.0000,-0.0698,0.6317,0.3758,11.0000,0.1546,0.5706,,,,,,,,,,,,,0,0,0,0,0
44967,Jeremy Sprinkle,DAL,8,4,1,4,,,,,,,,1.1979,4.0000,1.0935,1.6565,-2.0455,1.0000,-6.8686,2.7775,0.0519,8,0.0000,0.3244,0.0199,4.0000,-0.0471,0.2337,-0.0460,4.0000,-0.5552,-0.1598,0.1672,4.0000,,,,,,,0.3446,5.0000,-0.0149,0.7042,0.0139,4.0000,0.0139,0.0139,0.6498,8,0.1798,0.8372,0.4242,8.0000,1.1896,3.5941,0.5790,3.0000,0.2891,0.7587,,,,,,,,,,,,,0,0,0,0,0
44987,Eric Saubert,DEN,70,53,10,17,,,,,,,,1.1848,53.0000,1.0778,1.3033,-0.3446,9.0000,-1.9523,1.2631,0.0652,70,0.0399,0.1747,0.0045,42.0000,-0.1187,0.0130,0.0096,53.0000,-0.2393,0.3569,0.1733,53.0000,0.1229,0.3104,4.5046,8.0000,2.3067,6.7025,-0.1171,27.0000,-0.2719,0.0376,0.0414,16.0000,0.0414,0.0414,0.7810,70,0.6637,0.9431,0.4759,68.0000,0.3060,1.4734,0.4442,8.0000,0.2426,0.6435,,,,,,,,,,,,,0,0,0,0,0
45094,Johnny Mundt,LA,33,26,2,7,,,,,,,,1.1458,26.0000,0.9688,1.2543,-3.8143,2.0000,-7.2247,-0.4039,0.0444,33,0.0000,0.1043,0.0170,25.0000,-0.0866,0.1036,-0.0585,26.0000,-0.6433,0.2858,0.1631,26.0000,0.0256,0.2143,0.6350,1.0000,,,-0.1040,9.0000,-0.3721,0.1640,0.0275,4.0000,0.0275,0.0275,0.7825,33,0.5376,0.9501,0.4528,33.0000,-1.3098,1.9291,0.5537,5.0000,0.3311,0.7362,,,,,,,,,,,,,0,0,0,0,0
45142,Darrell Daniels,ARI,26,23,4,3,,,,,,,,1.1707,23.0000,1.0095,1.3209,0.3581,4.0000,-2.0534,2.7697,0.0523,26,0.0068,0.1889,0.0238,22.0000,-0.0228,0.1607,-0.0268,23.0000,-0.3386,0.2772,0.1654,23.0000,0.0370,0.2120,,,,,-0.4944,7.0000,-0.7983,-0.1904,0.0493,3.0000,0.0493,0.0493,0.7820,26,0.3750,0.8910,0.3264,24.0000,-0.5028,0.5586,0.3179,5.0000,0.1818,0.4734,,,,,,,,,,,,,0,0,0,0,0
45217,Cethan Carter,MIA,16,13,0,3,,,,,,,,1.1115,13.0000,0.8472,1.0759,,,,,0.0557,16,0.0111,0.2833,0.0245,10.0000,-0.1146,0.3833,-0.0424,13.0000,-0.6016,0.3762,0.1712,13.0000,0.0256,0.4145,5.5737,2.0000,0.4942,10.6532,0.0168,3.0000,-0.4474,0.4810,0.0389,2.0000,0.0389,0.0389,0.5945,16,0.1024,0.6541,0.3663,16.0000,-0.2673,0.8728,0.5998,1.0000,0.5998,0.5998,,,,,,,,,,,,,0,0,0,0,0
45281,Jacob Hollister,JAX,40,37,1,3,,,,,,,,1.1195,36.0000,0.9676,1.1769,-0.6053,1.0000,-5.4284,4.2178,0.0598,39,0.0265,0.2032,-0.0006,29.0000,-0.1973,-0.0308,0.0767,36.0000,-0.0708,0.6407,0.1762,36.0000,0.1323,0.3860,3.5176,4.0000,-1.0072,8.0423,0.3138,4.0000,-0.0883,0.7158,0.0551,3.0000,0.0551,0.0551,0.6483,40,0.3073,0.8012,0.4211,36.0000,-0.0468,2.9838,0.2548,10.0000,0.1273,0.3757,,,,,,,,,,,,,0,0,0,0,0
45321,Antony Auclair,HOU,42,18,2,24,,,,,,,,1.1739,18.0000,0.9471,1.3973,-2.5944,2.0000,-6.0048,0.8160,0.0477,42,0.0042,0.1232,0.0337,17.0000,-0.0047,0.3932,-0.0578,18.0000,-0.5979,0.2746,0.1701,18.0000,0.0791,0.3195,-3.0379,1.0000,,,0.0068,26.0000,-0.1509,0.1645,0.0456,20.0000,0.0456,0.0456,0.7894,42,0.5856,0.8576,0.3174,34.0000,-1.0766,0.4899,0.6764,4.0000,0.4702,0.7788,,,,,,,,,,,,,0,0,0,0,0
45594,Colin Thompson,CAR,16,7,0,9,,,,,,,,1.1451,7.0000,0.9058,1.1227,,,,,0.0557,16,0.0111,0.2833,0.0188,6.0000,-0.2407,0.3147,-0.0229,7.0000,-0.8119,0.7958,0.1692,7.0000,,,,,,,0.0610,9.0000,-0.2071,0.3290,0.0308,6.0000,0.0308,0.0308,0.7605,16,0.4583,0.8015,0.3664,16.0000,0.5223,0.8999,0.5520,2.0000,0.4698,0.5520,,,,,,,,,,,,,0,0,0,0,0
46176,Christopher Herndon,MIN,29,27,3,2,,,,,,,,1.1381,27.0000,0.9763,1.2163,1.3395,3.0000,-1.4451,4.1241,0.0454,29,0.0000,0.1170,0.0264,23.0000,-0.0227,0.2001,-0.0212,27.0000,-0.5251,0.5095,0.1640,27.0000,,,8.4477,2.0000,6.1440,10.7514,-0.0377,5.0000,-0.3973,0.3219,0.0531,1.0000,0.0531,0.0531,0.6251,29,0.3054,0.6880,0.3447,29.0000,-0.2847,0.6991,0.4558,5.0000,0.2554,0.5686,,,,,,,,,,,,,0,0,0,0,0
46331,Ross Dwelley,SF,72,58,9,14,,,,,,,,1.1388,57.0000,0.9402,1.2984,1.5100,8.0000,-0.1952,3.2152,0.0697,71,0.0486,0.1898,0.0138,52.0000,-0.0920,0.0896,0.0285,57.0000,-0.1797,0.3637,0.1711,57.0000,0.0960,0.2759,1.3824,4.0000,0.1045,2.6604,0.0591,23.0000,-0.1085,0.2268,-0.0513,12.0000,-0.4783,0.0339,0.8047,72,0.5835,0.9352,0.4197,69.0000,0.3148,1.1842,0.5210,7.0000,0.2422,0.6894,,,,,,,,,,,,,0,0,0,0,0
46544,Deon Yelder,TB,4,4,2,0,,,,,,,,1.2784,4.0000,0.8898,3.2602,0.4472,1.0000,-4.3759,5.2703,0.0604,4,0.0456,0.6994,0.0168,3.0000,-0.2932,0.1625,0.0177,4.0000,-0.6200,1.8648,0.1671,4.0000,,,4.8662,1.0000,,,0.0365,2.0000,-0.5321,0.6050,,0.0000,,,0.6189,4,0.1128,0.1128,0.3739,4.0000,,,0.3117,1.0000,0.3117,0.3117,,,,,,,,,,,,,0,0,0,0,0
46797,Tanner Hudson,SF,1,0,0,1,,,,,,,,,,,,,,,,0.0545,1,0.0000,0.7935,,,,,,,,,,,,,,,,,-0.3005,1.0000,-1.1046,0.5035,0.0064,1.0000,0.0064,0.0064,0.6937,1,-0.0000,0.0000,,1.0000,,,0.7374,1.0000,0.7374,0.7374,,,,,,,,,,,,,0,0,0,0,0
46915,Codey McElroy,TB,2,2,0,0,,,,,,,,1.1611,2.0000,0.6560,1.2440,,,,,0.0542,2,0.0000,0.6576,0.0184,1.0000,,,-0.0435,2.0000,-0.6985,-0.4907,0.1678,2.0000,,,,,,,,,,,,,,,0.3007,2,-0.0000,0.1423,0.3780,2.0000,1.2253,1.2253,0.6194,1.0000,0.6194,0.6194,,,,,,,,,,,,,0,0,0,0,0
47835,Drew Sample,CIN,60,41,3,19,,,,,,,,1.1725,41.0000,1.0846,1.2568,-1.2278,2.0000,-4.6383,2.1826,0.0534,60,0.0171,0.1370,0.0327,37.0000,-0.0293,0.2319,-0.0449,41.0000,-0.3908,0.2354,0.1757,41.0000,0.1472,0.5012,10.5129,1.0000,,,-0.0085,22.0000,-0.1799,0.1629,-0.0196,18.0000,-0.3106,0.0308,0.7801,60,0.5743,0.9055,0.3926,59.0000,-0.0943,1.0652,0.6445,8.0000,0.3553,0.7828,,,,,,,,,,,,,0,0,0,0,0
47840,J.J. Arcega-Whiteside,PHI,19,15,4,4,,,,,,,,1.1984,15.0000,0.9040,1.5893,-1.3945,2.0000,-4.8049,2.0159,0.0547,19,0.0094,0.2464,0.0288,15.0000,0.0012,0.3043,-0.0854,15.0000,-1.0449,0.1561,0.1658,15.0000,0.0000,0.2167,,,,,0.0790,8.0000,-0.2053,0.3632,-0.2165,4.0000,-0.8386,-0.0060,0.7015,19,0.3839,0.8182,0.3559,19.0000,-0.6893,1.3668,0.3109,2.0000,0.3046,0.3297,,,,,,,,,,,,,0,0,0,0,0
47852,Josh Oliver,BAL,57,57,9,0,,,,,,,,1.1878,57.0000,1.0802,1.3093,2.0103,7.0000,0.1874,3.8333,0.0543,57,0.0181,0.1437,-0.0030,45.0000,-0.1503,-0.0206,0.1800,57.0000,0.1539,0.6973,0.1702,57.0000,0.1073,0.2581,3.9937,7.0000,2.5704,5.4170,0.1471,9.0000,-0.1209,0.4152,,0.0000,,,0.4924,57,0.2986,0.5397,0.3916,57.0000,0.1180,0.7930,0.3881,6.0000,0.1946,0.5391,,,,,,,,,,,,,0,0,0,0,0
47904,Trevon Wesco,NYJ,32,24,4,8,,,,,,,,1.2135,23.0000,1.0034,1.5271,-0.3196,4.0000,-2.7311,2.0920,0.0626,31,0.0335,0.2490,0.0089,21.0000,-0.1934,0.0568,-0.0037,23.0000,-0.3966,0.5344,0.1667,23.0000,0.0417,0.2580,,,,,0.0891,12.0000,-0.1431,0.3212,-0.0292,7.0000,-0.5523,0.0922,0.7604,32,0.5917,0.8086,0.3706,19.0000,-0.0529,1.2665,,,,,,,,,,,,,,,,,0,0,0,0,0
47924,Zach Gentry,PIT,43,27,4,16,,,,,,,,1.1831,27.0000,1.0554,1.3298,6.1062,2.0000,2.6958,9.5166,0.0420,43,0.0000,0.0820,0.0138,22.0000,-0.1619,0.1195,0.0310,27.0000,-0.2081,0.4893,0.1721,27.0000,0.0494,0.4321,6.8330,3.0000,1.5435,12.1225,0.2474,20.0000,0.0676,0.4272,-0.0387,15.0000,-0.3594,0.0183,0.8055,43,0.5043,0.9623,0.3672,43.0000,0.1894,0.6569,0.5189,7.0000,0.2253,0.6986,,,,,,,,,,,,,0,0,0,0,0
47959,Kaden Smith,NYG,68,43,11,25,,,,,,,,1.3224,43.0000,1.2135,1.6423,-0.0225,10.0000,-1.5477,1.5027,0.0465,68,0.0081,0.1011,0.0468,40.0000,0.0436,0.3014,-0.1480,43.0000,-0.6850,-0.0358,0.1772,43.0000,0.1461,0.3332,7.2387,3.0000,1.1653,13.3121,-0.0120,36.0000,-0.1460,0.1220,-0.0571,23.0000,-0.2752,0.0073,0.9264,68,0.8242,0.9795,0.3606,64.0000,-0.0152,1.0007,0.6761,8.0000,0.3813,0.8634,,,,,,,,,,,,,0,0,0,0,0
48011,Tommy Sweeney,BUF,47,39,7,8,,,,,,,,1.1902,38.0000,1.0859,1.3194,-0.8379,6.0000,-2.8070,1.1311,0.0521,46,0.0120,0.1453,0.0195,29.0000,-0.0683,0.1229,-0.0466,38.0000,-0.3673,0.2131,0.1644,38.0000,0.0541,0.2395,3.1096,7.0000,0.3364,5.8828,0.0189,15.0000,-0.1887,0.2265,-0.0881,7.0000,-0.6112,0.0334,0.8232,47,0.6042,0.8941,0.3369,42.0000,-0.0321,1.4361,0.6644,5.0000,0.3638,0.8659,,,,,,,,,,,,,0,0,0,0,0
48096,Andrew Beck,DEN,8,6,0,2,,,,,,,,1.1490,6.0000,0.7666,1.2667,,,,,0.0587,8,0.0224,0.4709,0.0084,6.0000,-0.4016,-0.1560,0.0397,6.0000,0.0161,1.8844,0.1707,6.0000,0.0000,0.4444,,,,,-0.2378,2.0000,-0.8063,0.3308,0.0256,2.0000,0.0256,0.0256,0.6233,8,0.1782,0.5135,0.3718,5.0000,0.6506,2.0308,0.4580,2.0000,0.3613,0.5043,,,,,,,,,,,,,0,0,0,0,0
48456,Donald Parham,LAC,97,75,12,22,,,,,,,,1.2957,75.0000,1.1672,1.5234,1.7118,8.0000,0.0066,3.4170,0.0493,97,0.0162,0.1013,0.0200,65.0000,-0.0676,0.1172,0.0464,75.0000,-0.1108,0.3013,0.1553,75.0000,0.0573,0.1789,4.2875,7.0000,1.0496,7.5253,-0.0052,34.0000,-0.1431,0.1327,0.0074,21.0000,-0.2378,0.0481,0.8508,97,0.7587,0.9047,0.2946,97.0000,-0.4878,0.7407,0.6827,16.0000,0.4044,0.7653,,,,,,,,,,,,,0,0,0,0,0
48475,Chris Myarick,NYG,3,0,0,3,,,,,,,,,,,,,,,,0.0538,3,0.0000,0.5615,,,,,,,,,,,,,,,,,0.0851,3.0000,-0.3791,0.5494,0.0434,2.0000,0.0434,0.0434,0.6738,3,0.3251,0.3251,,3.0000,,,,,,,,,,,,,,,,,,,0,0,0,0,0
48683,Joe Fortson,KC,29,26,3,3,,,,,,,,1.1036,26.0000,0.9052,1.1333,-1.6136,2.0000,-5.0241,1.7968,0.0633,29,0.0358,0.2638,0.0218,23.0000,-0.0573,0.1557,-0.0360,26.0000,-0.5158,0.3690,0.1750,26.0000,0.0816,0.4552,2.7948,3.0000,-0.6830,6.2726,-0.0698,6.0000,-0.3981,0.2584,0.0498,3.0000,0.0498,0.0498,0.7821,29,0.5088,0.9264,0.3113,29.0000,-0.6253,0.7206,0.5526,6.0000,0.2832,0.7661,,,,,,,,,,,,,0,0,0,0,0
48700,Jesper Horsted,CHI,3,3,0,0,,,,,,,,1.1593,3.0000,0.8868,1.1132,,,,,0.0538,3,0.0000,0.5615,0.0196,1.0000,,,-0.0433,3.0000,-0.5741,-0.2426,0.1674,3.0000,,,-4.6428,1.0000,,,,,,,,,,,0.6269,3,-0.0000,0.0000,,3.0000,,,0.3263,2.0000,0.3033,0.3413,,,,,,,,,,,,,0,0,0,0,0
48723,Parker Hesse,ATL,4,4,0,0,,,,,,,,1.1518,4.0000,0.8517,1.0983,,,,,0.0674,4,0.1500,0.8500,0.0219,3.0000,0.0077,0.4720,-0.0241,4.0000,-0.9373,0.8966,0.1664,4.0000,,,,,,,,,,,,,,,0.6414,4,-0.0000,0.4259,0.3691,4.0000,0.8130,2.8579,0.4432,2.0000,0.3123,0.5427,,,,,,,,,,,,,0,0,0,0,0
48766,Kendall Blanton,LA,6,5,0,1,,,,,,,,1.1392,5.0000,0.6541,1.1859,,,,,0.0527,6,0.0000,0.3903,0.0158,5.0000,-0.1447,0.0103,0.0304,5.0000,-0.2500,0.8402,0.1686,5.0000,,,,,,,0.3303,1.0000,-0.4737,1.1344,0.0127,1.0000,0.0127,0.0127,0.6494,6,0.4024,0.4024,0.3657,6.0000,,,0.5817,1.0000,0.5817,0.5817,,,,,,,,,,,,,0,0,0,0,0
52502,Josiah Deguara,GB,33,27,6,6,,,,,,,,1.2403,27.0000,1.0791,1.5505,-1.8089,4.0000,-4.2204,0.6026,0.0560,33,0.0168,0.1961,0.0186,26.0000,-0.0957,0.1378,-0.1207,27.0000,-0.5812,0.0385,0.1659,27.0000,0.0417,0.3166,0.4305,1.0000,,,-0.0742,12.0000,-0.3063,0.1579,0.0788,6.0000,0.0788,0.0788,0.8545,33,0.6645,0.9032,0.4055,29.0000,0.3546,1.1540,0.5858,7.0000,0.3214,0.7479,,,,,,,,,,,,,0,0,0,0,0
52523,Harrison Bryant,CLE,79,73,8,6,,,,,,,,1.1386,73.0000,1.0530,1.1935,-0.7825,7.0000,-2.6055,1.0404,0.0671,79,0.0436,0.1718,0.0228,60.0000,-0.0318,0.1040,-0.1358,73.0000,-0.4695,-0.0011,0.1630,73.0000,0.0633,0.2109,7.4205,9.0000,4.0017,10.8392,-0.0054,14.0000,-0.2203,0.2095,0.0511,5.0000,0.0511,0.0511,0.7225,79,0.5052,0.8458,0.4286,72.0000,0.3535,0.9387,0.2824,10.0000,0.2165,0.3527,,,,,,,,,,,,,0,0,0,0,0
52526,Albert Okwuegbunam,DEN,69,59,12,10,,,,,,,,1.1992,59.0000,1.0925,1.3313,0.3099,10.0000,-1.2153,1.8351,0.0415,69,0.0026,0.0776,0.0132,47.0000,-0.1015,0.0903,0.0401,59.0000,-0.1316,0.3178,0.1648,59.0000,0.0729,0.2225,5.2573,11.0000,3.2823,7.2323,0.1154,22.0000,-0.0560,0.2869,-0.0904,8.0000,-0.5784,0.0160,0.8026,69,0.6970,0.9392,0.2978,67.0000,-0.2342,0.4089,0.5231,7.0000,0.3165,0.6922,,,,,,,,,,,,,0,0,0,0,0
52541,Colby Parkinson,SEA,39,29,3,10,,,,,,,,1.1664,28.0000,0.9850,1.3292,0.0709,3.0000,-2.7137,2.8555,0.0601,38,0.0272,0.2080,0.0160,27.0000,-0.1022,0.1061,-0.1468,28.0000,-0.6614,-0.0299,0.1623,28.0000,0.0119,0.1123,6.3836,1.0000,,,0.0528,13.0000,-0.1702,0.2758,-0.0629,8.0000,-0.5509,0.0435,0.6417,39,0.5174,0.7582,0.4186,39.0000,0.3763,0.8348,0.5092,5.0000,0.2657,0.6891,,,,,,,,,,,,,0,0,0,0,0
52598,Charlie Woerner,SF,47,36,7,11,,,,,,,,1.2513,36.0000,1.0595,1.5738,0.1566,7.0000,-1.6663,1.9796,0.0464,47,0.0038,0.1111,0.0285,31.0000,-0.0845,0.2585,-0.1011,36.0000,-0.5088,0.0858,0.1686,36.0000,0.0889,0.3214,4.8692,4.0000,-0.3088,10.0471,0.1176,18.0000,-0.0720,0.3071,0.0419,8.0000,0.0419,0.0419,0.7935,47,0.4341,0.8731,0.3851,47.0000,-0.0121,0.7322,0.7375,4.0000,0.3900,0.9099,,,,,,,,,,,,,0,0,0,0,0
52614,Tyler Davis,GB,2,0,0,2,,,,,,,,,,,,,,,,0.0542,2,0.0000,0.6576,,,,,,,,,,,,,,,,,0.1514,2.0000,-0.4172,0.7199,0.0134,2.0000,0.0134,0.0134,0.6586,2,-0.0000,0.0000,,2.0000,,,,,,,,,,,,,,,,,,,0,0,0,0,0
52673,Mitchell Wilcox,CIN,8,7,0,1,,,,,,,,1.1716,7.0000,1.0989,1.2154,,,,,0.0519,8,0.0000,0.3244,0.0236,7.0000,-0.1932,0.5115,-0.0613,7.0000,-1.4262,0.3517,0.1692,7.0000,,,,,,,-0.3196,1.0000,-1.1237,0.4844,,,,,0.6449,8,0.2025,0.5881,0.4249,8.0000,0.8826,3.6031,0.6122,3.0000,0.2430,0.7871,,,,,,,,,,,,,0,0,0,0,0
52725,Ben Ellefson,MIN,17,10,0,7,,,,,,,,1.1221,10.0000,0.8133,1.1067,,,,,0.0554,17,0.0105,0.2698,0.0109,9.0000,-0.3885,0.1275,-0.0151,10.0000,-0.7554,0.9407,0.1747,10.0000,0.0667,0.6778,,,,,-0.0036,7.0000,-0.3075,0.3003,-0.3617,5.0000,-0.8360,-0.0800,0.5560,17,0.2356,0.5931,,17.0000,,,0.7604,3.0000,0.5744,0.7696,,,,,,,,,,,,,0,0,0,0,0
52942,Juwan Johnson,NO,59,58,4,1,,,,,,,,1.0899,58.0000,0.9993,1.0904,3.2344,4.0000,0.8229,5.6460,0.0790,59,0.0703,0.2454,0.0069,45.0000,-0.1054,0.0313,0.0513,58.0000,-0.1326,0.4314,0.1789,58.0000,0.1149,0.2933,1.2083,6.0000,-2.0936,4.5101,0.0843,5.0000,-0.2753,0.4439,,0.0000,,,0.6388,59,0.2499,0.6302,0.3753,59.0000,-0.2575,1.1101,0.4888,9.0000,0.2334,0.6990,,,,,,,,,,,,,0,0,0,0,0
52962,Tyler Mabry,SEA,6,4,1,2,,,,,,,,1.1691,4.0000,0.6840,1.5660,1.1006,1.0000,-3.7225,5.9237,0.0527,6,0.0000,0.3903,0.0167,4.0000,-0.3073,0.2140,-0.0290,4.0000,-0.6790,0.4873,0.1664,4.0000,,,,,,,-0.2690,3.0000,-0.7332,0.1953,0.0133,2.0000,0.0133,0.0133,0.7385,6,-0.0000,0.7503,0.3486,6.0000,-1.5427,1.3484,0.3066,1.0000,0.3066,0.3066,,,,,,,,,,,,,0,0,0,0,0
53065,Tommy Hudson,TEN,19,13,7,6,,,,,,,,1.3217,13.0000,1.2148,2.1237,0.2773,5.0000,-1.8796,2.4343,0.0483,19,0.0000,0.1682,0.0163,9.0000,-0.1357,0.0952,-0.0054,13.0000,-0.6118,1.0025,0.1658,13.0000,,,3.4144,2.0000,-0.4858,7.3147,0.0369,13.0000,-0.1861,0.2599,-0.2198,5.0000,-0.8419,-0.0092,0.7971,19,0.4519,0.9183,0.3586,19.0000,-0.2062,0.8294,0.3162,5.0000,0.1677,0.5582,,,,,,,,,,,,,0,0,0,0,0
53172,Dominique Dafney,GB,18,14,3,4,,,,,,,,1.1514,14.0000,0.9306,1.2694,-1.5925,1.0000,-6.4155,3.2306,0.0614,18,0.0310,0.3280,0.0170,14.0000,-0.1463,0.1515,-0.0407,14.0000,-0.6841,0.4353,0.1671,14.0000,0.0278,0.2619,,,,,0.1184,7.0000,-0.1855,0.4223,-0.5810,3.0000,-0.9053,-0.1401,0.7612,18,0.6357,0.8601,0.4020,13.0000,0.0313,1.7854,0.6408,3.0000,0.4110,0.7646,,,,,,,,,,,,,0,0,0,0,0
53510,Hunter Long,MIA,8,5,0,3,,,,,,,,1.1392,5.0000,0.8057,1.0343,,,,,0.0587,8,0.0224,0.4709,0.0146,4.0000,-0.1794,-0.1020,0.2088,5.0000,0.3307,1.0388,0.1667,5.0000,,,,,,,-0.1949,3.0000,-0.6591,0.2693,0.0109,3.0000,0.0109,0.0109,0.6396,8,0.2932,0.6100,0.3641,8.0000,0.1049,0.7792,,,,,,,,,,,,,,,,,0,0,0,0,0
53526,Tre' McKitty,LAC,1,1,0,0,,,,,,,,1.1725,1.0000,,,,,,,0.0545,1,0.0000,0.7935,0.0195,1.0000,,,-0.0566,1.0000,,,0.1674,1.0000,0.0000,0.0000,,,,,,,,,,,,,0.6937,1,-0.0000,0.0000,,1.0000,,,,,,,,,,,,,,,,,,,0,0,0,0,0
53553,John Bates,WAS,28,19,3,9,,,,,,,,1.1262,19.0000,0.9113,1.1834,0.8554,2.0000,-2.5550,4.2658,0.0517,28,0.0063,0.1771,0.0289,17.0000,-0.0580,0.3368,-0.1351,19.0000,-0.8782,-0.0344,0.1674,19.0000,0.0372,0.2686,4.7247,2.0000,4.0583,5.3910,0.0485,12.0000,-0.1836,0.2807,-0.1218,7.0000,-0.6449,-0.0004,0.7847,28,0.4866,0.9650,0.3517,27.0000,-0.1439,0.6059,0.6907,5.0000,0.5446,0.7773,,,,,,,,,,,,,0,0,0,0,0
53556,Kylen Granson,IND,40,37,2,3,,,,,,,,1.2196,37.0000,1.0943,1.4192,-0.1478,2.0000,-3.5582,3.2626,0.0650,40,0.0396,0.2305,0.0240,35.0000,-0.0513,0.1572,-0.0235,37.0000,-0.3431,0.2986,0.1618,37.0000,0.0572,0.2237,,,,,0.0114,5.0000,-0.3482,0.3709,-0.2992,3.0000,-0.9118,-0.0207,0.6575,40,0.3400,0.6940,0.3760,40.0000,-0.7142,1.1299,0.4497,6.0000,0.2248,0.6149,,,,,,,,,,,,,0,0,0,0,0
53570,Jacob Harris,LA,2,2,0,0,,,,,,,,1.1611,2.0000,0.8520,1.0480,,,,,0.0542,2,0.0000,0.6576,0.0189,2.0000,-0.1954,0.3613,-0.0323,2.0000,-1.5668,1.0415,0.1691,2.0000,,,,,,,,,,,,,,,0.6586,2,-0.0000,0.0000,,2.0000,,,,,,,,,,,,,,,,,,,0,0,0,0,0
53574,Luke Farrell,JAX,51,46,5,5,,,,,,,,1.1541,45.0000,1.0072,1.2728,1.9361,5.0000,-0.2209,4.0930,0.0669,50,0.0435,0.2136,0.0254,39.0000,-0.0754,0.1912,0.0247,45.0000,-0.2224,0.4545,0.1703,45.0000,0.0950,0.3037,4.9642,5.0000,2.2863,7.6421,0.1837,10.0000,-0.0706,0.4380,0.0324,5.0000,0.0324,0.0324,0.7175,51,0.4888,0.8151,0.3910,49.0000,0.2672,1.0725,0.5694,6.0000,0.2578,0.7805,,,,,,,,,,,,,0,0,0,0,0
53576,Brevin Jordan,HOU,10,9,0,1,,,,,,,,1.1227,9.0000,0.8782,1.0107,,,,,0.0512,10,-0.0000,0.2775,0.0109,6.0000,-0.2563,-0.1472,0.0424,9.0000,-0.1776,0.9371,0.1714,9.0000,,,-0.8087,2.0000,-3.5795,1.9621,-0.2716,1.0000,-1.0756,0.5325,0.0165,1.0000,0.0165,0.0165,0.5650,10,0.2667,0.2667,0.3563,10.0000,,,0.6157,1.0000,0.6157,0.6157,,,,,,,,,,,,,0,0,0,0,0
53591,Noah Gray,KC,43,36,3,7,,,,,,,,1.2738,36.0000,1.1536,1.5631,-0.1876,3.0000,-2.9722,2.5970,0.0420,43,0.0000,0.0820,0.0212,33.0000,-0.0576,0.1325,0.0450,36.0000,-0.1429,0.3986,0.1691,36.0000,0.0741,0.2605,5.7017,2.0000,-3.6691,15.0726,0.0440,10.0000,-0.2103,0.2983,0.0296,6.0000,0.0296,0.0296,0.6867,43,0.2772,0.6844,0.3476,43.0000,-0.0461,0.5717,0.4106,5.0000,0.2128,0.5515,,,,,,,,,,,,,0,0,0,0,0
53724,Matt Bushman,LV,2,2,0,0,,,,,,,,1.1642,2.0000,1.0000,1.0000,,,,,0.0542,2,0.0000,0.6576,0.0207,2.0000,-0.2931,0.7743,-0.0393,2.0000,-0.9815,0.0419,0.1678,2.0000,,,,,,,,,,,,,,,0.6882,2,0.2932,0.2932,0.3468,2.0000,,,0.6119,1.0000,0.6119,0.6119,,,,,,,,,,,,,0,0,0,0,0
53896,Tory Carter,TEN,1,1,0,0,,,,,,,,1.1630,1.0000,,,,,,,0.0545,1,0.0000,0.7935,0.0162,1.0000,,,-0.0226,1.0000,,,0.1706,1.0000,0.3333,0.3333,,,,,,,,,,,,,0.6937,1,-0.0000,0.0000,,,,,,,,,,,,,,,,,,,,,0,0,0,0,0
53946,Jack Stoll,PHI,31,21,4,10,,,,,,,,1.2044,21.0000,1.0762,1.4190,0.0724,2.0000,-3.3381,3.4828,0.0626,31,0.0335,0.2490,0.0208,21.0000,-0.1097,0.1945,-0.0171,21.0000,-0.4847,0.5088,0.1654,21.0000,0.0566,0.3113,,,,,-0.1313,14.0000,-0.3462,0.0836,0.0198,8.0000,0.0198,0.0198,0.8011,31,0.5690,0.9097,0.5037,30.0000,1.0478,2.6583,0.4738,6.0000,0.3353,0.5943,,,,,,,,,,,,,0,0,0,0,0
53959,Brock Wright,DET,11,8,2,3,,,,,,,,1.1697,8.0000,1.0672,1.2328,1.1483,2.0000,-2.2622,4.5587,0.0509,11,0.0000,0.2588,0.0242,8.0000,-0.0808,0.3915,-0.1895,8.0000,-1.0082,-0.2156,0.1668,8.0000,0.0000,0.3898,,,,,-0.3384,5.0000,-0.6980,0.0212,0.1563,2.0000,0.1563,0.1563,0.7901,11,0.5754,0.8426,0.3704,11.0000,-0.4295,1.2011,0.4536,2.0000,0.2690,0.5940,,,,,,,,,,,,,0,0,0,0,0
