nflId,displayName,team,n,n_games,n_eff_ipw,frac_snaps_capped,value,lo,hi,boot_sd,value_mm,versatility_raw,versatility_raw_mm,value_literal_rule,n_inline_route,share_inline_route,exp_inline_route,diff_inline_route,wshare_inline_route,n_detached_route,share_detached_route,exp_detached_route,diff_detached_route,wshare_detached_route,n_chip_release,share_chip_release,exp_chip_release,diff_chip_release,wshare_chip_release,n_stay_in_block,share_stay_in_block,exp_stay_in_block,diff_stay_in_block,wshare_stay_in_block,n_standard_pass_block,share_standard_pass_block,exp_standard_pass_block,diff_standard_pass_block,wshare_standard_pass_block,value_shrunk,wshare_shrunk_inline_route,wshare_shrunk_detached_route,wshare_shrunk_chip_release,wshare_shrunk_stay_in_block,wshare_shrunk_standard_pass_block,archetype,archetype_reliable,higher_is_better
47959,Kaden Smith,NYG,68,8,44.7162,0.0,0.9492,0.8242,0.9795,0.0403,0.977,0.9769,0.9952,0.9569,21,0.3088,0.3574,-0.0486,0.3161,11,0.1618,0.3334,-0.1716,0.2437,11,0.1618,0.1081,0.0537,0.1307,11,0.1618,0.1062,0.0555,0.0948,14,0.2059,0.0949,0.111,0.2147,0.9264,0.3166,0.2817,0.1254,0.0903,0.1861,inline blocker,True,True
42302,Chris Manhertz,JAX,65,7,41.705,0.0,0.9653,0.7766,0.9867,0.0534,0.9951,0.9514,0.9706,0.964,22,0.3385,0.3431,-0.0046,0.313,9,0.1385,0.3406,-0.2021,0.2041,8,0.1231,0.1071,0.0159,0.1588,10,0.1538,0.1064,0.0475,0.1111,16,0.2462,0.1028,0.1433,0.213,0.9255,0.3141,0.2522,0.1476,0.103,0.1831,inline blocker,True,True
44841,David Njoku,CLE,144,8,95.594,0.0,0.9163,0.8367,0.951,0.0298,0.9293,0.8825,0.8912,0.9177,48,0.3333,0.3401,-0.0067,0.2727,49,0.3403,0.4378,-0.0975,0.3494,21,0.1458,0.0905,0.0553,0.1848,6,0.0417,0.0672,-0.0255,0.0652,20,0.1389,0.0645,0.0744,0.1279,0.9052,0.2772,0.3587,0.1768,0.0657,0.1215,balanced,True,True
42503,Jesse James,CHI,56,6,24.6291,0.0,0.9606,0.7096,0.9831,0.0806,1.0111,0.9554,0.9776,0.8978,14,0.25,0.3527,-0.1027,0.2118,11,0.1964,0.33,-0.1336,0.3086,17,0.3036,0.0976,0.206,0.2296,9,0.1607,0.1161,0.0446,0.1448,5,0.0893,0.1036,-0.0143,0.1052,0.8876,0.2436,0.349,0.1919,0.1227,0.0928,chip-and-release specialist,True,True
40149,Ryan Griffin,NYJ,144,7,110.6812,0.0,0.8922,0.8339,0.9184,0.0238,0.9034,0.9256,0.9342,0.8784,55,0.3819,0.3251,0.0568,0.3847,35,0.2431,0.3842,-0.1411,0.2976,18,0.125,0.111,0.014,0.133,16,0.1111,0.0948,0.0163,0.0996,20,0.1389,0.0849,0.054,0.085,0.8859,0.379,0.3103,0.1305,0.0971,0.0832,balanced,True,True
47920,Foster Moreau,LV,117,7,54.8045,0.0085,0.8981,0.7385,0.9281,0.047,0.9207,0.8857,0.8963,0.9094,36,0.3077,0.3643,-0.0566,0.3062,42,0.359,0.4241,-0.0651,0.3574,9,0.0769,0.0778,-0.0009,0.0997,8,0.0684,0.0599,0.0085,0.0707,22,0.188,0.0739,0.1142,0.1661,0.8752,0.3081,0.3713,0.1002,0.0707,0.1497,balanced,True,True
43370,Austin Hooper,CLE,158,8,120.1151,0.0,0.8711,0.7743,0.9034,0.034,0.8815,0.8865,0.8944,0.8738,60,0.3797,0.3394,0.0403,0.4057,47,0.2975,0.4234,-0.1259,0.289,23,0.1456,0.0934,0.0522,0.1404,9,0.057,0.0752,-0.0183,0.0543,19,0.1203,0.0686,0.0517,0.1106,0.8604,0.3987,0.3014,0.1375,0.0556,0.1068,balanced,True,True
52502,Josiah Deguara,GB,33,7,27.3662,0.0,0.8853,0.6645,0.9032,0.059,0.9307,0.8848,0.9225,0.8326,9,0.2727,0.327,-0.0543,0.2112,12,0.3636,0.3912,-0.0276,0.387,6,0.1818,0.1053,0.0765,0.2116,5,0.1515,0.0918,0.0597,0.159,1,0.0303,0.0846,-0.0543,0.0311,0.8545,0.2409,0.4027,0.1816,0.1346,0.0401,chip-and-release specialist,False,True
46170,Ian Thomas,CAR,166,8,132.5336,0.0,0.8569,0.8104,0.8871,0.0202,0.8662,0.8998,0.9073,0.8774,55,0.3313,0.3163,0.0151,0.3619,50,0.3012,0.3933,-0.092,0.3412,23,0.1386,0.1146,0.024,0.1304,7,0.0422,0.0834,-0.0412,0.0312,31,0.1867,0.0925,0.0942,0.1352,0.8533,0.3588,0.3487,0.1284,0.0341,0.13,balanced,True,True
48456,Donald Parham,LAC,97,7,60.7861,0.0,0.8624,0.7587,0.9047,0.0368,0.8828,0.9177,0.9305,0.8292,34,0.3505,0.3776,-0.0271,0.3301,29,0.299,0.3069,-0.0079,0.3752,12,0.1237,0.0997,0.024,0.1469,13,0.134,0.1066,0.0274,0.1039,9,0.0928,0.1092,-0.0164,0.0439,0.8508,0.3284,0.3853,0.1405,0.099,0.0468,balanced,True,True
42721,Eric Tomlinson,BAL,26,7,11.6016,0.0385,0.8891,0.6593,0.9246,0.07,0.9962,0.9238,0.9716,0.7311,10,0.3846,0.3894,-0.0048,0.379,2,0.0769,0.3315,-0.2546,0.04,4,0.1538,0.0827,0.0711,0.134,5,0.1923,0.1145,0.0778,0.2556,5,0.1923,0.0818,0.1105,0.1915,0.8481,0.3503,0.2315,0.1194,0.1679,0.1308,inline blocker,False,True
42589,Geoff Swaim,TEN,120,8,85.3335,0.0,0.8672,0.7395,0.9458,0.0538,0.8818,0.886,0.8964,0.8377,49,0.4083,0.356,0.0523,0.4247,20,0.1667,0.3077,-0.1411,0.2595,16,0.1333,0.1073,0.026,0.1433,6,0.05,0.1093,-0.0593,0.0463,29,0.2417,0.1196,0.1221,0.1262,0.8438,0.4131,0.2797,0.1389,0.049,0.1194,balanced,True,True
46192,Durham Smythe,MIA,129,8,40.554,0.0465,0.8557,0.7333,0.8973,0.0425,0.8863,0.8684,0.8781,0.7854,46,0.3566,0.386,-0.0294,0.4151,47,0.3643,0.397,-0.0327,0.3114,11,0.0853,0.074,0.0112,0.1032,12,0.093,0.0765,0.0165,0.0646,13,0.1008,0.0665,0.0343,0.1057,0.8414,0.3953,0.3385,0.1032,0.0659,0.0971,balanced,True,True
43399,Tyler Higbee,LA,223,8,100.1825,0.0404,0.8446,0.7844,0.8799,0.0239,0.8571,0.8353,0.8409,0.8163,72,0.3229,0.2576,0.0653,0.335,91,0.4081,0.5079,-0.0999,0.3847,35,0.157,0.1223,0.0347,0.1339,12,0.0538,0.0491,0.0047,0.0305,13,0.0583,0.0632,-0.0049,0.1159,0.8402,0.3334,0.3903,0.131,0.0343,0.1109,balanced,True,True
52513,Adam Trautman,NO,150,7,96.4213,0.0,0.8473,0.7431,0.9123,0.046,0.8602,0.8623,0.8706,0.8353,51,0.34,0.3307,0.0093,0.3919,58,0.3867,0.3911,-0.0044,0.3525,12,0.08,0.1055,-0.0255,0.0783,14,0.0933,0.0851,0.0083,0.0886,15,0.1,0.0876,0.0124,0.0886,0.832,0.3847,0.3614,0.0808,0.0869,0.0862,balanced,True,True
37179,Luke Stocker,MIN,9,2,6.4573,0.0,0.9607,0.6278,0.9607,0.1358,1.1532,0.9463,1.0843,0.9407,1,0.1111,0.4177,-0.3066,0.08,1,0.1111,0.2164,-0.1052,0.272,2,0.2222,0.096,0.1262,0.1871,2,0.2222,0.0916,0.1306,0.232,3,0.3333,0.1783,0.155,0.2289,0.8302,0.2276,0.3783,0.1352,0.1323,0.1267,inline blocker,False,True
37234,Lee Smith,ATL,63,7,28.1411,0.0317,0.8359,0.7459,0.873,0.0328,0.8801,0.88,0.8997,0.7853,20,0.3175,0.4236,-0.1062,0.4602,3,0.0476,0.206,-0.1584,0.054,5,0.0794,0.098,-0.0186,0.071,15,0.2381,0.1269,0.1112,0.1629,20,0.3175,0.1455,0.172,0.2519,0.8285,0.4218,0.1597,0.0797,0.1379,0.2009,inline blocker,True,True
48011,Tommy Sweeney,BUF,47,6,32.604,0.0,0.8575,0.6042,0.8941,0.0722,0.8956,0.878,0.9044,0.8575,15,0.3191,0.3012,0.018,0.3609,17,0.3617,0.4396,-0.0779,0.351,7,0.1489,0.1161,0.0329,0.1384,6,0.1277,0.0741,0.0535,0.1098,2,0.0426,0.069,-0.0264,0.0399,0.8232,0.3506,0.3736,0.1298,0.1003,0.0457,balanced,False,True
46094,Hayden Hurst,ATL,167,7,58.3718,0.0479,0.8337,0.7141,0.878,0.0414,0.855,0.7751,0.7826,0.8176,45,0.2695,0.3554,-0.0859,0.3835,86,0.515,0.4304,0.0846,0.3591,15,0.0898,0.0736,0.0162,0.0878,15,0.0898,0.079,0.0108,0.1303,6,0.0359,0.0616,-0.0256,0.0394,0.8226,0.3736,0.372,0.0902,0.1212,0.0431,balanced,True,True
44792,Mo Alie-Cox,IND,123,8,117.0311,0.0,0.8286,0.7449,0.8737,0.0321,0.8392,0.842,0.8521,0.828,38,0.3089,0.3099,-0.0009,0.2994,51,0.4146,0.4443,-0.0296,0.433,19,0.1545,0.1084,0.0461,0.1539,6,0.0488,0.0719,-0.0231,0.042,9,0.0732,0.0656,0.0075,0.0717,0.8219,0.301,0.4339,0.1497,0.0443,0.0711,balanced,True,True
42500,C.J. Uzomah,CIN,216,8,115.4128,0.0278,0.8256,0.728,0.8657,0.0359,0.8364,0.7696,0.7753,0.8118,91,0.4213,0.2723,0.1489,0.4157,83,0.3843,0.5216,-0.1374,0.3354,24,0.1111,0.1166,-0.0055,0.1242,11,0.0509,0.0464,0.0046,0.0838,7,0.0324,0.0431,-0.0107,0.0409,0.8177,0.4076,0.3444,0.1225,0.0827,0.0428,balanced,True,True
30842,Marcedes Lewis,GB,74,8,26.934,0.0,0.8354,0.6632,0.8939,0.0601,0.8815,0.8623,0.8791,0.8655,35,0.473,0.3537,0.1192,0.4203,6,0.0811,0.2723,-0.1912,0.0823,15,0.2027,0.1079,0.0948,0.2846,7,0.0946,0.1342,-0.0396,0.0307,11,0.1486,0.1319,0.0168,0.1822,0.8141,0.3918,0.1835,0.2338,0.0419,0.149,chip-and-release specialist,True,True
42428,Tyler Kroft,NYJ,132,5,96.447,0.0,0.8172,0.7483,0.8667,0.0294,0.8301,0.8755,0.8849,0.7984,56,0.4242,0.3015,0.1227,0.479,33,0.25,0.4247,-0.1747,0.2642,17,0.1288,0.1184,0.0104,0.0981,19,0.1439,0.0793,0.0646,0.1172,7,0.053,0.076,-0.023,0.0415,0.8122,0.4633,0.2818,0.0986,0.1127,0.0436,balanced,True,True
42398,Maxx Williams,ARI,93,5,64.3241,0.0215,0.8155,0.7202,0.8525,0.0316,0.8348,0.8482,0.8616,0.7811,40,0.4301,0.2897,0.1404,0.4744,27,0.2903,0.517,-0.2267,0.2734,5,0.0538,0.101,-0.0472,0.0409,13,0.1398,0.0522,0.0876,0.1182,8,0.086,0.04,0.046,0.093,0.8099,0.4526,0.2973,0.0496,0.1116,0.0889,balanced,True,True
47924,Zach Gentry,PIT,43,7,37.3354,0.0,0.8772,0.5043,0.9623,0.1165,0.9104,0.8389,0.8678,0.9356,19,0.4419,0.3326,0.1093,0.3757,4,0.093,0.4415,-0.3485,0.1109,4,0.093,0.1001,-0.0071,0.1233,3,0.0698,0.0642,0.0056,0.0644,13,0.3023,0.0616,0.2407,0.3257,0.8055,0.3632,0.1838,0.1189,0.0658,0.2683,inline blocker,False,True
46331,Ross Dwelley,SF,72,7,46.6833,0.0,0.8503,0.5835,0.9352,0.0933,0.8769,0.8826,0.8999,0.8368,18,0.25,0.3077,-0.0577,0.2554,31,0.4306,0.4512,-0.0207,0.4502,9,0.125,0.1048,0.0202,0.1461,8,0.1111,0.0723,0.0388,0.0955,6,0.0833,0.064,0.0194,0.0528,0.8047,0.267,0.449,0.1382,0.091,0.0548,balanced,True,True
52526,Albert Okwuegbunam,DEN,69,5,49.8135,0.0,0.8248,0.697,0.9392,0.0661,0.8498,0.8438,0.8618,0.8199,33,0.4783,0.3595,0.1188,0.4553,14,0.2029,0.3623,-0.1594,0.2639,12,0.1739,0.1011,0.0728,0.1734,6,0.087,0.0948,-0.0079,0.0575,4,0.058,0.0823,-0.0243,0.0499,0.8026,0.4315,0.2951,0.1612,0.0598,0.0523,balanced,True,True
53946,Jack Stoll,PHI,31,8,10.9036,0.0,0.8378,0.569,0.9097,0.0859,0.9517,0.9369,0.977,0.799,12,0.3871,0.3831,0.004,0.3103,5,0.1613,0.4374,-0.2761,0.0358,4,0.129,0.0698,0.0593,0.3208,4,0.129,0.0596,0.0694,0.0467,6,0.1935,0.0501,0.1434,0.2864,0.8011,0.3143,0.2357,0.2142,0.0585,0.1773,chip-and-release specialist,False,True
42460,Blake Bell,KC,40,7,14.3255,0.025,0.8207,0.6451,0.8913,0.0648,0.9074,0.8685,0.8996,0.7247,11,0.275,0.4176,-0.1426,0.2092,1,0.025,0.312,-0.287,0.0168,11,0.275,0.0793,0.1957,0.2661,4,0.1,0.096,0.004,0.0844,13,0.325,0.095,0.23,0.4235,0.8001,0.2554,0.1971,0.1973,0.0787,0.2715,chip-and-release specialist,False,True
42486,MyCole Pruitt,TEN,96,8,56.8221,0.0,0.8041,0.7024,0.8292,0.0331,0.826,0.8875,0.9005,0.7574,33,0.3438,0.3522,-0.0084,0.3942,24,0.25,0.3238,-0.0738,0.3674,8,0.0833,0.1052,-0.0219,0.0678,26,0.2708,0.1146,0.1562,0.1432,5,0.0521,0.1042,-0.0521,0.0274,0.7988,0.3825,0.3793,0.0733,0.1319,0.033,balanced,True,True
44831,O.J. Howard,TB,94,8,76.3072,0.0,0.8059,0.6936,0.8633,0.0425,0.8222,0.8322,0.8454,0.7871,44,0.4681,0.3381,0.13,0.4129,25,0.266,0.3588,-0.0929,0.3701,7,0.0745,0.1146,-0.0401,0.056,6,0.0638,0.0893,-0.0255,0.0647,12,0.1277,0.0991,0.0285,0.0964,0.7974,0.4015,0.379,0.0617,0.0654,0.0924,balanced,True,True
53065,Tommy Hudson,TEN,19,3,17.6373,0.0,0.8719,0.4519,0.9183,0.1264,0.9424,0.9307,0.9961,0.7991,2,0.1053,0.3087,-0.2034,0.1023,4,0.2105,0.4415,-0.231,0.2046,7,0.3684,0.1143,0.2542,0.3932,4,0.2105,0.0669,0.1436,0.2602,2,0.1053,0.0686,0.0366,0.0397,0.7971,0.1829,0.2937,0.2852,0.1897,0.0486,chip-and-release specialist,False,True
52598,Charlie Woerner,SF,47,7,17.8194,0.0213,0.8568,0.4341,0.8731,0.1197,0.9266,0.8884,0.9149,0.8436,19,0.4043,0.332,0.0722,0.332,10,0.2128,0.4411,-0.2283,0.2221,7,0.1489,0.0876,0.0614,0.1719,9,0.1915,0.0572,0.1343,0.2699,2,0.0426,0.0822,-0.0396,0.0041,0.7935,0.327,0.3042,0.1465,0.1962,0.0261,inline blocker,False,True
42547,Darren Waller,LV,224,6,153.3722,0.0,0.7958,0.7167,0.8357,0.0305,0.8039,0.7336,0.7391,0.7927,91,0.4062,0.3117,0.0945,0.3973,96,0.4286,0.4993,-0.0707,0.3855,22,0.0982,0.0925,0.0058,0.1178,5,0.0223,0.046,-0.0237,0.0631,10,0.0446,0.0505,-0.0058,0.0363,0.7918,0.3923,0.3892,0.1169,0.0636,0.038,balanced,True,True
39907,Darren Fells,DET,65,7,44.3784,0.0,0.8156,0.578,0.864,0.076,0.8437,0.8629,0.882,0.769,26,0.4,0.3544,0.0456,0.3405,21,0.3231,0.3661,-0.043,0.4208,6,0.0923,0.0945,-0.0022,0.129,7,0.1077,0.0933,0.0144,0.0625,5,0.0769,0.0918,-0.0149,0.0472,0.7911,0.3363,0.4252,0.1241,0.0641,0.0504,balanced,True,True
53959,Brock Wright,DET,11,2,6.4361,0.0,0.8426,0.5754,0.8426,0.1122,1.0357,0.9418,1.0547,0.8107,4,0.3636,0.3407,0.0229,0.2935,2,0.1818,0.3614,-0.1796,0.2083,2,0.1818,0.0973,0.0846,0.3816,2,0.1818,0.0964,0.0854,0.098,1,0.0909,0.1042,-0.0133,0.0187,0.7901,0.309,0.3541,0.2092,0.0811,0.0465,chip-and-release specialist,False,True
44912,Jonnu Smith,NE,109,8,56.7734,0.0092,0.798,0.6743,0.8484,0.0444,0.8199,0.8532,0.8646,0.7904,42,0.3853,0.3932,-0.0078,0.294,38,0.3486,0.249,0.0996,0.4458,12,0.1101,0.0999,0.0102,0.1803,7,0.0642,0.1091,-0.0449,0.0311,10,0.0917,0.1488,-0.0571,0.0488,0.7898,0.2978,0.4455,0.1683,0.0373,0.0511,balanced,True,True
47803,Noah Fant,DEN,251,8,218.528,0.0,0.7918,0.7485,0.8385,0.0226,0.7975,0.7913,0.7962,0.7843,115,0.4582,0.3129,0.1453,0.4459,64,0.255,0.4493,-0.1943,0.2968,54,0.2151,0.1089,0.1063,0.1822,11,0.0438,0.0677,-0.0238,0.048,7,0.0279,0.0613,-0.0334,0.0271,0.7897,0.44,0.3036,0.1786,0.049,0.0287,balanced,True,True
45321,Antony Auclair,HOU,42,8,12.7151,0.0476,0.8128,0.5856,0.8576,0.0753,0.9105,0.8324,0.862,0.7495,14,0.3333,0.409,-0.0757,0.4673,2,0.0476,0.2421,-0.1945,0.156,2,0.0476,0.0936,-0.046,0.012,16,0.381,0.1396,0.2413,0.227,8,0.1905,0.1156,0.0749,0.1376,0.7894,0.4001,0.286,0.0532,0.1565,0.1042,inline blocker,False,True
37118,Kyle Rudolph,NYG,155,8,112.7626,0.0,0.8001,0.7063,0.9162,0.0539,0.8111,0.864,0.872,0.8095,27,0.1742,0.3399,-0.1657,0.1298,71,0.4581,0.3919,0.0661,0.5473,15,0.0968,0.104,-0.0072,0.0955,10,0.0645,0.0878,-0.0233,0.0605,32,0.2065,0.0764,0.1301,0.1668,0.7884,0.1458,0.5385,0.0962,0.0614,0.1581,balanced,True,True
53553,John Bates,WAS,28,6,21.6828,0.0,0.8472,0.4866,0.965,0.1286,0.9046,0.9008,0.9452,0.8092,12,0.4286,0.3865,0.042,0.4996,4,0.1429,0.233,-0.0901,0.1638,3,0.1071,0.0978,0.0093,0.1082,3,0.1071,0.1563,-0.0492,0.0725,6,0.2143,0.1264,0.0879,0.156,0.7847,0.4407,0.255,0.1066,0.0719,0.1259,balanced,False,True
45094,Johnny Mundt,LA,33,5,28.6897,0.0,0.8347,0.5376,0.9501,0.12,0.878,0.8508,0.8884,0.7411,14,0.4242,0.2878,0.1365,0.4975,10,0.303,0.4733,-0.1703,0.2106,2,0.0606,0.1093,-0.0486,0.0676,4,0.1212,0.0675,0.0537,0.1354,3,0.0909,0.0621,0.0288,0.0888,0.7825,0.4497,0.2729,0.0771,0.1181,0.0821,balanced,False,True
48683,Joe Fortson,KC,29,6,11.3291,0.0,0.8317,0.5088,0.9264,0.1176,0.9414,0.7766,0.8195,0.8145,9,0.3103,0.3635,-0.0531,0.2459,14,0.4828,0.4665,0.0163,0.4651,3,0.1034,0.079,0.0245,0.1327,1,0.0345,0.0537,-0.0192,0.1242,2,0.069,0.0374,0.0316,0.0321,0.7821,0.2808,0.4549,0.1186,0.0985,0.0472,balanced,False,True
45142,Darrell Daniels,ARI,26,5,17.6056,0.0,0.8523,0.375,0.891,0.14,0.9229,0.8308,0.8786,0.8523,8,0.3077,0.2924,0.0153,0.2722,11,0.4231,0.5098,-0.0867,0.4386,4,0.1538,0.0875,0.0664,0.1491,2,0.0769,0.066,0.0109,0.0672,1,0.0385,0.0443,-0.0059,0.0729,0.782,0.2895,0.4406,0.132,0.0685,0.0694,balanced,False,True
46189,Will Dissly,SEA,134,8,108.0562,0.0,0.7847,0.725,0.8343,0.0287,0.7962,0.8725,0.8817,0.723,30,0.2239,0.3202,-0.0964,0.2473,61,0.4552,0.4026,0.0527,0.5283,11,0.0821,0.1063,-0.0242,0.0631,14,0.1045,0.083,0.0214,0.0815,18,0.1343,0.0878,0.0465,0.0798,0.7818,0.2536,0.5209,0.0666,0.0805,0.0783,balanced,True,True
43324,Hunter Henry,NE,227,8,192.3827,0.0,0.7858,0.7,0.8419,0.0362,0.7923,0.773,0.7784,0.7705,40,0.1762,0.3004,-0.1242,0.1792,125,0.5507,0.4438,0.1069,0.5332,35,0.1542,0.1149,0.0393,0.1548,20,0.0881,0.0688,0.0193,0.1077,7,0.0308,0.0721,-0.0413,0.0251,0.7812,0.1864,0.5286,0.1521,0.1058,0.0271,balanced,True,True
44987,Eric Saubert,DEN,70,8,26.3195,0.0,0.8001,0.6637,0.9431,0.0737,0.8473,0.9111,0.9288,0.7728,29,0.4143,0.3918,0.0225,0.491,14,0.2,0.3228,-0.1228,0.2803,10,0.1429,0.0886,0.0543,0.0764,6,0.0857,0.107,-0.0213,0.0537,11,0.1571,0.0899,0.0673,0.0986,0.781,0.4419,0.3269,0.084,0.0585,0.0887,balanced,True,True
47879,Dawson Knox,BUF,167,6,103.9225,0.012,0.7848,0.6823,0.8152,0.036,0.7967,0.7512,0.7587,0.7463,55,0.3293,0.291,0.0384,0.3131,78,0.4671,0.4842,-0.0171,0.469,24,0.1437,0.1162,0.0275,0.1171,6,0.0359,0.0502,-0.0143,0.0306,4,0.024,0.0584,-0.0345,0.0703,0.7803,0.3136,0.4667,0.1158,0.0343,0.0697,balanced,True,True
52451,Cole Kmet,CHI,208,8,185.2914,0.0,0.7816,0.7465,0.8237,0.0198,0.7883,0.7955,0.8015,0.7812,45,0.2163,0.3093,-0.093,0.1998,111,0.5337,0.4422,0.0915,0.5521,22,0.1058,0.1086,-0.0028,0.1074,12,0.0577,0.0727,-0.015,0.0521,18,0.0865,0.0672,0.0193,0.0886,0.7803,0.2062,0.5463,0.1072,0.0531,0.0873,balanced,True,True
47835,Drew Sample,CIN,60,8,45.7024,0.0,0.8122,0.5743,0.9055,0.0965,0.8394,0.8784,0.8991,0.8112,26,0.4333,0.3393,0.094,0.5153,12,0.2,0.3777,-0.1777,0.2103,3,0.05,0.1105,-0.0605,0.0495,8,0.1333,0.0865,0.0468,0.0953,11,0.1833,0.086,0.0973,0.1295,0.7801,0.4787,0.2538,0.0595,0.0907,0.1172,balanced,True,True
44857,Adam Shaheen,MIA,94,6,38.1633,0.0,0.8113,0.5253,0.8781,0.0992,0.8439,0.8468,0.86,0.7638,27,0.2872,0.3556,-0.0683,0.2981,41,0.4362,0.4479,-0.0118,0.4388,6,0.0638,0.0786,-0.0147,0.0231,7,0.0745,0.0654,0.009,0.0817,13,0.1383,0.0525,0.0858,0.1582,0.7785,0.3025,0.4399,0.0404,0.0794,0.1379,balanced,True,True
44075,Garrett Griffin,NO,48,7,17.118,0.0208,0.8318,0.4754,0.9527,0.1303,0.9044,0.9042,0.9301,0.8111,18,0.375,0.3916,-0.0166,0.4802,10,0.2083,0.2564,-0.0481,0.2538,4,0.0833,0.0957,-0.0124,0.0768,12,0.25,0.1338,0.1162,0.1158,4,0.0833,0.1224,-0.0391,0.0734,0.7771,0.4188,0.3259,0.0868,0.0987,0.0697,balanced,False,True
35481,Rob Gronkowski,TB,97,4,90.2941,0.0,0.7743,0.671,0.8012,0.034,0.7881,0.7805,0.7933,0.7976,47,0.4845,0.3127,0.1718,0.4698,29,0.299,0.4385,-0.1395,0.3163,7,0.0722,0.1064,-0.0342,0.0694,3,0.0309,0.0746,-0.0437,0.0225,11,0.1134,0.0678,0.0456,0.1221,0.7711,0.454,0.3296,0.0729,0.0275,0.116,balanced,True,True
45481,Ricky Seals-Jones,WAS,208,8,154.6179,0.0048,0.7717,0.6723,0.8154,0.0395,0.7798,0.7004,0.7064,0.7587,28,0.1346,0.2838,-0.1492,0.2419,125,0.601,0.4894,0.1115,0.4979,32,0.1538,0.1157,0.0382,0.1328,22,0.1058,0.0575,0.0482,0.1223,1,0.0048,0.0536,-0.0487,0.005,0.7678,0.2468,0.4945,0.131,0.119,0.0087,balanced,True,True
53172,Dominique Dafney,GB,18,3,8.3513,0.0,0.7646,0.6357,0.8601,0.0408,0.8762,0.8418,0.8936,0.7646,6,0.3333,0.3521,-0.0187,0.3989,5,0.2778,0.3634,-0.0856,0.2712,3,0.1667,0.0921,0.0745,0.2775,4,0.2222,0.1089,0.1133,0.0523,0,0.0,0.0834,-0.0834,0.0,0.7612,0.3542,0.3672,0.1805,0.0626,0.0354,chip-and-release specialist,False,True
45594,Colin Thompson,CAR,16,7,4.0272,0.0625,0.7794,0.4583,0.8015,0.0969,1.0108,0.7774,0.8356,0.7347,6,0.375,0.3811,-0.0061,0.2252,1,0.0625,0.1421,-0.0796,0.4757,0,0.0,0.117,-0.117,0.0,4,0.25,0.1673,0.0827,0.1282,5,0.3125,0.1926,0.1199,0.1709,0.7605,0.2926,0.4527,0.0745,0.0867,0.0934,inline blocker,False,True
47904,Trevon Wesco,NYJ,32,6,9.8758,0.0625,0.7691,0.5917,0.8086,0.0658,0.8949,0.8122,0.851,0.7283,16,0.5,0.4248,0.0752,0.5267,4,0.125,0.2229,-0.0979,0.089,4,0.125,0.0968,0.0282,0.245,7,0.2188,0.1356,0.0831,0.1142,1,0.0312,0.1199,-0.0886,0.0251,0.7604,0.4196,0.2716,0.1721,0.0919,0.0449,chip-and-release specialist,False,True
43845,Stephen Anderson,LAC,40,7,11.2397,0.025,0.7748,0.4772,0.8153,0.0896,0.8577,0.7019,0.7252,0.7748,22,0.55,0.4421,0.1079,0.3907,3,0.075,0.1633,-0.0883,0.1859,10,0.25,0.1024,0.1476,0.3449,5,0.125,0.1488,-0.0238,0.0786,0,0.0,0.1434,-0.1434,0.0,0.7593,0.3559,0.3103,0.2283,0.0748,0.0307,chip-and-release specialist,False,True
45339,Pharaoh Brown,HOU,103,7,71.9324,0.0,0.7696,0.5959,0.8837,0.0755,0.7868,0.8073,0.8193,0.7542,56,0.5437,0.3394,0.2043,0.59,12,0.1165,0.3811,-0.2646,0.1201,6,0.0583,0.0974,-0.0392,0.0917,14,0.1359,0.098,0.0379,0.1203,15,0.1456,0.0841,0.0615,0.0779,0.7588,0.5555,0.1613,0.0931,0.114,0.0761,balanced,True,True
40615,Demetrius Harris,ARI,43,7,25.8155,0.0,0.7723,0.4931,0.8595,0.0917,0.8205,0.8143,0.8432,0.78,21,0.4884,0.3344,0.154,0.4882,9,0.2093,0.471,-0.2617,0.2479,1,0.0233,0.0829,-0.0597,0.0064,5,0.1163,0.0677,0.0486,0.0884,7,0.1628,0.0441,0.1187,0.1691,0.7573,0.4393,0.3044,0.0343,0.0833,0.1386,inline blocker,False,True
44959,George Kittle,SF,126,4,70.7827,0.0238,0.758,0.6578,0.7957,0.0318,0.7756,0.8073,0.8171,0.7487,47,0.373,0.3162,0.0568,0.3843,51,0.4048,0.4435,-0.0387,0.4355,7,0.0556,0.1081,-0.0525,0.0268,14,0.1111,0.0613,0.0498,0.0826,7,0.0556,0.0709,-0.0154,0.0708,0.7563,0.3758,0.4366,0.0366,0.0811,0.0699,balanced,True,True
39109,Derek Carrier,LV,16,4,9.975,0.0,0.7614,0.4113,0.7763,0.1049,0.8549,0.7104,0.7686,0.7614,8,0.5,0.3567,0.1433,0.5139,5,0.3125,0.5396,-0.2271,0.1788,2,0.125,0.0346,0.0904,0.1531,1,0.0625,0.0352,0.0273,0.1542,0,0.0,0.0339,-0.0339,0.0,0.7487,0.4139,0.3145,0.1276,0.1115,0.0326,balanced,False,True
52962,Tyler Mabry,SEA,6,3,2.984,0.0,0.7503,-0.0,0.7503,0.1661,1.0626,0.8262,0.9815,0.7503,1,0.1667,0.3627,-0.196,0.1348,2,0.3333,0.2521,0.0812,0.1829,1,0.1667,0.0977,0.069,0.5271,0,0.0,0.1516,-0.1516,0.0,2,0.3333,0.1359,0.1974,0.1551,0.7385,0.2778,0.3859,0.1972,0.0551,0.0839,chip-and-release specialist,False,True
46226,Tyler Conklin,MIN,217,7,119.5071,0.0184,0.7375,0.6449,0.7952,0.037,0.7479,0.7482,0.7539,0.7322,131,0.6037,0.3258,0.2779,0.5872,26,0.1198,0.41,-0.2902,0.1993,17,0.0783,0.1132,-0.0348,0.0473,14,0.0645,0.0622,0.0023,0.0631,29,0.1336,0.0887,0.0449,0.1031,0.7371,0.5656,0.219,0.0518,0.0637,0.0999,balanced,True,True
40641,Jack Doyle,IND,144,8,124.0593,0.0,0.7365,0.6861,0.7719,0.0236,0.7465,0.7518,0.7604,0.7198,53,0.3681,0.2934,0.0747,0.417,65,0.4514,0.4708,-0.0194,0.4173,10,0.0694,0.1125,-0.0431,0.0616,13,0.0903,0.0642,0.0261,0.0857,3,0.0208,0.0591,-0.0383,0.0185,0.7364,0.4093,0.4194,0.0648,0.0845,0.022,balanced,True,True
46167,Jordan Akins,HOU,154,8,103.4279,0.0,0.7319,0.6241,0.8098,0.0474,0.7439,0.7339,0.7419,0.6946,76,0.4935,0.2921,0.2014,0.5499,49,0.3182,0.4938,-0.1756,0.2654,15,0.0974,0.1074,-0.01,0.0753,13,0.0844,0.0596,0.0248,0.0835,1,0.0065,0.0471,-0.0406,0.026,0.732,0.5286,0.2818,0.0779,0.0823,0.0295,balanced,True,True
53484,Pat Freiermuth,PIT,126,7,81.3464,0.0238,0.7226,0.5565,0.7481,0.0476,0.7379,0.6224,0.6323,0.723,58,0.4603,0.2819,0.1784,0.4758,58,0.4603,0.5545,-0.0942,0.3556,3,0.0238,0.0991,-0.0753,0.1149,3,0.0238,0.0364,-0.0126,0.0218,4,0.0317,0.028,0.0037,0.0319,0.724,0.4579,0.3656,0.1135,0.0274,0.0355,balanced,True,True
52523,Harrison Bryant,CLE,79,8,37.6793,0.0127,0.7166,0.5052,0.8458,0.0891,0.7496,0.7396,0.7553,0.692,30,0.3797,0.3937,-0.0139,0.277,35,0.443,0.325,0.118,0.5452,8,0.1013,0.0798,0.0214,0.1048,5,0.0633,0.1118,-0.0485,0.0561,1,0.0127,0.0897,-0.077,0.0169,0.7225,0.286,0.5232,0.1044,0.0593,0.0271,balanced,True,True
46118,Dallas Goedert,PHI,155,7,85.3456,0.0258,0.7159,0.608,0.7721,0.0415,0.7305,0.6818,0.6898,0.6957,51,0.329,0.3081,0.021,0.3272,84,0.5419,0.5193,0.0226,0.5098,9,0.0581,0.0978,-0.0397,0.0435,7,0.0452,0.0415,0.0037,0.1001,4,0.0258,0.0334,-0.0076,0.0194,0.7178,0.3262,0.5026,0.05,0.0969,0.0242,balanced,True,True
53574,Luke Farrell,JAX,51,7,46.4948,0.0,0.7096,0.4888,0.8151,0.0846,0.7363,0.7614,0.7857,0.6891,17,0.3333,0.3145,0.0189,0.3429,24,0.4706,0.4276,0.043,0.5013,5,0.098,0.1128,-0.0148,0.0897,4,0.0784,0.0789,-0.0005,0.0528,1,0.0196,0.0662,-0.0466,0.0132,0.7175,0.3385,0.4907,0.0922,0.0561,0.0225,balanced,True,True
44856,Gerald Everett,SEA,123,6,102.9737,0.0,0.7161,0.6655,0.761,0.0245,0.7282,0.717,0.7271,0.7079,34,0.2764,0.2896,-0.0132,0.3051,67,0.5447,0.4989,0.0458,0.5267,13,0.1057,0.1081,-0.0024,0.0873,7,0.0569,0.0563,0.0006,0.0674,2,0.0163,0.0471,-0.0308,0.0135,0.7168,0.3063,0.5191,0.0888,0.0677,0.0181,balanced,True,True
42516,James O'Shaughnessy,JAX,38,2,19.2122,0.0263,0.6284,-0.0,0.6328,0.2727,0.6607,0.5676,0.5839,0.6284,7,0.1842,0.267,-0.0828,0.3849,24,0.6316,0.5259,0.1057,0.4622,7,0.1842,0.1195,0.0647,0.1529,0,0.0,0.044,-0.044,0.0,0,0.0,0.0436,-0.0436,0.0,0.7163,0.3615,0.4557,0.1354,0.025,0.0224,balanced,False,True
53512,Tommy Tremble,CAR,110,8,91.4385,0.0,0.7136,0.6421,0.7369,0.0239,0.7238,0.7308,0.7393,0.7136,41,0.3727,0.3093,0.0634,0.3707,48,0.4364,0.4062,0.0301,0.4564,9,0.0818,0.1154,-0.0336,0.0787,12,0.1091,0.0879,0.0212,0.0941,0,0.0,0.0812,-0.0812,0.0,0.7143,0.3654,0.4551,0.0813,0.0917,0.0065,balanced,True,True
46206,Dalton Schultz,DAL,189,7,158.0392,0.0053,0.7113,0.643,0.7643,0.031,0.7192,0.7436,0.7502,0.7265,58,0.3069,0.3001,0.0068,0.3525,94,0.4974,0.4498,0.0475,0.4889,20,0.1058,0.1084,-0.0026,0.0857,2,0.0106,0.0715,-0.0609,0.0084,15,0.0794,0.0701,0.0092,0.0645,0.7127,0.3504,0.4861,0.0868,0.0122,0.0645,balanced,True,True
47840,J.J. Arcega-Whiteside,PHI,19,7,14.4338,0.0,0.6719,0.3839,0.8182,0.1146,0.7364,0.7138,0.7629,0.6719,1,0.0526,0.3174,-0.2648,0.0427,10,0.5263,0.4668,0.0595,0.5608,4,0.2105,0.1093,0.1013,0.2596,4,0.2105,0.0529,0.1577,0.1369,0,0.0,0.0537,-0.0537,0.0,0.7015,0.1587,0.5116,0.1939,0.1091,0.0267,chip-and-release specialist,False,True
41349,Logan Thomas,WAS,100,4,57.6045,0.0,0.6803,0.4407,0.716,0.0914,0.7019,0.5023,0.5147,0.6418,14,0.14,0.2688,-0.1288,0.2842,76,0.76,0.5332,0.2268,0.569,4,0.04,0.1181,-0.0781,0.029,5,0.05,0.0418,0.0082,0.0921,1,0.01,0.0381,-0.0281,0.0258,0.7,0.2895,0.5498,0.0404,0.0888,0.0316,receiving specialist,True,True
34540,Jared Cook,LAC,205,7,174.1179,0.0,0.6946,0.6263,0.7359,0.0293,0.7017,0.6655,0.6715,0.6848,46,0.2244,0.3032,-0.0788,0.2523,124,0.6049,0.4742,0.1307,0.5672,22,0.1073,0.1096,-0.0023,0.0998,12,0.0585,0.0584,0.0002,0.0767,1,0.0049,0.0546,-0.0497,0.004,0.6968,0.2561,0.5602,0.1,0.0763,0.0074,balanced,True,True
53896,Tory Carter,TEN,1,1,1.0,0.0,-0.0,-0.0,0.0,0.0,0.0,-0.0,0.0,-0.0,1,1.0,0.5185,0.4815,1.0,0,0.0,0.0247,-0.0247,0.0,0,0.0,0.0864,-0.0864,0.0,0,0.0,0.2099,-0.2099,0.0,0,0.0,0.1605,-0.1605,0.0,0.6937,0.378,0.4051,0.0942,0.0646,0.0581,receiving specialist,False,True
53526,Tre' McKitty,LAC,1,1,1.0,0.0,-0.0,-0.0,0.0,0.0,0.0,-0.0,0.0,-0.0,1,1.0,0.3989,0.6011,1.0,0,0.0,0.4714,-0.4714,0.0,0,0.0,0.0599,-0.0599,0.0,0,0.0,0.0447,-0.0447,0.0,0,0.0,0.025,-0.025,0.0,0.6937,0.378,0.4051,0.0942,0.0646,0.0581,receiving specialist,False,True
46797,Tanner Hudson,SF,1,1,1.0,0.0,-0.0,-0.0,0.0,0.0,0.0,-0.0,0.0,-0.0,0,0.0,0.4982,-0.4982,0.0,0,0.0,0.0627,-0.0627,0.0,0,0.0,0.1033,-0.1033,0.0,0,0.0,0.1476,-0.1476,0.0,1,1.0,0.1882,0.8118,1.0,0.6937,0.2908,0.4051,0.0942,0.0646,0.1453,inline blocker,False,True
45785,Dan Arnold,JAX,165,7,98.0598,0.0121,0.6759,0.4738,0.7678,0.0768,0.6886,0.5892,0.5967,0.6392,27,0.1636,0.2718,-0.1082,0.2185,115,0.697,0.5301,0.1669,0.6227,13,0.0788,0.117,-0.0383,0.071,8,0.0485,0.0443,0.0042,0.0529,2,0.0121,0.0368,-0.0246,0.0349,0.6929,0.2281,0.6054,0.0741,0.0546,0.0377,balanced,True,True
53724,Matt Bushman,LV,2,1,1.4197,0.0,0.2932,0.2932,0.2932,0.0,0.512,0.4307,0.586,0.2932,1,0.5,0.3194,0.1806,0.8196,1,0.5,0.5995,-0.0995,0.1804,0,0.0,0.0442,-0.0442,0.0,0,0.0,0.0224,-0.0224,0.0,0,0.0,0.0146,-0.0146,0.0,0.6882,0.3784,0.4124,0.0909,0.0623,0.056,receiving specialist,False,True
53591,Noah Gray,KC,43,6,30.677,0.0,0.6348,0.2772,0.6844,0.1248,0.6753,0.7584,0.7873,0.651,8,0.186,0.3654,-0.1794,0.1195,25,0.5814,0.4086,0.1728,0.6798,3,0.0698,0.0937,-0.024,0.0844,4,0.093,0.0643,0.0287,0.016,3,0.0698,0.0679,0.0019,0.1003,0.6867,0.1702,0.6197,0.0892,0.0299,0.091,balanced,False,True
44009,J.P. Holtz,CHI,10,4,3.0435,0.1,0.5407,-0.0,0.6609,0.1888,0.7449,0.6766,0.7387,0.5407,4,0.4,0.3944,0.0056,0.1917,3,0.3,0.3811,-0.0811,0.1458,0,0.0,0.0593,-0.0593,0.0,3,0.3,0.0842,0.2158,0.6625,0,0.0,0.081,-0.081,0.0,0.6791,0.29,0.3767,0.08,0.2041,0.0493,inline blocker,False,True
45532,Blake Jarwin,DAL,128,7,105.6136,0.0,0.6764,0.6246,0.7222,0.0243,0.6881,0.7197,0.7294,0.6764,38,0.2969,0.3076,-0.0108,0.2658,67,0.5234,0.4438,0.0796,0.5849,10,0.0781,0.1023,-0.0242,0.0678,12,0.0938,0.0786,0.0151,0.0683,1,0.0078,0.0676,-0.0598,0.0131,0.6787,0.2706,0.5722,0.071,0.0685,0.0177,receiving specialist,True,True
41327,Richard Rodgers,PHI,3,2,1.8729,0.0,0.5097,-0.0,0.5097,0.2028,0.8414,0.6826,0.8897,0.5097,1,0.3333,0.4576,-0.1243,0.1505,1,0.3333,0.376,-0.0427,0.1505,1,0.3333,0.0493,0.2841,0.699,0,0.0,0.0555,-0.0555,0.0,0,0.0,0.0616,-0.0616,0.0,0.6767,0.2931,0.3993,0.1936,0.06,0.054,chip-and-release specialist,False,True
41236,Eric Ebron,PIT,113,6,79.6524,0.0177,0.6593,0.5219,0.7577,0.0627,0.6749,0.6029,0.6139,0.6456,75,0.6637,0.2826,0.3811,0.6419,24,0.2124,0.5415,-0.3291,0.193,9,0.0796,0.1012,-0.0216,0.0827,3,0.0265,0.0395,-0.013,0.0609,2,0.0177,0.0352,-0.0175,0.0215,0.6756,0.6043,0.2221,0.0851,0.0621,0.0264,balanced,True,True
48475,Chris Myarick,NYG,3,1,2.4132,0.0,0.3251,0.3251,0.3251,0.0,0.4538,0.3955,0.499,0.4253,0,0.0,0.3752,-0.3752,0.0,0,0.0,0.1991,-0.1991,0.0,0,0.0,0.1037,-0.1037,0.0,1,0.3333,0.1803,0.153,0.2171,2,0.6667,0.1417,0.525,0.7829,0.6738,0.2589,0.3607,0.0839,0.0982,0.1984,inline blocker,False,True
43206,Ross Travis,ARI,2,1,1.0928,0.0,0.113,0.113,0.113,0.0,0.3973,0.4307,0.586,0.113,1,0.5,0.342,0.158,0.9556,0,0.0,0.5092,-0.5092,0.0,1,0.5,0.078,0.422,0.0444,0,0.0,0.0453,-0.0453,0.0,0,0.0,0.0255,-0.0255,0.0,0.67,0.3788,0.4019,0.0977,0.0641,0.0576,receiving specialist,False,True
47791,T.J. Hockenson,DET,292,8,182.0107,0.0034,0.6619,0.586,0.7066,0.0318,0.6688,0.627,0.6312,0.6559,74,0.2534,0.2931,-0.0396,0.2899,181,0.6199,0.4917,0.1282,0.5709,25,0.0856,0.113,-0.0274,0.0877,9,0.0308,0.0486,-0.0178,0.0447,3,0.0103,0.0537,-0.0434,0.0068,0.6668,0.2915,0.564,0.0885,0.0461,0.0099,receiving specialist,True,True
43079,Daniel Brown,NYJ,6,2,6.0,0.0,0.6284,0.4307,0.646,0.0878,0.732,0.6284,0.732,0.6284,1,0.1667,0.2635,-0.0968,0.1667,2,0.3333,0.5589,-0.2256,0.3333,3,0.5,0.1128,0.3872,0.5,0,0.0,0.0363,-0.0363,0.0,0,0.0,0.0285,-0.0285,0.0,0.6658,0.2632,0.4036,0.2478,0.045,0.0404,chip-and-release specialist,False,True
53570,Jacob Harris,LA,2,1,2.0,0.0,-0.0,-0.0,0.0,0.0,0.0,-0.0,0.0,-0.0,0,0.0,0.3989,-0.3989,0.0,2,1.0,0.4714,0.5286,1.0,0,0.0,0.0599,-0.0599,0.0,0,0.0,0.0447,-0.0447,0.0,0,0.0,0.025,-0.025,0.0,0.6586,0.2675,0.533,0.0867,0.0594,0.0534,receiving specialist,False,True
52614,Tyler Davis,GB,2,1,2.0,0.0,-0.0,-0.0,0.0,0.0,0.0,-0.0,0.0,-0.0,0,0.0,0.3576,-0.3576,0.0,0,0.0,0.0712,-0.0712,0.0,0,0.0,0.1291,-0.1291,0.0,0,0.0,0.2418,-0.2418,0.0,2,1.0,0.2003,0.7997,1.0,0.6586,0.2675,0.3726,0.0867,0.0594,0.2138,inline blocker,False,True
53556,Kylen Granson,IND,40,8,27.0804,0.025,0.6132,0.34,0.694,0.0901,0.6591,0.6413,0.6724,0.6132,10,0.25,0.3109,-0.0609,0.2963,25,0.625,0.5172,0.1078,0.6067,2,0.05,0.0993,-0.0493,0.0384,2,0.05,0.0406,0.0094,0.0449,1,0.025,0.032,-0.007,0.0137,0.6575,0.3025,0.5613,0.0565,0.0521,0.0276,receiving specialist,False,True
45635,Robert Tonyan,GB,164,8,126.7169,0.0,0.6449,0.5504,0.7054,0.0387,0.6523,0.6349,0.6405,0.6449,46,0.2805,0.2809,-0.0005,0.3963,95,0.5793,0.4979,0.0814,0.4864,18,0.1098,0.1038,0.006,0.0848,5,0.0305,0.0632,-0.0327,0.0325,0,0.0,0.0542,-0.0542,0.0,0.6535,0.3903,0.4832,0.0862,0.0354,0.0049,receiving specialist,True,True
44967,Jeremy Sprinkle,DAL,8,4,2.9639,0.0,0.4454,0.1798,0.8372,0.1845,0.8646,0.9284,1.0837,0.4454,1,0.125,0.4105,-0.2855,0.0227,2,0.25,0.3327,-0.0827,0.0519,1,0.125,0.0829,0.0421,0.0876,3,0.375,0.093,0.282,0.8118,1,0.125,0.0808,0.0442,0.026,0.6498,0.2533,0.3573,0.0998,0.2343,0.0553,inline blocker,False,True
39983,Zach Ertz,PHI,168,8,144.8178,0.006,0.6155,0.46,0.7548,0.0751,0.6241,0.641,0.6484,0.6118,52,0.3095,0.2941,0.0154,0.2848,96,0.5714,0.5451,0.0263,0.6057,14,0.0833,0.0984,-0.015,0.0772,4,0.0238,0.0358,-0.012,0.0215,2,0.0119,0.0266,-0.0147,0.0108,0.6495,0.2871,0.5948,0.0789,0.0248,0.0144,receiving specialist,True,True
48766,Kendall Blanton,LA,6,1,2.4789,0.0,0.4024,0.4024,0.4024,0.0,0.6531,0.6284,0.732,0.4024,3,0.5,0.2991,0.2009,0.7789,2,0.3333,0.4871,-0.1538,0.17,0,0.0,0.1039,-0.1039,0.0,0,0.0,0.0493,-0.0493,0.0,1,0.1667,0.0607,0.106,0.051,0.6494,0.4067,0.3914,0.0835,0.0572,0.0612,receiving specialist,False,True
45281,Jacob Hollister,JAX,40,4,25.4223,0.025,0.4891,0.3073,0.8012,0.1613,0.5257,0.5514,0.5747,0.4891,9,0.225,0.2893,-0.0643,0.1804,27,0.675,0.5056,0.1694,0.7367,1,0.025,0.1134,-0.0884,0.0207,3,0.075,0.0489,0.0261,0.0622,0,0.0,0.0428,-0.0428,0.0,0.6483,0.2207,0.6513,0.0448,0.0647,0.0186,receiving specialist,False,True
52673,Mitchell Wilcox,CIN,8,6,2.2418,0.125,0.5247,0.2025,0.5881,0.1374,0.8018,0.6054,0.683,0.5247,4,0.5,0.4552,0.0448,0.6827,3,0.375,0.3126,0.0624,0.1506,0,0.0,0.0904,-0.0904,0.0,0,0.0,0.0844,-0.0844,0.0,1,0.125,0.0574,0.0676,0.1668,0.6449,0.3828,0.3921,0.085,0.0583,0.0818,balanced,False,True
52541,Colby Parkinson,SEA,39,5,20.388,0.0,0.6059,0.5174,0.7582,0.0736,0.6669,0.8285,0.8603,0.5564,6,0.1538,0.3462,-0.1923,0.1351,20,0.5128,0.4108,0.102,0.6984,3,0.0769,0.0872,-0.0103,0.0283,7,0.1795,0.084,0.0955,0.1017,3,0.0769,0.0718,0.0051,0.0364,0.6417,0.1974,0.612,0.0537,0.0912,0.0456,balanced,False,True
48723,Parker Hesse,ATL,4,2,3.6911,0.0,0.4259,-0.0,0.4259,0.1805,0.51,0.4307,0.5083,0.4259,2,0.5,0.4153,0.0847,0.438,2,0.5,0.3578,0.1422,0.562,0,0.0,0.0917,-0.0917,0.0,0,0.0,0.0693,-0.0693,0.0,0,0.0,0.0659,-0.0659,0.0,0.6414,0.3497,0.4746,0.0763,0.0523,0.047,receiving specialist,False,True
53510,Hunter Long,MIA,8,2,3.7542,0.0,0.5455,0.2932,0.61,0.1181,0.7938,0.8207,0.9372,0.5112,3,0.375,0.4322,-0.0572,0.6975,2,0.25,0.3297,-0.0797,0.1515,0,0.0,0.0667,-0.0667,0.0,2,0.25,0.0788,0.1712,0.0181,1,0.125,0.0926,0.0324,0.133,0.6396,0.4186,0.3667,0.076,0.0569,0.0819,balanced,False,True
52942,Juwan Johnson,NO,59,7,25.6147,0.0169,0.5606,0.2499,0.6302,0.1071,0.597,0.4941,0.5099,0.5606,11,0.1864,0.3199,-0.1334,0.2736,43,0.7288,0.4867,0.2421,0.6144,4,0.0678,0.096,-0.0282,0.1115,0,0.0,0.0517,-0.0517,0.0,1,0.0169,0.0457,-0.0288,0.0005,0.6388,0.2867,0.5649,0.1091,0.0205,0.0188,receiving specialist,True,True
44835,Evan Engram,NYG,170,6,145.6176,0.0059,0.623,0.5537,0.668,0.0298,0.6294,0.5782,0.5837,0.623,26,0.1529,0.3213,-0.1684,0.1787,116,0.6824,0.4707,0.2116,0.6425,22,0.1294,0.1041,0.0253,0.1319,6,0.0353,0.0563,-0.021,0.0469,0,0.0,0.0475,-0.0475,0.0,0.6296,0.1881,0.6292,0.13,0.0485,0.0043,balanced,True,True
48700,Jesper Horsted,CHI,3,2,1.8729,0.0,-0.0,-0.0,0.0,0.0,0.0,-0.0,0.0,-0.0,0,0.0,0.4422,-0.4422,0.0,3,1.0,0.388,0.612,1.0,0,0.0,0.0509,-0.0509,0.0,0,0.0,0.0543,-0.0543,0.0,0,0.0,0.0646,-0.0646,0.0,0.6269,0.2702,0.5282,0.0876,0.06,0.054,receiving specialist,False,True
46176,Christopher Herndon,MIN,29,7,8.4736,0.069,0.5516,0.3054,0.688,0.0971,0.6616,0.6979,0.73,0.5516,15,0.5172,0.3424,0.1749,0.5926,9,0.3103,0.314,-0.0036,0.3474,3,0.1034,0.1112,-0.0078,0.0317,2,0.069,0.1205,-0.0515,0.0283,0,0.0,0.112,-0.112,0.0,0.6251,0.4411,0.4007,0.0712,0.0518,0.0352,receiving specialist,False,True
48096,Andrew Beck,DEN,8,5,1.9244,0.125,0.5057,0.1782,0.5135,0.1218,0.8286,0.5594,0.637,0.5057,5,0.625,0.466,0.159,0.0995,1,0.125,0.1903,-0.0653,0.6898,0,0.0,0.0891,-0.0891,0.0,2,0.25,0.1451,0.1049,0.2107,0,0.0,0.1094,-0.1094,0.0,0.6233,0.2846,0.482,0.0872,0.0925,0.0537,balanced,False,True
35534,Jimmy Graham,CHI,50,6,36.9258,0.0,0.6097,0.5078,0.6686,0.0402,0.6433,0.6767,0.7015,0.5875,11,0.22,0.3386,-0.1186,0.2159,31,0.62,0.4205,0.1995,0.6613,4,0.08,0.0946,-0.0146,0.0712,2,0.04,0.08,-0.04,0.0241,2,0.04,0.0663,-0.0263,0.0275,0.6226,0.2386,0.6133,0.0782,0.0344,0.0355,receiving specialist,True,True
46544,Deon Yelder,TB,4,1,1.6201,0.0,0.1128,0.1128,0.1128,0.0,0.3046,0.4307,0.5083,0.1128,0,0.0,0.2499,-0.2499,0.0,2,0.5,0.5318,-0.0318,0.0444,2,0.5,0.0868,0.4132,0.9556,0,0.0,0.0722,-0.0722,0.0,0,0.0,0.0593,-0.0593,0.0,0.6189,0.2759,0.3903,0.2174,0.0613,0.0551,chip-and-release specialist,False,True
45217,Cethan Carter,MIA,16,5,7.2472,0.0,0.3257,0.1024,0.6541,0.1638,0.4114,0.5726,0.6114,0.3257,3,0.1875,0.4047,-0.2172,0.0519,10,0.625,0.3371,0.2879,0.8478,0,0.0,0.0884,-0.0884,0.0,3,0.1875,0.089,0.0985,0.1002,0,0.0,0.0808,-0.0808,0.0,0.5945,0.2095,0.6091,0.061,0.0828,0.0376,receiving specialist,False,True
40011,Travis Kelce,KC,304,8,205.6853,0.0066,0.5811,0.5012,0.6208,0.0316,0.5871,0.506,0.5101,0.5793,51,0.1678,0.2977,-0.1299,0.1986,225,0.7401,0.5036,0.2365,0.6764,20,0.0658,0.1095,-0.0437,0.0932,5,0.0164,0.0455,-0.029,0.0231,3,0.0099,0.0437,-0.0339,0.0088,0.5913,0.2044,0.6651,0.0937,0.0254,0.0114,receiving specialist,True,True
45355,Anthony Firkser,TEN,118,6,70.1137,0.0169,0.5544,0.3897,0.6131,0.0582,0.5677,0.5339,0.5418,0.5544,5,0.0424,0.2837,-0.2414,0.068,74,0.6271,0.5316,0.0955,0.6311,37,0.3136,0.1105,0.2031,0.2866,2,0.0169,0.04,-0.0231,0.0143,0,0.0,0.0342,-0.0342,0.0,0.5896,0.1006,0.6067,0.2628,0.0216,0.0083,chip-and-release specialist,True,True
42033,Cameron Brate,TB,159,8,128.9799,0.0,0.5461,0.4485,0.6139,0.0432,0.5533,0.553,0.5588,0.5461,56,0.3522,0.3066,0.0456,0.3814,92,0.5786,0.476,0.1026,0.5539,10,0.0629,0.1087,-0.0458,0.0632,1,0.0063,0.0584,-0.0521,0.0015,0,0.0,0.0504,-0.0504,0.0,0.5683,0.3767,0.5457,0.0662,0.0067,0.0048,receiving specialist,True,True
53576,Brevin Jordan,HOU,10,1,9.29,0.0,0.2667,0.2667,0.2667,0.0,0.3336,0.3971,0.4592,0.2667,8,0.8,0.2952,0.5048,0.8737,1,0.1,0.498,-0.398,0.1092,0,0.0,0.1184,-0.1184,0.0,0,0.0,0.0519,-0.0519,0.0,1,0.1,0.0365,0.0635,0.0171,0.565,0.5796,0.2865,0.0547,0.0375,0.0417,receiving specialist,False,True
52725,Ben Ellefson,MIN,17,4,7.6352,0.0,0.4282,0.2356,0.5931,0.0999,0.5096,0.574,0.6106,0.4451,10,0.5882,0.4412,0.1471,0.7587,0,0.0,0.1149,-0.1149,0.0,0,0.0,0.1007,-0.1007,0.0,2,0.1176,0.1531,-0.0355,0.0611,5,0.2941,0.1901,0.104,0.1802,0.556,0.5042,0.2566,0.0597,0.0667,0.1128,balanced,False,True
53433,Kyle Pitts,ATL,245,7,136.2928,0.0,0.4655,0.2954,0.5486,0.0653,0.4746,0.4018,0.4068,0.4591,40,0.1633,0.3419,-0.1786,0.212,195,0.7959,0.4554,0.3406,0.7376,5,0.0204,0.081,-0.0606,0.0245,4,0.0163,0.0671,-0.0507,0.0224,1,0.0041,0.0547,-0.0506,0.0035,0.5286,0.2196,0.7167,0.0301,0.0258,0.0078,receiving specialist,True,True
46155,Mark Andrews,BAL,216,7,111.5454,0.0278,0.4999,0.406,0.5596,0.0387,0.5083,0.516,0.5203,0.4999,52,0.2407,0.2967,-0.0559,0.2082,148,0.6852,0.5055,0.1797,0.7145,13,0.0602,0.0989,-0.0388,0.0611,3,0.0139,0.0591,-0.0452,0.0162,0,0.0,0.0398,-0.0398,0.0,0.5227,0.2177,0.6912,0.0647,0.0209,0.0055,receiving specialist,True,True
47852,Josh Oliver,BAL,57,7,34.8752,0.0,0.4321,0.2986,0.5397,0.0588,0.45,0.5868,0.5977,0.4321,14,0.2456,0.3014,-0.0558,0.0822,34,0.5965,0.5214,0.0751,0.7662,9,0.1579,0.0912,0.0667,0.1516,0,0.0,0.0533,-0.0533,0.0,0,0.0,0.0327,-0.0327,0.0,0.4924,0.1368,0.6917,0.1405,0.0163,0.0147,balanced,True,True
46915,Codey McElroy,TB,2,2,1.1288,0.0,0.1423,-0.0,0.1423,0.0711,0.4175,0.4307,0.586,0.1423,1,0.5,0.4044,0.0956,0.0607,1,0.5,0.3379,0.1621,0.9393,0,0.0,0.1028,-0.1028,0.0,0,0.0,0.0713,-0.0713,0.0,0,0.0,0.0836,-0.0836,0.0,0.3007,0.2935,0.492,0.0932,0.0639,0.0574,receiving specialist,False,True
46111,Mike Gesicki,MIA,243,8,142.2851,0.0,0.2418,0.1481,0.3039,0.0415,0.2484,0.2452,0.2491,0.2418,12,0.0494,0.3298,-0.2804,0.0487,221,0.9095,0.5061,0.4034,0.9111,5,0.0206,0.0878,-0.0673,0.0195,5,0.0206,0.0438,-0.0232,0.0207,0,0.0,0.0325,-0.0325,0.0,0.2963,0.0672,0.879,0.0252,0.0242,0.0044,receiving specialist,True,True
