T_rel,min_sep,min_lane,is_default,league_etr,league_etr_route,spearman_vs_default,n_players,target_lift
0.8,2.0,0.5,False,0.01,0.0116,0.2538,67,1.256
0.8,2.0,1.0,False,0.0078,0.0091,0.3702,67,1.396
0.8,2.0,1.5,False,0.0063,0.0073,0.4039,67,1.428
0.8,2.5,0.5,False,0.0085,0.0099,0.2146,67,1.066
0.8,2.5,1.0,False,0.0065,0.0075,0.2851,67,1.17
0.8,2.5,1.5,False,0.0051,0.0059,0.3309,67,1.193
0.8,3.0,0.5,False,0.0064,0.0074,0.1776,67,0.808
0.8,3.0,1.0,False,0.005,0.0058,0.3157,67,0.853
0.8,3.0,1.5,False,0.0039,0.0045,0.2883,67,0.961
1.0,2.0,0.5,False,0.058,0.0672,0.7778,67,1.223
1.0,2.0,1.0,False,0.0463,0.0537,0.8479,67,1.277
1.0,2.0,1.5,False,0.0358,0.0415,0.7923,67,1.394
1.0,2.5,0.5,False,0.0481,0.0557,0.8064,67,1.217
1.0,2.5,1.0,False,0.0386,0.0447,0.9091,67,1.234
1.0,2.5,1.5,False,0.029,0.0336,0.8696,67,1.379
1.0,3.0,0.5,False,0.0388,0.0449,0.76,67,1.281
1.0,3.0,1.0,False,0.0301,0.0349,0.8254,67,1.263
1.0,3.0,1.5,False,0.0226,0.0262,0.7953,67,1.429
1.1,2.0,0.5,False,0.0823,0.0953,0.8519,67,1.247
1.1,2.0,1.0,False,0.0664,0.0769,0.9381,67,1.291
1.1,2.0,1.5,False,0.0507,0.0588,0.8835,67,1.36
1.1,2.5,0.5,False,0.0675,0.0783,0.9173,67,1.239
1.1,2.5,1.0,True,0.0549,0.0636,1.0,67,1.251
1.1,2.5,1.5,False,0.0412,0.0477,0.9364,67,1.344
1.1,3.0,0.5,False,0.0546,0.0633,0.8707,67,1.316
1.1,3.0,1.0,False,0.0435,0.0504,0.9165,67,1.321
1.1,3.0,1.5,False,0.0321,0.0372,0.8583,67,1.386
1.2,2.0,0.5,False,0.0973,0.1127,0.8355,67,1.219
1.2,2.0,1.0,False,0.0777,0.09,0.8922,67,1.233
1.2,2.0,1.5,False,0.0584,0.0676,0.836,67,1.317
1.2,2.5,0.5,False,0.0801,0.0928,0.8772,67,1.182
1.2,2.5,1.0,False,0.0646,0.0748,0.9469,67,1.201
1.2,2.5,1.5,False,0.0482,0.0559,0.8832,67,1.295
1.2,3.0,0.5,False,0.0636,0.0737,0.8168,67,1.246
1.2,3.0,1.0,False,0.0507,0.0588,0.8717,67,1.232
1.2,3.0,1.5,False,0.0375,0.0434,0.8179,67,1.313
1.5,2.0,0.5,False,0.1104,0.1279,0.801,67,1.235
1.5,2.0,1.0,False,0.0875,0.1014,0.8787,67,1.25
1.5,2.0,1.5,False,0.0653,0.0757,0.8042,67,1.352
1.5,2.5,0.5,False,0.0908,0.1051,0.8689,67,1.204
1.5,2.5,1.0,False,0.0728,0.0843,0.9267,67,1.22
1.5,2.5,1.5,False,0.054,0.0625,0.8571,67,1.301
1.5,3.0,0.5,False,0.0721,0.0836,0.7994,67,1.254
1.5,3.0,1.0,False,0.0574,0.0665,0.8518,67,1.24
1.5,3.0,1.5,False,0.0428,0.0496,0.7853,67,1.284
