nflId,displayName,team,n,value,value_shrunk,lo,hi,boot_se,qualified,role_ambiguity,route_threat,pct_route_threat,protector_share_shrunk,pct_protector,run_fit,pct_run_fit,geo_mean_pct,tgt_share_shrunk,inline_share_shrunk,pa_share_shrunk,gravity_shrunk,box_resid_shrunk,n_route,n_targets,n_grav,n_box,tgt_share_raw,gravity_raw,protector_share_raw,inline_share_raw,box_resid_raw,pa_share_raw,role_ambiguity_raw,higher_is_better
37234,Lee Smith,ATL,7,0.9272580534006793,0.8234375384148626,0.6097076235808323,0.9271397918785523,0.08423983085727353,False,0.8330220596470532,0.11009910241304202,0.5930232558139535,0.19233101708752962,0.9651162790697675,1.4558143418347007,0.9418604651162791,0.8138530171826719,0.18579436330340796,0.6961665144408391,0.34479422081534605,0.015526400778900424,0.17564205466539823,4,1,3,7,0.25,0.12976944948146654,0.5714285714285714,1.0,0.6818456037385717,0.5714285714285714,0.866144013778103,True
52725,Ben Ellefson,MIN,3,0.7759993092752222,0.7604268367066369,0.5743858181897772,0.7696073754961776,0.039025965378683636,False,0.8005582307715838,0.027210065025491864,0.5697674418604651,0.174935060193113,0.8953488372093024,0.5419260748496608,0.7325581395348837,0.72029544264169,0.18359228912385683,0.5972146595320557,0.2672541592156333,0.015527144244671135,0.06829336690768568,1,0,1,3,0.0,0.4387710085622016,0.6666666666666666,1.0,-0.0803921568627451,0.3333333333333333,0.5793801642856949,True
35481,Rob Gronkowski,TB,20,0.8207535516546056,0.7525153386268948,0.5069065888467337,0.854831979744719,0.08683962521892412,True,0.6333036990900786,1.1973880221275783,0.8837209302325582,0.19802589563271014,0.9767441860465116,0.7394565650096745,0.7674418604651163,0.8717269781637109,0.1939909727495149,0.5578510121078799,0.22653656373499143,0.0155405779564007,0.13735326331671668,16,5,11,20,0.3125,0.18627397957208852,0.35,0.6,0.2433767231242819,0.2,0.6688886490444617,True
30842,Marcedes Lewis,GB,10,0.8219653952607493,0.7436268535481974,0.47905157516127755,0.8566956435013819,0.09753117118096367,False,0.7074938015398338,0.09672182952126307,0.5930232558139535,0.17204682823182663,0.8488372093023255,1.4462080391800654,0.9418604651162791,0.779759905556561,0.1813495220760537,0.6915767827445952,0.34356200164720385,0.015531250775893228,0.17719302508577267,9,1,8,10,0.1111111111111111,0.12402708800405858,0.3,0.9,0.5372994994738266,0.5,0.6555586974982427,True
52598,Charlie Woerner,SF,4,0.7501158000830852,0.7375095494964713,0.3899975438554801,0.9099200165127574,0.1608886532041249,False,0.6965178879661316,0.39336608963317227,0.7558139534883721,0.15855850380364284,0.6627906976744186,1.3493542187671008,0.9418604651162791,0.778501211026811,0.18089240251909422,0.6275401463142573,0.3463639873988611,0.015538234003408391,0.20623738913887982,4,0,4,4,0.0,0.42159462997368713,0.25,1.0,1.37635305584222,0.75,0.5118595071429147,True
46797,Tanner Hudson,SF,1,0.40561759860404173,0.7373715273743238,0.7373715273743238,0.7373715273743238,2.221557105636704e-16,False,0.8199678564253657,-0.1036105769497103,0.47674418604651164,0.16547792957457538,0.7790697674418605,0.7375932714206286,0.7558139534883721,0.6547751983232819,0.18451025056947612,0.5188675546409318,0.2955304724024656,0.01552323604834654,0.16640815883106047,0,0,0,1,,,1.0,1.0,3.3666666666666663,1.0,0.0,True
42486,MyCole Pruitt,TEN,18,0.8106392945752148,0.7012981832513834,0.4123587180287322,0.7913930257523487,0.09414939038719466,True,0.5875369617048192,0.5326980112190138,0.813953488372093,0.1909823522265824,0.9534883720930233,0.48244181099814387,0.6976744186046512,0.8150594047979476,0.1911310752985758,0.4154755436861659,0.4062726773968757,0.0155294232224223,0.1936273904967219,14,4,10,18,0.2857142857142857,0.08253433412084266,0.3333333333333333,0.3888888888888889,0.4276178149110857,0.5555555555555556,0.640720041076186,True
44912,Jonnu Smith,NE,14,0.3589103028110495,0.6978521310965264,0.41942967560351757,0.8125568323652897,0.1017669127271806,False,0.6014293105538004,0.4586614316188212,0.7790697674418605,0.16362811374564237,0.7790697674418605,0.8435276157023361,0.8255813953488372,0.7942749516392525,0.19765117978252464,0.6586627411663174,0.36317618155651926,0.01552027091428075,0.08198742474996569,12,5,7,14,0.4166666666666667,-0.0303530935299464,0.21428571428571427,0.7857142857142857,0.08647786600020124,0.5,0.4966115693877387,True
46170,Ian Thomas,CAR,12,0.7703817877856393,0.6945229040327382,0.44809909215552873,0.788630520928858,0.09103962598017297,False,0.5742665480244822,0.4191620604000281,0.7790697674418605,0.18027188102155828,0.9186046511627907,0.6822368193906869,0.7558139534883721,0.8147792600409942,0.1822213947783424,0.5326094910511908,0.28714218864282465,0.015537258121810563,0.1450086072089763,8,1,7,12,0.125,0.23247169413948748,0.3333333333333333,0.5833333333333334,0.34542282373115113,0.3333333333333333,0.5523914825480227,True
53553,John Bates,WAS,5,0.28621004443670034,0.6907209173931548,0.5445742568628145,0.7772723260544223,0.05403255431726096,False,0.7279133707839709,-0.28490279470310176,0.36046511627906974,0.19761883549362125,0.9651162790697675,0.8161616464945469,0.8023255813953488,0.6535284640023385,0.18359228912385683,0.5836011376009916,0.37490325437077743,0.015520353166193985,0.13319536689229777,1,0,1,5,0.0,-0.2966856061251723,0.8,0.8,0.5263845889232887,0.8,0.34762809857141697,True
48456,Donald Parham,LAC,16,0.685624052539548,0.6826655672355282,0.4043865945578311,0.7652660448432121,0.09562039703221627,True,0.50752996117314,0.5183000001207714,0.7906976744186046,0.17166136053333494,0.8372093023255814,1.504118175437306,0.9534883720930233,0.8578011732979163,0.18350023638629823,0.6065576205547645,0.34175178028141595,0.015537936050655576,0.25290375227188344,12,2,10,16,0.16666666666666666,0.17473377131610013,0.25,0.6875,0.6538262787726945,0.4375,0.38287601205584015,True
45321,Antony Auclair,HOU,4,0.7114536081187635,0.6763958184230296,0.4702493973636025,0.778818291055861,0.08429625120515151,False,0.5729128059384253,0.5166771476104239,0.7790697674418605,0.15855850380364284,0.6627906976744186,1.1869000933890272,0.9186046511627907,0.779878830907634,0.18670960647239027,0.5522506962390129,0.30070822743615533,0.015534188665723822,0.23070858433862684,3,1,2,4,0.3333333333333333,0.608599085889421,0.25,0.75,1.6281846885264364,0.5,0.43453512321427123,True
47959,Kaden Smith,NYG,8,0.8017741039181034,0.6761155453435528,0.381268580105472,0.8633976803949077,0.12539983281478473,False,0.71011327723411,-0.2264977917326022,0.38372093023255816,0.18979182415437024,0.9418604651162791,0.6351168655407083,0.7325581395348837,0.6421178134529957,0.1791361656014331,0.5980205062635411,0.3700887709573808,0.015526778080637892,0.0862481208500909,6,0,6,8,0.0,0.07945837678663276,0.5,0.75,0.11389933166248956,0.625,0.6309297535714574,True
48011,Tommy Sweeney,BUF,5,0.6680000957973364,0.6643698164006169,0.3638415310313821,0.8659427976548827,0.13580917100026724,False,0.5599254865558286,0.25353404807071145,0.686046511627907,0.17012551441538276,0.8255813953488372,0.7996356281970748,0.8023255813953488,0.7688141462454051,0.18976609811656206,0.5135832925733332,0.28757860755903103,0.015524927841718097,0.1827553587420261,5,2,3,5,0.4,0.07659667763230031,0.4,0.6,0.9443117597916361,0.4,0.34762809857141697,True
40149,Ryan Griffin,NYJ,9,0.4451367779209866,0.6509101001257229,0.41561820398562027,0.8009608640825867,0.10170996844174152,False,0.694371067221953,-0.23956159901522264,0.36046511627906974,0.17428862850685256,0.8488372093023255,0.6190927817771542,0.7325581395348837,0.6074491330294929,0.1831016913714745,0.6200081378394485,0.2076503050546589,0.015521907161576939,0.06645920225567807,7,1,6,9,0.14285714285714285,-0.008463717104793987,0.3333333333333333,0.7777777777777778,0.009323531635722205,0.1111111111111111,0.6766009676017091,True
47835,Drew Sample,CIN,8,0.7307847041009243,0.644477360967167,0.3553468059878785,0.7827797302504018,0.11574420172028975,False,0.5878316164107628,-0.13627577039847122,0.45348837209302323,0.17658962218190413,0.8953488372093024,0.9160994847674243,0.8488372093023255,0.7011231055235714,0.18001000055558644,0.5980205062635411,0.3314832657167042,0.015527730458742364,0.14221813761722218,5,0,5,8,0.0,0.11287348618683582,0.375,0.75,0.42987641784974495,0.5,0.473197315178593,True
43324,Hunter Henry,NE,26,0.6410150124911468,0.644288070381609,0.40112185515299725,0.7366654615468761,0.08681995277735174,True,0.5252457890460399,1.3872312737255554,0.9534883720930233,0.17468431189276953,0.872093023255814,0.10500112154159547,0.5348837209302325,0.7633303517171781,0.19500931869952373,0.40629795522417944,0.2866868525119286,0.015543530787052388,0.12537107581490078,20,6,14,26,0.3,0.17253271311359358,0.23076923076923078,0.38461538461538464,0.18980053714331097,0.3076923076923077,0.44840471625382045,True
53172,Dominique Dafney,GB,3,0.32270591300814433,0.640819364957214,0.4109941132615051,0.7645798065671089,0.07723159099720961,False,0.6464461593023738,-0.3478102977697998,0.3372093023255814,0.174935060193113,0.8953488372093024,0.8646755125193457,0.8488372093023255,0.6351925706120541,0.18359228912385683,0.5157951817491205,0.31509408745884415,0.015518984399170098,0.19404129544336468,1,0,1,3,0.0,-0.4449196112349594,0.6666666666666666,0.6666666666666666,1.6031112639987768,0.6666666666666666,0.4206198357143049,True
42302,Chris Manhertz,JAX,6,0.36764666985488526,0.6306043138291184,0.37858532276742485,0.7911125732162635,0.11353955851878914,False,0.6324852502569331,-0.3453583240980384,0.3372093023255814,0.16781856950819304,0.8023255813953488,1.193657610529009,0.9186046511627907,0.6287233774013037,0.18089240251909422,0.6108486747823864,0.2755475608437708,0.01552216053731988,0.18782287421020072,4,0,4,6,0.0,-0.013596351253865768,0.3333333333333333,0.8333333333333334,0.8538412008285787,0.3333333333333333,0.5105013494077868,True
41327,Richard Rodgers,PHI,1,0.11239599515099187,0.6196248297993282,0.6196248297993282,0.6196248297993282,0.0,False,0.6542748432509086,-0.07109802015787228,0.5,0.15093140446461453,0.5465116279069767,0.5244808700754018,0.7325581395348837,0.5849748163477478,0.18359228912385683,0.5188675546409318,0.2426289324043216,0.01552500521739107,0.12395747376946345,1,0,1,1,0.0,0.2071197668024165,0.0,1.0,1.746588693957115,0.0,0.0,True
46915,Codey McElroy,TB,1,0.11239599515099187,0.6194087326329802,0.6194087326329802,0.6194087326329802,1.110778552818352e-16,False,0.6542748432509086,0.11206065375123143,0.5930232558139535,0.15093140446461453,0.5465116279069767,0.3862919875225629,0.6162790697674418,0.584542622015052,0.18856741350196626,0.5188675546409318,0.2426289324043216,0.01552323604834654,0.09643109475428009,1,1,0,1,1.0,,0.0,1.0,0.6960784313725492,0.0,0.0,True
53576,Brevin Jordan,HOU,1,0.09951652415649416,0.615685125757065,0.615685125757065,0.615685125757065,1.110778552818352e-16,False,0.6542748432509086,0.11206065375123143,0.5930232558139535,0.15093140446461453,0.5465116279069767,0.261391802838965,0.5930232558139535,0.5770954082632216,0.18856741350196626,0.5188675546409318,0.2426289324043216,0.01552323604834654,0.07155174296306405,1,1,0,1,1.0,,0.0,1.0,-0.2534113060428851,0.0,0.0,True
44841,David Njoku,CLE,20,0.35630803300979585,0.6122311303592951,0.3689439910235581,0.7320878783732896,0.0973126089512391,True,0.530250303170449,-0.1667144423149609,0.4418604651162791,0.18662922709795335,0.9302325581395349,0.8266402671317215,0.813953488372093,0.6942119575481412,0.18559093076230335,0.5237004249102887,0.33206899210137886,0.015520613054749378,0.18049775856028683,15,3,12,20,0.2,-0.008151132467100981,0.3,0.55,0.36669181268133394,0.4,0.487824075717608,True
52673,Mitchell Wilcox,CIN,3,0.7044959643687804,0.6122046458888311,0.24302769126976215,0.7871021028041418,0.138505043890376,False,0.559155915937425,-0.05758716384280421,0.5,0.16079977368345072,0.7558139534883721,0.7601283245287442,0.7790697674418605,0.6652533758402372,0.18268341640542188,0.5157951817491205,0.31509408745884415,0.01552635042735971,0.1732161359338756,2,0,2,3,0.0,0.18416447643297545,0.3333333333333333,0.6666666666666666,1.3243056591472884,0.6666666666666666,0.4206198357143049,True
53724,Matt Bushman,LV,1,0.09951652415649416,0.6118628518044265,0.6118628518044265,0.6118628518044265,1.110778552818352e-16,False,0.6542748432509086,0.05865888772031333,0.5697674418604651,0.15093140446461453,0.5465116279069767,0.261391802838965,0.5930232558139535,0.5694508603579443,0.18359228912385683,0.5188675546409318,0.2426289324043216,0.015527828520939407,0.07155174296306405,1,0,1,1,0.0,0.5128763968988684,0.0,1.0,-0.2534113060428851,0.0,0.0,True
39983,Zach Ertz,PHI,26,0.6238102085462995,0.6056265359078365,0.33858045217727833,0.7537893586132844,0.11144832777398338,True,0.4359688446387725,1.2796253525047974,0.9069767441860465,0.15334982713043296,0.5813953488372093,1.0819908853235491,0.8837209302325582,0.7752842271769005,0.20135448481567364,0.4913269717564821,0.24113192199155112,0.015533850403612888,0.2557986316901986,23,8,15,26,0.34782608695652173,0.09216699720666528,0.15384615384615385,0.5,0.5066580564089127,0.23076923076923078,0.41399510836412606,True
42503,Jesse James,CHI,5,0.6989298493687939,0.6046630263485712,0.4035580071220249,0.76967683760117,0.09997413642737933,False,0.5654514102057887,0.016575303339058503,0.5697674418604651,0.15637885387626352,0.6395348837209303,0.6302486746998337,0.7325581395348837,0.6438746424913536,0.18579436330340796,0.5836011376009916,0.24391628415315786,0.015524365850062359,0.09616264160411402,4,1,3,5,0.25,0.05630887822701527,0.2,0.8,0.2140967629655412,0.2,0.40948760571433185,True
45217,Cethan Carter,MIA,1,0.11239599515099187,0.5998208810795785,0.5998208810795785,0.5998208810795785,1.110778552818352e-16,False,0.5423508471540748,0.3188100247125188,0.7093023255813954,0.15093140446461453,0.5465116279069767,0.5244808700754018,0.7325581395348837,0.6572909150050823,0.18359228912385683,0.5188675546409318,0.2955304724024656,0.015533488995130603,0.12395747376946345,1,0,1,1,0.0,1.125891428338969,0.0,1.0,1.746588693957115,1.0,0.0,True
45339,Pharaoh Brown,HOU,11,0.32776601755358664,0.5918945464611057,0.32418730305453264,0.7720050228958556,0.11717288046423,False,0.5437369775577839,-0.37640433814263974,0.3372093023255814,0.16986196622526561,0.8255813953488372,1.2945044555006728,0.9418604651162791,0.6400521153644275,0.1813495220760537,0.6081742256312395,0.3316752940494893,0.015520956304409441,0.20992971410038153,9,1,8,11,0.1111111111111111,-0.01534007118287388,0.2727272727272727,0.7272727272727273,0.6479009290392952,0.45454545454545453,0.4307400448051895,True
52502,Josiah Deguara,GB,7,0.7305644419198117,0.5858078557085061,0.32139430439581823,0.747904664954137,0.1116433925633985,False,0.5132566491109548,-0.06519269947600465,0.5,0.16557335305776508,0.7790697674418605,0.5125615146485419,0.7325581395348837,0.6583590623060575,0.18001000055558644,0.45049755639528555,0.2644827452428942,0.015529277113095059,0.1731912333182586,5,0,5,7,0.0,0.14637447404779416,0.2857142857142857,0.42857142857142855,0.6663831039872953,0.2857142857142857,0.47275679081636773,True
48766,Kendall Blanton,LA,1,0.01494931157359439,0.5816544901943285,0.5816544901943285,0.5816544901943285,0.0,False,0.6542748432509086,-0.21097644766266466,0.4069767441860465,0.15093140446461453,0.5465116279069767,0.22778685306473623,0.5930232558139535,0.5090341371377484,0.18359228912385683,0.5188675546409318,0.2426289324043216,0.015521961685704258,0.06485784279408394,1,0,1,1,0.0,-0.1224870134179295,0.0,1.0,-0.5088757396449708,0.0,0.0,True
43399,Tyler Higbee,LA,49,0.6120004504184156,0.580799955921693,0.25516301633778626,0.7395494275602271,0.12597515143741012,True,0.43863459664830945,0.943375228931369,0.8604651162790697,0.15740100035349672,0.6511627906976745,0.4262750412857893,0.6744186046511628,0.7229653151950766,0.18252865899957407,0.5719603359754394,0.2479173503485529,0.015548308772045093,0.0643192198920528,46,8,38,49,0.17391304347826086,0.08700324190131148,0.16326530612244897,0.5918367346938775,0.05220185586259119,0.24489795918367346,0.4156186015353003,True
44967,Jeremy Sprinkle,DAL,3,0.4941860465116279,0.579045203620676,0.28911540870375235,0.758675885964788,0.1164391283694087,False,0.5166138303286839,-0.1023979232240978,0.47674418604651164,0.16079977368345072,0.7558139534883721,0.5420716276250062,0.7325581395348837,0.6414765769126681,0.181783498098006,0.5157951817491205,0.2672541592156333,0.015526416294908366,0.129780577480205,3,0,3,3,0.0,0.13032957462473352,0.3333333333333333,0.6666666666666666,0.7427938036813169,0.3333333333333333,0.0,True
42721,Eric Tomlinson,BAL,1,0.023134053534281347,0.5715638315747954,0.5715638315747954,0.5715638315747954,0.0,False,0.6542748432509086,-0.23570399526038324,0.36046511627906974,0.15093140446461453,0.5465116279069767,0.2665385605591989,0.5930232558139535,0.48885281989868223,0.18359228912385683,0.5188675546409318,0.2955304724024656,0.015521423653671776,0.07257694557769774,1,0,1,1,0.0,-0.180754521080058,0.0,1.0,-0.21428571428571352,1.0,0.0,True
53574,Luke Farrell,JAX,6,0.4941860465116279,0.5694242461553369,0.2578295145881253,0.7804663510722765,0.13826951355048264,False,0.44441585769575676,0.0609282358167009,0.5697674418604651,0.16781856950819304,0.8023255813953488,0.6594113917996094,0.7325581395348837,0.6944326346149171,0.18399053453347194,0.47997638073041476,0.31738324124218376,0.015527417273202818,0.18019120065254415,6,1,5,6,0.16666666666666666,0.10608979535104232,0.3333333333333333,0.5,0.7989392400442649,0.5,0.0,True
40615,Demetrius Harris,ARI,5,0.2755305423025325,0.5594883571609088,0.3967260246433447,0.7096814371665219,0.09271570611283989,False,0.5668004141815551,-0.2244997618626239,0.38372093023255816,0.15637885387626352,0.6395348837209303,0.46498023192662624,0.686046511627907,0.5521763001402625,0.18579436330340796,0.5836011376009916,0.28757860755903103,0.015519120440795684,0.06324218005189784,4,1,3,5,0.25,-0.13304946884903948,0.2,0.8,-0.06351335855979823,0.4,0.34762809857141697,True
45094,Johnny Mundt,LA,5,0.2844185674028887,0.5536955929532268,0.3311236046732358,0.7362452567370328,0.10846602449067283,False,0.5668004141815551,-0.29951732949509613,0.3372093023255814,0.15637885387626352,0.6395348837209303,0.5536284649029731,0.7325581395348837,0.5405907717248983,0.18089240251909422,0.5836011376009916,0.28757860755903103,0.015523157964315006,0.08090036510162615,4,0,4,5,0.0,0.013409101728199136,0.2,0.8,0.08539375471978464,0.4,0.34762809857141697,True
48683,Joe Fortson,KC,6,0.372412993567944,0.552588277199056,0.28317599425928613,0.7661474734315309,0.1317606970895367,False,0.5802950186228811,-0.24374772319349852,0.36046511627906974,0.16781856950819304,0.8023255813953488,0.02111205241901898,0.5,0.5248815357752309,0.1791361656014331,0.5454125277564006,0.23371188044535787,0.015526402749616997,0.0036524312387320734,6,0,6,6,0.0,0.07268349737544551,0.3333333333333333,0.6666666666666666,-0.471073755407327,0.16666666666666666,0.4206198357143049,True
45594,Colin Thompson,CAR,2,0.025562963210221973,0.5519631190110712,0.4697635296634298,0.5519631190110712,0.034231429508053086,False,0.5983128452024916,-0.4118249589292485,0.3372093023255814,0.14876735637949767,0.5232558139534884,0.6247619355508576,0.7325581395348837,0.5056133928196508,0.18268341640542188,0.5615133015276756,0.3309255416239811,0.015518642777415081,0.11174237382055144,2,0,2,2,0.0,-0.23319887003692596,0.0,1.0,0.6960784313725492,1.0,0.0,True
46226,Tyler Conklin,MIN,24,0.27559781063928024,0.5492568837375442,0.27228115575602,0.699169808450818,0.1169288896132872,True,0.4720242649645746,-0.03520578453431951,0.5348837209302325,0.16759257065655433,0.7906976744186046,0.18632134083259877,0.5813953488372093,0.6264895025105137,0.18676735211824302,0.6410368136853287,0.20491173114635616,0.015522113781827853,-0.03561938465402771,19,4,15,24,0.21052631578947367,0.007419613656237533,0.20833333333333334,0.7083333333333334,-0.21511295384042864,0.16666666666666666,0.3905896251857919,True
46206,Dalton Schultz,DAL,29,0.31532717538467603,0.5452322952455396,0.25276722799120904,0.7386000337818047,0.13460744039790712,True,0.44824384054811023,-0.2853017739190447,0.3488372093023256,0.17960391867460876,0.9069767441860465,0.8498396940773502,0.8372093023255814,0.642220749942969,0.18178688939508988,0.4528238086449872,0.28967044245252,0.015522432676076135,0.23861904580504012,25,4,21,29,0.16,0.011379462169858691,0.2413793103448276,0.4482758620689655,0.44151169920031136,0.3103448275862069,0.4058623604673683,True
46192,Durham Smythe,MIA,12,0.3538252046682398,0.5426793617855319,0.22349260670523263,0.7922604607109094,0.15218878263792177,False,0.5168986453107153,-0.2997745163912735,0.3372093023255814,0.18027188102155828,0.9186046511627907,0.3078759731987739,0.5930232558139535,0.5684600782603486,0.18524785768521534,0.4856215880145108,0.32058360308195866,0.015518114690375314,0.10590630209197976,10,2,8,12,0.2,-0.0538100087669185,0.3333333333333333,0.5,0.18522144511864277,0.4166666666666667,0.4999999999999999,True
44831,O.J. Howard,TB,19,0.2423319643228054,0.5336736004494637,0.27862622900619755,0.6787964426417202,0.10552162646781021,True,0.46150577684192856,-0.13623768586278356,0.46511627906976744,0.1541965484455201,0.6046511627906976,0.7744357655639149,0.7906976744186046,0.6058414240569988,0.18473171349025566,0.6129336431315732,0.2326752600381429,0.0155222699823734,0.10274264467675741,16,3,13,19,0.1875,0.007474459654892517,0.15789473684210525,0.6842105263157895,0.146648344429771,0.21052631578947367,0.29264876309283633,True
52526,Albert Okwuegbunam,DEN,7,0.2870991721781761,0.5230805355060727,0.3164534152504232,0.6921927428224978,0.10157499911558274,False,0.4467922055893496,0.3757467852525862,0.7558139534883721,0.1521945210428828,0.5697674418604651,0.016995411978405206,0.5,0.5993688654227958,0.1831016913714745,0.5119147959066739,0.2644827452428942,0.015535295291527257,0.028117659814595464,7,1,6,7,0.14285714285714285,0.2331975389728502,0.14285714285714285,0.5714285714285714,-0.24890192763495936,0.2857142857142857,0.2483057846938693,True
47803,Noah Fant,DEN,35,0.37426338570958545,0.5229647722432867,0.27022427690860207,0.6651625732831823,0.10356584414707018,True,0.41299074300253924,1.547610802567825,0.9767441860465116,0.15938274275744774,0.6976744186046512,-0.2991343471940119,0.37209302325581395,0.6329388014840343,0.19958319197402222,0.5721284560088824,0.1812074410008096,0.015541730081739714,-0.08030479002642571,35,10,25,35,0.2857142857142857,0.0956552710610746,0.17142857142857143,0.6,-0.2508340348492767,0.14285714285714285,0.3081664871744595,True
46331,Ross Dwelley,SF,7,0.4941860465116279,0.5209791110980425,0.24217126746701945,0.6893754519845544,0.1134011033676344,False,0.45704773474491867,-0.28811517915486484,0.3372093023255814,0.17895218507264735,0.8953488372093024,0.42044597971236036,0.6627906976744186,0.5849104874511664,0.1791361656014331,0.45049755639528555,0.384949958601572,0.015525437384474634,0.15484238295491504,6,0,6,7,0.0,0.05525825921728741,0.42857142857142855,0.42857142857142855,0.5506182015350863,0.7142857142857143,0.0,True
47924,Zach Gentry,PIT,7,0.23654888749792652,0.5189447641726368,0.22532359020015524,0.6985840346329864,0.12852265525314677,False,0.4039150537544622,-0.13501346570648926,0.47674418604651164,0.16557335305776508,0.7790697674418605,0.43811699571684587,0.686046511627907,0.6339744745908115,0.18488804933607425,0.45049755639528555,0.2243270074566683,0.015522115795724068,0.15836234111028147,5,1,4,7,0.2,-0.01480773521271733,0.2857142857142857,0.42857142857142855,0.5728260022649844,0.14285714285714285,0.2483057846938693,True
52541,Colby Parkinson,SEA,5,0.23858194586528336,0.5092103817609434,0.2656865721717935,0.6891413882520603,0.11554753736778009,False,0.4666228608276221,-0.3464047546653829,0.3372093023255814,0.15637885387626352,0.6395348837209303,0.7645602249804091,0.7790697674418605,0.5517979026942645,0.18089240251909422,0.5135832925733332,0.24391628415315786,0.015522137768658217,0.175768553253653,4,0,4,5,0.0,-0.014212815441223853,0.2,0.6,0.8853937547197847,0.2,0.25237190142858296,True
39109,Derek Carrier,LV,3,0.11239599515099187,0.4974764335081065,0.23697514715747015,0.7089774891846881,0.11025564428875638,False,0.5166138303286839,-0.6226148851616391,0.19767441860465115,0.16079977368345072,0.7558139534883721,0.5420716276250062,0.7325581395348837,0.4783390366875291,0.181783498098006,0.5157951817491205,0.2672541592156333,0.01551509720278017,0.129780577480205,3,0,3,3,0.0,-0.27828764985262744,0.3333333333333333,0.6666666666666666,0.7427938036813169,0.3333333333333333,0.0,True
52513,Adam Trautman,NO,31,0.289529729448005,0.4920054907589259,0.18801131425340456,0.7363616752151005,0.15264794689459718,True,0.4236996755927247,-0.4161216450242323,0.32558139534883723,0.15571198223104749,0.627906976744186,0.9356463488422921,0.8604651162790697,0.5603113059251271,0.17939495663989133,0.5544658553427586,0.3391695951935202,0.015522352840621263,0.17898829917364076,28,4,24,31,0.14285714285714285,0.011537007901489134,0.16129032258064516,0.5806451612903226,0.29730390847553917,0.3870967741935484,0.37512120413433164,True
52942,Juwan Johnson,NO,9,0.26922566299285144,0.4887756928682486,0.2333580961917227,0.6989967795434137,0.12331312781063106,False,0.35199392384908107,0.5796914340730402,0.8255813953488372,0.1482282785653216,0.5,0.25483766557764825,0.5930232558139535,0.6255574618874161,0.19664447170141933,0.4559129644399615,0.2819913422355286,0.015524068729479264,0.11776648518014118,8,4,4,9,0.5,0.03806817546617471,0.1111111111111111,0.4444444444444444,0.27249434902050607,0.3333333333333333,0.2274931142857399,True
53512,Tommy Tremble,CAR,16,0.44212779967119503,0.4794109922040709,0.2258235451780727,0.6535292986446416,0.11422678775050094,True,0.375141058743166,0.26590997749976736,0.6976744186046512,0.15972034061465779,0.7209302325581395,-0.211479316442706,0.3953488372093023,0.5836809256649758,0.1809397679716057,0.44834274864842716,0.2827600226631671,0.015535405976902904,0.030593257295146902,15,2,13,16,0.13333333333333333,0.11691696732327059,0.1875,0.4375,-0.08485265451209723,0.3125,0.31546487678572865,True
44959,George Kittle,SF,15,0.48757998411409775,0.47731571397980993,0.2448703690819718,0.6401747104753462,0.10475460394266363,True,0.3868484248621058,-0.07128475576658344,0.4883720930232558,0.16165061381407808,0.7674418604651163,0.0007374526611603621,0.4883720930232558,0.5677830030975141,0.17406627412214726,0.4668066887654385,0.2609614305844163,0.015536019289973679,0.0589283219440874,12,0,12,15,0.0,0.1309010141070837,0.2,0.4666666666666667,0.005988528449431681,0.26666666666666666,0.2541319422264937,True
43370,Austin Hooper,CLE,24,0.230306548724969,0.4740245299674487,0.18937793242715997,0.6849150273388817,0.12931254109074872,True,0.403423135567097,0.1236081350182876,0.6046511627906976,0.1457930033578582,0.4418604651162791,0.35521798374666536,0.6046511627906976,0.5446259243678004,0.20135448481567364,0.5508981986263254,0.22877634733910085,0.015508697311069007,0.06606351368086197,23,8,15,24,0.34782608695652173,-0.08945756396081883,0.125,0.5833333333333334,0.044024917313200164,0.20833333333333334,0.3483053252513284,True
53946,Jack Stoll,PHI,6,0.10382520466823986,0.4738019513890472,0.3353218137719001,0.5942651187405206,0.06489698065047832,False,0.4782316283701908,-0.5949254223726637,0.19767441860465115,0.15425831715499796,0.6162790697674418,0.8753963604753083,0.8488372093023255,0.4693722744079036,0.18001000055558644,0.5454125277564006,0.2755475608437708,0.015517750973171717,0.1738206330207356,5,0,5,6,0.0,-0.10328510437229661,0.16666666666666666,0.6666666666666666,0.7531096259166435,0.3333333333333333,0.0,True
44009,J.P. Holtz,CHI,3,0.09479845375944357,0.4617769674292219,0.34052865804047994,0.6004966313327814,0.07526416400120728,False,0.44521489817091475,-0.2076332137447779,0.4069767441860465,0.14666448717378844,0.45348837209302323,0.2552613548420787,0.5930232558139535,0.4783390366875291,0.181783498098006,0.5157951817491205,0.2672541592156333,0.015524126542678634,0.07264972781831373,3,0,3,3,0.0,0.04766992398691682,0.0,0.6666666666666666,-0.02206953810510222,0.3333333333333333,0.0,True
48096,Andrew Beck,DEN,2,0.005813953488372093,0.4579838943041213,0.3613272118746189,0.5042855442643822,0.05074206384875623,False,0.5058512733081104,-0.4297376052966838,0.29069767441860467,0.14876735637949767,0.5232558139534884,-0.0032426630508878285,0.45348837209302323,0.41011651530013216,0.18268341640542188,0.47287711143470157,0.28068196424424124,0.015518253026773853,0.05355334381450805,2,0,2,2,0.0,-0.25430356901525986,0.0,0.5,-0.4433723196881094,0.5,0.0,True
42500,C.J. Uzomah,CIN,29,0.684174765652638,0.4559079216739962,0.2204755207733967,0.6887285393435654,0.1195909363200697,True,0.49748962683454173,-0.8985632813740863,0.11627906976744186,0.15893100292146495,0.6744186046511628,1.121450959453369,0.9069767441860465,0.41432621651345064,0.1677081863446691,0.6095551314699769,0.20438812638628626,0.01552537302324845,0.17441616247823738,26,1,25,29,0.038461538461538464,0.02478244652021333,0.1724137931034483,0.6551724137931034,0.29503223400374606,0.1724137931034483,0.42886755520364567,True
46176,Christopher Herndon,MIN,5,0.021560638193408078,0.45581026974919203,0.25543795626398114,0.5686430472573963,0.08244486766065377,False,0.42779278927717435,-0.21900962260963058,0.38372093023255816,0.14263219333714428,0.43023255813953487,0.42719379381139005,0.686046511627907,0.48382775022120966,0.18488804933607425,0.5836011376009916,0.28757860755903103,0.015520288173197382,0.055715353016473686,5,1,4,5,0.2,-0.06429082966927313,0.0,0.8,-0.12698523196260733,0.4,0.0,True
53959,Brock Wright,DET,2,0.1078031909670404,0.45355500444728203,0.26901559628445426,0.5939615727778392,0.11282202110649053,False,0.40094373056846067,-0.15928770510164314,0.45348837209302323,0.14876735637949767,0.5232558139534884,0.16716891585860802,0.5465116279069767,0.5061662783261034,0.18268341640542188,0.47287711143470157,0.2304383868645014,0.015524137585641307,0.08749828658401772,2,0,2,2,0.0,0.06434079068752904,0.0,0.5,0.22133356266483206,0.0,0.0,True
44075,Garrett Griffin,NO,10,0.2623959951509919,0.4507347959263607,0.2546256772836342,0.6603612211352222,0.11197050952460884,False,0.4383263020078832,-0.5785498675043076,0.19767441860465115,0.15918425484289325,0.686046511627907,0.5959968029952353,0.7325581395348837,0.4631432898448381,0.17656483308083837,0.432268569168984,0.4152387759561215,0.015522092085240016,0.20357089717322868,9,0,9,10,0.0,0.0017568514465418443,0.2,0.4,0.6617074757512957,0.7,0.3,True
53556,Kylen Granson,IND,6,0.3481584383557802,0.44973583511765847,0.22484479991472178,0.6149482698456903,0.10454911215116854,False,0.4163838320880598,-0.09782560613363223,0.47674418604651164,0.15425831715499796,0.6162790697674418,-0.2376574243532002,0.38372093023255816,0.4830878381472572,0.18001000055558644,0.41454023370442894,0.2755475608437708,0.01552856707304659,0.05089403741891383,5,0,5,6,0.0,0.13099479790808566,0.16666666666666666,0.3333333333333333,-0.13121949011446507,0.3333333333333333,0.34123967142860984,True
42460,Blake Bell,KC,4,0.03686817270572673,0.44842763572670585,0.4061351833687319,0.4895613067942003,0.021663483347935334,False,0.5376935743500368,-0.8438165937461386,0.12790697674418605,0.15855850380364284,0.6627906976744186,0.13472240286277742,0.5465116279069767,0.3591616971033749,0.18089240251909422,0.5522506962390129,0.3463639873988611,0.015511314879663516,0.021121232840423013,4,0,4,4,0.0,-0.3072438054830734,0.25,0.75,-0.5286664373351679,0.75,0.0,True
47920,Foster Moreau,LV,22,0.28488578338601844,0.4466659780335458,0.21737876420135446,0.6217813388888885,0.1054394440762596,True,0.4476184809914838,-0.46702633179957864,0.2558139534883721,0.16018474513909034,0.7441860465116279,-0.002241798447022131,0.46511627906976744,0.4457134750756078,0.1813729550631601,0.49021796237075294,0.24024295937614246,0.015518957410787501,0.04066324023243725,20,3,17,22,0.15,-0.011737592129724018,0.18181818181818182,0.5,-0.026286582883391706,0.22727272727272727,0.41303711212135147,True
44987,Eric Saubert,DEN,8,0.18807195890285316,0.4442420011558116,0.24257018043724884,0.6435493903739028,0.10663237877553385,False,0.44666917312241783,-0.4476319859436167,0.26744186046511625,0.15018521823697192,0.5232558139534884,0.3830587949528104,0.6162790697674418,0.4418148291892054,0.17827077349707837,0.5401570787393555,0.2156667499946746,0.015522967496952266,0.0797169988364675,7,0,7,8,0.0,0.011368229226051898,0.125,0.625,0.07702807411071277,0.125,0.25592975357145736,True
48723,Parker Hesse,ATL,2,0.025562963210221973,0.4431956848413827,0.31227650944238233,0.5426976032960058,0.08101160343796654,False,0.40094373056846067,0.0581090919392985,0.5697674418604651,0.14876735637949767,0.5232558139534884,-0.23864503966022158,0.38372093023255816,0.48544763911430483,0.18268341640542188,0.47287711143470157,0.28068196424424124,0.015528867793524026,0.0066626322035664015,2,0,2,2,0.0,0.3204779278970585,0.0,0.5,-1.3615807269653422,0.5,0.0,True
43845,Stephen Anderson,LAC,7,0.11150745209478827,0.44059743094151915,0.3343742039900257,0.4719121627021481,0.03613611083555275,False,0.3468263569547336,0.2638470241829407,0.686046511627907,0.13881568902800054,0.4069767441860465,0.1449677932899216,0.5465116279069767,0.5343685049283048,0.1831016913714745,0.3890803168838971,0.3046384830291201,0.015532860531038185,0.14632865661960995,7,1,6,7,0.14285714285714285,0.18924911001222003,0.0,0.2857142857142857,0.4969041715443921,0.42857142857142855,0.0,True
46118,Dallas Goedert,PHI,27,0.2319475059175578,0.43965028710736576,0.1821069868024968,0.6223725317865284,0.1129133157634565,True,0.39599052451905026,-0.21513165152628108,0.3953488372093023,0.1517312728659685,0.5581395348837209,0.07948712819185844,0.5116279069767442,0.4833100496956812,0.18790157001746735,0.4226614645169539,0.12441083228035055,0.015516887003970935,0.10793710595777198,23,5,18,27,0.21739130434782608,-0.022681951384049295,0.14814814814814814,0.4074074074074074,0.14598355166656254,0.037037037037037035,0.31282401578014407,True
39907,Darren Fells,DET,2,0.025562963210221973,0.43608443123969015,0.31831022092749517,0.4904884407026655,0.06346416652351283,False,0.40094373056846067,-0.34804727862569373,0.3372093023255814,0.14876735637949767,0.5232558139534884,0.26260772931924753,0.5930232558139535,0.47122513191091964,0.18268341640542188,0.47287711143470157,0.2304383868645014,0.015520030478109018,0.10650911367477471,2,0,2,2,0.0,-0.15805593935365891,0.0,0.5,0.5936013458637892,0.0,0.0,True
52451,Cole Kmet,CHI,21,0.30042292986835323,0.43384119140636035,0.19194483237635432,0.6128893182638416,0.1094751343973671,True,0.42104226582843896,0.2207063186860856,0.6511627906976745,0.15072149853383104,0.5348837209302325,-0.581015507692525,0.2558139534883721,0.4466401169842817,0.19046386415406918,0.44036067488892205,0.22071345696337027,0.015523406501043245,-0.036990945303118763,20,5,15,21,0.25,0.01675403485310452,0.14285714285714285,0.42857142857142855,-0.24455370807676916,0.19047619047619047,0.35513999829614745,True
44835,Evan Engram,NYG,13,0.5348988287671711,0.4274344103490728,0.17194757635918437,0.641401111033188,0.12542572385373796,False,0.3387144028179713,0.11999211351534178,0.5930232558139535,0.15326991813202626,0.5697674418604651,-0.1897942915601079,0.4069767441860465,0.5161544178801742,0.18350023638629823,0.28431080722559415,0.21313192667442596,0.015529269505745001,0.15872972282181805,12,2,10,13,0.16666666666666666,0.08086948305769275,0.15384615384615385,0.15384615384615385,0.38295271633795447,0.15384615384615385,0.3316975761026606,True
45355,Anthony Firkser,TEN,17,0.31159215923546696,0.4204858449376929,0.2599202380483244,0.516658182821757,0.06358748746341875,True,0.492652043958246,-0.628790562880885,0.18604651162790697,0.1696357368210355,0.813953488372093,-0.5479221575804172,0.27906976744186046,0.3483196459171399,0.17927212034053097,0.27908887412456446,0.21735712560963671,0.015517867580790226,0.09133453979686386,17,2,15,17,0.11764705882352941,-0.023241204640461633,0.23529411764705882,0.17647058823529413,0.1154663142321267,0.17647058823529413,0.4917251650606989,True
42547,Darren Waller,LV,31,0.22009433249534482,0.4125302551325256,0.15219334309286953,0.6146488289950965,0.12540396248089034,True,0.3374807159936285,0.3373938873136877,0.7441860465116279,0.12533067872909825,0.20930232558139536,0.6644607518032604,0.7441860465116279,0.4875797942714227,0.19087847875606617,0.6537656099286062,0.17558058777870839,0.015525465878256789,0.05001492502324513,30,7,23,31,0.23333333333333334,0.026024714009067994,0.06451612903225806,0.7096774193548387,0.013713238192184686,0.12903225806451613,0.2346253357002818,True
53591,Noah Gray,KC,5,0.043712052215260894,0.41056527616422334,0.21282637215113054,0.551545292432472,0.08825514293749735,False,0.3095967590174641,0.23355854439450097,0.686046511627907,0.14263219333714428,0.43023255813953487,-0.13252521408109713,0.45348837209302323,0.5115337933109826,0.18488804933607425,0.44356544754567495,0.28757860755903103,0.0155301353353459,0.049926501801720806,5,1,4,5,0.2,0.2023222414706189,0.0,0.4,-0.17580118451754564,0.4,0.0,True
42589,Geoff Swaim,TEN,23,0.2249710282960118,0.4006400340242628,0.2023893186152581,0.656778515120549,0.11866271471496052,True,0.4529604221313857,-0.9519414509094322,0.09302325581395349,0.14739962740658447,0.46511627906976744,1.7407769612592396,0.9767441860465116,0.3483196459171399,0.18591840960861464,0.7228480648801224,0.3566097839268154,0.015503148992346042,0.21226471271796063,20,4,16,23,0.2,-0.12045667905718575,0.13043478260869565,0.8260869565217391,0.4255021346502755,0.43478260869565216,0.3135175502392741,True
44856,Gerald Everett,SEA,15,0.16996442730254602,0.3976684342989385,0.22579296386043848,0.5547367733560593,0.08617173350528005,True,0.28823344734239625,0.13694013968643526,0.627906976744186,0.1374799516179927,0.37209302325581395,0.18123404716154673,0.5581395348837209,0.5071034212554808,0.18178528090605245,0.42562404407524856,0.23056910337520162,0.01553162184771242,0.1259682122594417,14,2,12,15,0.14285714285714285,0.09121099399758446,0.06666666666666667,0.4,0.23912540113222805,0.2,0.13649586857144394,True
46189,Will Dissly,SEA,14,0.23142703807132747,0.39457016056808913,0.21295335431641363,0.5985040839443592,0.104300304413578,False,0.40269815065276254,-0.7906163807012672,0.12790697674418605,0.15139494070097523,0.5465116279069767,0.8345676320829398,0.8255813953488372,0.3864421704834158,0.17878325525422273,0.5298082378697542,0.23779628590557997,0.015514911948014373,0.17746645417219198,12,1,11,14,0.08333333333333333,-0.06643696789490129,0.14285714285714285,0.5714285714285714,0.43541119690202795,0.21428571428571427,0.29249114693880846,True
40641,Jack Doyle,IND,16,0.17167746932828282,0.39330033665944125,0.202453613391559,0.5787162788215896,0.0972956009268847,True,0.3813365523725775,-0.5672768921235546,0.20930232558139536,0.14777932069598063,0.4883720930232558,0.40920535843118017,0.6511627906976745,0.405264120946305,0.18645817810231413,0.4878964666250115,0.2532641438540426,0.01551089436429907,0.12437333851798585,14,3,11,16,0.21428571428571427,-0.10599463389187495,0.125,0.5,0.22675373351873707,0.25,0.21726756160713562,True
47852,Josh Oliver,BAL,6,0.022633700092286397,0.38810083464022915,0.19459869981004463,0.5391340989833103,0.09359035968612073,False,0.33079705209818017,-0.26105298244048486,0.36046511627906974,0.14069806480180289,0.43023255813953487,0.18482233808560844,0.5697674418604651,0.4454046171822781,0.18884490346551078,0.47997638073041476,0.19187620004694492,0.015514796735186905,0.08565596795034998,6,2,4,6,0.3333333333333333,-0.21297215844859502,0.0,0.5,0.11885647715607206,0.0,0.0,True
46155,Mark Andrews,BAL,29,0.14610311063032438,0.38664970483765815,0.1358164604124805,0.5331646256611559,0.10659980103599934,True,0.26894990147759607,1.3563953954871006,0.9302325581395349,0.13825808716832114,0.3953488372093023,-0.47193987447288943,0.3488372093023256,0.5043495081977202,0.2048124459122062,0.3744581472324924,0.2257087054028447,0.015531521193758115,0.03448174338430785,29,10,19,29,0.3448275862068966,0.06275531055690234,0.10344827586206896,0.3448275862068966,-0.024229422316816088,0.20689655172413793,0.1661188442112187,True
46167,Jordan Akins,HOU,19,0.0903185136796722,0.3812694858349884,0.19751746183074503,0.5403067178355385,0.09339980450032889,True,0.35963706220909175,-0.42459658206609363,0.3023255813953488,0.1311404486489204,0.23255813953488372,1.2792795244501187,0.9302325581395349,0.402901909460885,0.18303692712795974,0.6129336431315732,0.2055772225207526,0.015517956003879382,0.2033044293430305,18,3,15,19,0.16666666666666666,-0.02260272232513198,0.05263157894736842,0.6842105263157895,0.44390773660273897,0.15789473684210525,0.12951110093890045,True
44857,Adam Shaheen,MIA,11,0.25450223453654197,0.3757904184928088,0.1546221800843976,0.5705863850107172,0.10632032935629257,False,0.44264100578590165,-0.7347829719774044,0.12790697674418605,0.15716273759655192,0.6395348837209303,-0.36315370875929076,0.36046511627906974,0.308939831199716,0.17656483308083837,0.41095572993154206,0.22787998891629152,0.015518692701843483,0.028601652734968598,9,0,9,10,0.0,-0.03915112799681203,0.18181818181818182,0.36363636363636365,-0.16351335855979823,0.18181818181818182,0.42368779557026087,True
42428,Tyler Kroft,NYJ,12,0.21902450980105787,0.3668079450320372,0.15653000865441105,0.6485861934983267,0.12815999042503848,False,0.3933013129209036,-0.6876627213692715,0.12790697674418605,0.15519191992410666,0.6162790697674418,0.048416786297770326,0.5,0.3403145771431708,0.18048595292331057,0.4856215880145108,0.15337653088628847,0.015515182653491175,0.054223621215842954,10,1,9,12,0.1,-0.08139084299567359,0.16666666666666666,0.5,-0.0265214867104208,0.0,0.28969008214284747,True
37118,Kyle Rudolph,NYG,26,0.19334599457086213,0.3610704272869517,0.13645480304848132,0.5731385386247836,0.12004120158992371,True,0.346924890382149,-0.2304795190597574,0.37209302325581395,0.17468431189276953,0.872093023255814,-0.9474956130604788,0.16279069767441862,0.37521596419175435,0.20135448481567364,0.37795494971341187,0.2866868525119286,0.015500992927953473,-0.06288555359845707,23,8,15,26,0.34782608695652173,-0.14508910111610027,0.23076923076923078,0.34615384615384615,-0.267545521217641,0.3076923076923077,0.3129556437302708,True
47791,T.J. Hockenson,DET,37,0.14070773625405558,0.3516765910446463,0.12060116071386007,0.5420306176212591,0.11698673894514279,True,0.29916403733505426,0.08664452331836307,0.5813953488372093,0.13724548744693452,0.3488372093023256,-0.4790353327595781,0.32558139534883723,0.4041891447542384,0.19026292421142044,0.3961584460518256,0.15639251549589864,0.015520721944453867,0.016688240928362248,36,8,28,37,0.2222222222222222,0.005796844241097699,0.10810810810810811,0.3783783783783784,-0.04720087666027188,0.10810810810810811,0.2527385879228731,True
45481,Ricky Seals-Jones,WAS,29,0.1988051470820947,0.34617103719649966,0.141220248048572,0.5382842588587972,0.1006782511418055,True,0.3507876342976522,0.9058384469032441,0.8372093023255814,0.14859454504489306,0.5116279069767442,-1.124329369481146,0.09302325581395349,0.34155444009534713,0.2119559739552886,0.243848711545001,0.26834986343596157,0.015513455327993022,0.003118238285758239,26,11,15,29,0.4230769230769231,-0.05510104361072581,0.13793103448275862,0.1724137931034483,-0.09578554589682045,0.27586206896551724,0.3438188405690413,True
44792,Mo Alie-Cox,IND,16,0.11089326081070766,0.34560992644602523,0.2056149931496769,0.47127046851209414,0.07225309833883044,True,0.31645110719822495,-0.48678064253067344,0.23255813953488372,0.13583830077730347,0.313953488372093,0.5036349886779486,0.7209302325581395,0.3747687456938255,0.18473171349025566,0.4878964666250115,0.2827600226631671,0.01551464272622505,0.14318314249365865,16,3,13,16,0.1875,-0.056072007088048034,0.0625,0.5,0.28925373351873707,0.3125,0.17147549009906388,True
41236,Eric Ebron,PIT,12,0.024946746668757017,0.3369776663925955,0.23027309457562847,0.41125198240521316,0.04770553823826419,False,0.29464128102189846,-0.37587159271435766,0.3372093023255814,0.13011195882665508,0.22093023255813954,0.6087579707276889,0.7325581395348837,0.3793140517632926,0.18350023638629823,0.5795973940878708,0.15337653088628847,0.015518480301654196,0.09490398807208617,12,2,10,12,0.16666666666666666,-0.03598457739059145,0.0,0.6666666666666666,0.14014517995624587,0.0,0.0,True
48700,Jesper Horsted,CHI,2,0.025562963210221973,0.3263371686701184,0.3032574338010778,0.34128944727686517,0.014055193750117479,False,0.13045416352888695,0.32559652573236375,0.7093023255813954,0.14876735637949767,0.5232558139534884,-0.2968987972481937,0.38372093023255816,0.5222201738113499,0.1925844065044318,0.38424092134172744,0.28068196424424124,0.01552323604834654,0.06196448007597949,2,2,0,2,1.0,,0.0,0.0,-0.27866643733516794,0.5,0.0,True
42516,James O'Shaughnessy,JAX,3,0.005813953488372093,0.3183614104094405,0.16446968902047013,0.5080550821201396,0.09149613940329325,False,0.30506105676956086,-0.567889563893875,0.19767441860465115,0.14666448717378844,0.45348837209302323,-0.17826744443214668,0.4069767441860465,0.33166176404932013,0.181783498098006,0.4343757039661853,0.2672541592156333,0.015516287938566384,0.047751663662845945,3,0,3,3,0.0,-0.235302298506569,0.0,0.3333333333333333,-0.3554028714384356,0.3333333333333333,0.0,True
45142,Darrell Daniels,ARI,5,0.005813953488372093,0.3178561922365312,0.18175497579293226,0.47339707664015174,0.08286833857746607,False,0.21600110544347842,-0.12825733613196308,0.47674418604651164,0.14263219333714428,0.43023255813953487,-0.42225691970034407,0.36046511627906974,0.419711279029584,0.18488804933607425,0.3735476025180166,0.24391628415315786,0.015522262798337745,0.04506559408706261,5,1,4,5,0.2,-0.010827622190625425,0.0,0.2,-0.21679201872104964,0.2,0.0,True
53065,Tommy Hudson,TEN,5,0.03686817270572673,0.3161951237433324,0.16770114422316837,0.5582322664258639,0.11033500569395104,False,0.24913970807836985,-0.48292589864269553,0.2441860465116279,0.15637885387626352,0.6395348837209303,-0.3310061924717208,0.36046511627906974,0.38325053940829495,0.18089240251909422,0.3735476025180166,0.24391628415315786,0.015519167286111146,0.06324218005189784,4,0,4,5,0.0,-0.09463897911122189,0.2,0.2,-0.06351335855979823,0.2,0.0,True
46544,Deon Yelder,TB,1,0.025562963210221973,0.31166773757521143,0.31166773757521143,0.31166773757521143,0.0,False,0.1476126178860128,-0.2594815772260963,0.36046511627906974,0.15093140446461453,0.5465116279069767,0.12232714921112235,0.5465116279069767,0.47572285726441005,0.18359228912385683,0.4216109057270184,0.2426289324043216,0.01552090629137768,0.11726357360048334,1,0,1,1,0.0,-0.2367835483785898,0.0,0.0,1.4911242603550292,0.0,0.0,True
47840,J.J. Arcega-Whiteside,PHI,2,0.11150745209478827,0.3109166659037664,0.3046025588910133,0.3296670331347141,0.00949005467695523,False,0.13045416352888695,-0.06789229279802811,0.5,0.14876735637949767,0.5232558139534884,-0.034052701934400326,0.45348837209302323,0.4913791682786458,0.18268341640542188,0.38424092134172744,0.2304383868645014,0.015526126204174824,0.11432181236356045,2,0,2,2,0.0,0.17202296255100044,0.0,0.0,0.7465886939571149,0.0,0.0,True
52962,Tyler Mabry,SEA,1,0.005813953488372093,0.3065520393667967,0.3065520393667967,0.3065520393667967,5.55389276409176e-17,False,0.1476126178860128,-0.19925628116666053,0.4069767441860465,0.15093140446461453,0.5465116279069767,-0.14076191802531446,0.45348837209302323,0.4654914608475806,0.18359228912385683,0.4216109057270184,0.2426289324043216,0.015522216697851175,0.06485784279408394,1,0,1,1,0.0,-0.0948698431986521,0.0,0.0,-0.5088757396449708,0.0,0.0,True
45532,Blake Jarwin,DAL,21,0.09179716480291283,0.3020786491440123,0.10306412813288708,0.4845723166182051,0.09939841730713328,True,0.23847245258445748,-0.4471647700237421,0.27906976744186046,0.13945325048703106,0.4186046511627907,-0.1473622780972997,0.4186046511627907,0.365684845703567,0.18591840960861464,0.3412921612110406,0.22071345696337027,0.015514132128562574,0.12417043758192978,20,4,16,21,0.2,-0.04610601610889539,0.09523809523809523,0.2857142857142857,0.20181547364323302,0.19047619047619047,0.14285714285714282,True
46094,Hayden Hurst,ATL,24,0.13915257877289525,0.3001272664581238,0.11420281724631537,0.4613236352853096,0.09300232080158016,True,0.23554418080480038,0.22427008140823063,0.6744186046511628,0.12399343605916205,0.16279069767441862,-0.14671009046243327,0.4418604651162791,0.3647103521114472,0.1789329601519965,0.40066717352798664,0.22877634733910085,0.015536821106079221,0.07948205143886855,23,3,20,24,0.13043478260869565,0.08909751066985157,0.041666666666666664,0.375,0.07822192945138873,0.20833333333333334,0.11431699339937591,True
53484,Pat Freiermuth,PIT,26,0.1291147079487986,0.29226229323789565,0.1326957930003261,0.4627495570899954,0.08884249208743644,True,0.21883974077222426,0.015913237941942715,0.5581395348837209,0.1213480999869281,0.13953488372093023,0.3961875066075383,0.627906976744186,0.365684845703567,0.18178688939508988,0.4629839662457146,0.1272445956906074,0.015528986634749362,0.14058507281914562,25,4,21,26,0.16,0.04518461546092328,0.038461538461538464,0.46153846153846156,0.22676104994697316,0.038461538461538464,0.04853305796703518,True
35534,Jimmy Graham,CHI,12,0.07814044267451009,0.287201560004409,0.12614038414045162,0.4857020215541161,0.0948334055649631,False,0.26143099269568865,-0.27362034352686476,0.36046511627906974,0.14265193937538087,0.43023255813953487,-0.6495541340809465,0.19767441860465115,0.3129721273131293,0.17963056926016693,0.3916457819411507,0.2537007742036906,0.015525180923734843,-0.013871746076760588,11,1,10,12,0.09090909090909091,0.036587494753297645,0.08333333333333333,0.3333333333333333,-0.3055068734992527,0.25,0.10515495892857622,True
52523,Harrison Bryant,CLE,10,0.025155515761175726,0.28240806982926436,0.21652939716198372,0.3527287682616064,0.03631649821750423,False,0.25542671749745766,-0.6467619319887468,0.1511627906976744,0.13345910806502653,0.26744186046511625,0.5316841251680605,0.7325581395348837,0.309389422161071,0.17572404816140583,0.5359918545992285,0.3794003888016627,0.0155215803818508,0.1124663084971482,10,0,10,10,0.0,-0.0024087032445816365,0.0,0.6,0.23202393383388867,0.6,0.0,True
47879,Dawson Knox,BUF,32,0.13829042882660364,0.2633124065685465,0.10939327155939957,0.44696089464810873,0.08605333344402342,True,0.3229262484911446,-0.6380565809288306,0.16279069767441862,0.13409973828033903,0.27906976744186046,-0.8402092273326252,0.18604651162790697,0.20369856464594835,0.1806122849736863,0.3472459858764505,0.2522175883693763,0.01551611588381264,-0.018334582387008233,32,5,27,32,0.15625,-0.013042724180542512,0.09375,0.3125,-0.13288074892921295,0.25,0.2566974164127806,True
53433,Kyle Pitts,ATL,35,0.0949677938003093,0.2579272670763775,0.09935266659907314,0.44680338714245793,0.0932487520065744,True,0.22628370273684556,0.4137838840684051,0.7674418604651163,0.1204513852715449,0.10465116279069768,-0.5126383347420203,0.3023255813953488,0.28957083141590945,0.19616260732433854,0.34630343837468414,0.2379149557555219,0.01552101618744022,0.04762700030345968,34,9,25,35,0.2647058823529412,0.005904892224315157,0.05714285714285714,0.3142857142857143,0.012938527014667502,0.22857142857142856,0.16003696445342983,True
45281,Jacob Hollister,JAX,10,0.009941720620213354,0.25484006071716464,0.127291859647802,0.37571319437470313,0.06618058826071979,False,0.21425959295780908,-0.2474984064379272,0.36046511627906974,0.13345910806502653,0.26744186046511625,-0.552006423343448,0.26744186046511625,0.29542052847652017,0.18524785768521534,0.3285452837387395,0.2718852273382862,0.015519252135226135,0.053189583020300725,10,2,8,10,0.2,-0.03841121361357664,0.0,0.2,-0.04754742175080366,0.3,0.0,True
42398,Maxx Williams,ARI,16,0.10370420261388168,0.23334338885367928,0.1060724021378238,0.42121648030841446,0.07985403795670187,True,0.32156465051769084,-1.1316730429748856,0.046511627906976744,0.13583830077730347,0.313953488372093,-0.6273751135737338,0.20930232558139536,0.14512212718966774,0.176288605180908,0.36923531269525856,0.2237682650449182,0.015510376501583675,0.007462370610130449,15,1,14,16,0.06666666666666667,-0.08396416025656443,0.0625,0.3125,-0.16171046864366723,0.1875,0.19063806138697953,True
34540,Jared Cook,LAC,32,0.12374120819960967,0.23017932183855677,0.08021682460856676,0.3747259392366725,0.07931982320696307,True,0.2519212136046873,-0.1782407839015212,0.4186046511627907,0.12407416708676013,0.18604651162790697,-1.0390722514835644,0.11627906976744186,0.20843743007242627,0.18139415633720876,0.2745752173081638,0.21213987077084764,0.015525216401966005,-0.0030924875362676046,31,5,26,32,0.16129032258064516,0.023773881997224282,0.0625,0.21875,-0.09993697806123392,0.1875,0.17374607098776587,True
41349,Logan Thomas,WAS,13,0.03686817270572673,0.22542099877561816,0.13065686477093694,0.3048230510317836,0.045158739877933396,False,0.1474366115569744,0.1943075751556186,0.6395348837209303,0.12850056425045409,0.22093023255813954,-0.7502815116087378,0.19767441860465115,0.3034053859942619,0.18733356860983671,0.28431080722559415,0.277850475731768,0.015526452720204401,0.04708410150111715,13,3,10,13,0.23076923076923078,0.05036187331550316,0.0,0.15384615384615385,-0.04785995455019233,0.3076923076923077,0.0,True
45635,Robert Tonyan,GB,34,0.10388857035755109,0.16375786290512506,0.06868752430367275,0.29973425160007766,0.06132940109473649,True,0.21608735704134815,-1.7060307857902361,0.023255813953488372,0.13146374010867173,0.2558139534883721,-0.6171342543735115,0.23255813953488372,0.11142836876890196,0.16696158847165332,0.28499176000735077,0.12689862818956815,0.015508667359320948,0.07309221309230629,33,2,31,34,0.06060606060606061,-0.03538609353262965,0.08823529411764706,0.23529411764705882,0.0652182901808161,0.058823529411764705,0.17910025612986416,True
45785,Dan Arnold,JAX,19,0.03686817270572673,0.15313835554306232,0.05840646087800636,0.24981962682372788,0.05089910993040738,True,0.1354994910384511,-0.051168288706746445,0.5116279069767442,0.11961239875062056,0.06976744186046512,-0.9696706507719677,0.13953488372093023,0.17077722004767357,0.18220114207258092,0.25935277695385917,0.17847918500336232,0.015527047907900039,0.022222306888208136,19,3,16,18,0.15789473684210525,0.04132773116530966,0.0,0.15789473684210525,-0.09767939441406684,0.10526315789473684,0.0,True
42033,Cameron Brate,TB,28,0.048096168694916876,0.14686794590805308,0.07086304504929028,0.30478014859348307,0.0616460760559182,True,0.1609854854583187,0.334186699666822,0.7209302325581395,0.11881327987781169,0.046511627906976744,-1.3497592392538276,0.06976744186046512,0.13275040635778748,0.19255285137673342,0.25038935399036855,0.16527063396370936,0.015523459454652097,-0.04672311253300194,28,7,21,28,0.25,0.016675560129430878,0.03571428571428571,0.17857142857142858,-0.21531246949799,0.10714285714285714,0.045066410969389806,True
40011,Travis Kelce,KC,35,0.07350167481490187,0.12142059587837685,0.056618872801607815,0.2304758864424972,0.0437840100219132,True,0.18746673645553744,-1.006554352063557,0.06976744186046512,0.1204513852715449,0.10465116279069768,-2.179855347088407,0.023255813953488372,0.05537445530121626,0.1747950859568172,0.27855593308442467,0.2757199655919968,0.015514826343613258,-0.23333427397424114,34,4,30,35,0.11764705882352941,-0.014843218079446248,0.05714285714285714,0.22857142857142856,-0.5663535700449253,0.2857142857142857,0.13537544265305956,True
46111,Mike Gesicki,MIA,26,0.005813953488372093,0.04559867305463422,0.031503194681486296,0.07151981330314734,0.011260755237528524,True,0.037954823199811145,-0.6874778121155148,0.13953488372093023,0.11068085760575981,0.023255813953488372,-1.549459574177663,0.046511627906976744,0.053242522909457295,0.18098252262785497,0.1228679001165038,0.21835445673136236,0.01551461232622887,0.009755375695565498,26,4,22,25,0.15384615384615385,-0.02693623584860383,0.0,0.0,-0.09510657333281777,0.19230769230769232,0.0,True
