nflId,displayName,team,n,k_eligible,value,value_shrunk,lo,hi,n_route,k_route_eligible,route_share,etr_route,etr_route_lo,etr_route_hi,etr_route_shrunk,release_ok_rate_route,viable_rate_route,median_first_viable_t,expected,etr_oe,etr_oe_lo,etr_oe_hi,etr_oe_shrunk,n_inline,etr_inline,n_wing,etr_wing,n_detached,etr_detached,n_backfield,etr_backfield,higher_is_better
40011,Travis Kelce,KC,303,33,0.10891,0.091939,0.078608,0.14901,295,33,0.9736,0.11186,0.08077,0.15294,0.096254,0.72203,0.1661,2.8,0.071364,0.037547,0.0031006,0.071994,0.030543,63,0.031746,5,0.4,235,0.1234,0,,True
39983,Zach Ertz,PHI,168,19,0.1131,0.086765,0.073608,0.16988,162,19,0.96429,0.11728,0.076382,0.17592,0.092302,0.81481,0.14198,2.2,0.065796,0.047299,0.00024781,0.094351,0.033087,48,0.041667,12,0,108,0.15741,0,,True
53433,Kyle Pitts,ATL,244,23,0.094262,0.079991,0.063634,0.13747,239,23,0.97951,0.096234,0.064983,0.14026,0.08413,0.73222,0.12552,1.4,0.066056,0.028207,-0.0082139,0.064627,0.022534,38,0,8,0,198,0.11616,0,,True
52942,Juwan Johnson,NO,59,8,0.13559,0.078973,0.070341,0.2454,58,8,0.98305,0.13793,0.071584,0.24926,0.085271,0.82759,0.13793,1.1,0.064267,0.071326,-0.01651,0.15916,0.028688,16,0,0,,43,0.18605,0,,True
42500,C.J. Uzomah,CIN,216,20,0.092593,0.077849,0.060739,0.13868,198,20,0.91667,0.10101,0.066343,0.15086,0.085454,0.62626,0.12626,1.15,0.042233,0.05036,0.01317,0.087549,0.039639,108,0.018519,9,0,86,0.2093,13,0,True
46118,Dallas Goedert,PHI,154,15,0.097403,0.077258,0.059918,0.15448,143,15,0.92857,0.1049,0.064604,0.16586,0.084399,0.75524,0.14685,3.1,0.067943,0.029459,-0.016924,0.075842,0.020951,57,0.052632,7,0,90,0.13333,0,,True
42503,Jesse James,CHI,56,7,0.125,0.075059,0.06189,0.23626,42,7,0.75,0.16667,0.083158,0.30604,0.08726,0.52381,0.16667,2.3,0.064871,0.060129,-0.021629,0.14189,0.026356,40,0.125,2,0,14,0.14286,0,,True
40149,Ryan Griffin,NYJ,143,13,0.090909,0.073179,0.053897,0.14933,107,13,0.74825,0.1215,0.072394,0.19683,0.088582,0.74766,0.15888,2.5,0.0464,0.04451,-0.0017556,0.090775,0.031471,91,0.12088,0,,45,0.044444,7,0,True
40641,Jack Doyle,IND,144,13,0.090278,0.07292,0.053517,0.14833,128,13,0.88889,0.10156,0.060318,0.16603,0.081672,0.75781,0.11719,2.8,0.050202,0.040075,-0.005958,0.086109,0.028462,50,0.06,15,0,77,0.12987,2,0,True
46111,Mike Gesicki,MIA,242,19,0.078512,0.069912,0.050836,0.11936,237,19,0.97934,0.080169,0.051921,0.12181,0.073998,0.82278,0.097046,1,0.074381,0.0041318,-0.029848,0.038112,0.0036286,6,0,7,0.14286,229,0.078603,0,,True
46331,Ross Dwelley,SF,71,7,0.098592,0.069697,0.048582,0.18981,57,7,0.80282,0.12281,0.06078,0.23247,0.080656,0.78947,0.17544,3.2,0.05279,0.045802,-0.024812,0.11642,0.0235,30,0.033333,8,0.125,30,0.13333,3,0.33333,True
52513,Adam Trautman,NO,150,12,0.08,0.067946,0.046353,0.13462,121,12,0.80667,0.099174,0.057645,0.16537,0.080038,0.69421,0.1405,2.5,0.047866,0.032134,-0.011523,0.075791,0.023579,77,0.064935,12,0.16667,59,0.084746,2,0,True
44856,Gerald Everett,SEA,122,10,0.081967,0.067572,0.04513,0.14433,113,10,0.92623,0.088496,0.048779,0.15527,0.07469,0.69912,0.14159,2.6,0.062315,0.019652,-0.027098,0.066402,0.014066,44,0.045455,10,0,68,0.11765,0,,True
48723,Parker Hesse,ATL,4,2,0.5,0.067386,0.15004,0.84996,4,2,1,0.5,0.15004,0.84996,0.075662,1,0.5,1.05,0.034645,0.46536,-0.084816,1.0155,0.0089068,2,0.5,0,,2,0.5,0,,True
52523,Harrison Bryant,CLE,79,7,0.088608,0.067139,0.043585,0.17179,73,7,0.92405,0.09589,0.047228,0.18496,0.074632,0.69863,0.09589,1.3,0.062558,0.02605,-0.036213,0.088312,0.015227,13,0,24,0.041667,35,0.17143,7,0,True
53574,Luke Farrell,JAX,50,5,0.1,0.066858,0.043475,0.2136,45,5,0.9,0.11111,0.048404,0.23499,0.075113,0.77778,0.13333,2.6,0.05289,0.04711,-0.035818,0.13004,0.020518,17,0.058824,8,0.125,23,0.13043,2,0,True
46155,Mark Andrews,BAL,216,16,0.074074,0.066581,0.046106,0.11693,213,16,0.98611,0.075117,0.046763,0.11853,0.070542,0.80282,0.10329,3.1,0.063568,0.010506,-0.024198,0.04521,0.0087326,59,0.016949,5,0,151,0.099338,1,0,True
44987,Eric Saubert,DEN,70,6,0.085714,0.065245,0.039876,0.17466,53,6,0.75714,0.11321,0.05293,0.22577,0.077168,0.67925,0.13208,2.4,0.058635,0.027079,-0.036452,0.09061,0.015548,45,0.044444,9,0,14,0.28571,2,0,True
53556,Kylen Granson,IND,40,4,0.1,0.065007,0.039579,0.23052,37,4,0.925,0.10811,0.042851,0.24709,0.072874,0.59459,0.18919,2,0.047426,0.052574,-0.03908,0.14423,0.020361,5,0,8,0,27,0.14815,0,,True
43845,Stephen Anderson,LAC,40,4,0.1,0.065007,0.039579,0.23052,35,4,0.875,0.11429,0.045351,0.25952,0.073701,0.74286,0.11429,1,0.046109,0.053891,-0.035514,0.1433,0.021458,17,0.23529,5,0,3,0,15,0,True
48683,Joe Fortson,KC,29,3,0.10345,0.06331,0.035814,0.26385,26,3,0.89655,0.11538,0.040032,0.28976,0.071687,0.73077,0.11538,2.7,0.059047,0.044401,-0.066982,0.15579,0.013675,15,0,0,,14,0.21429,0,,True
44857,Adam Shaheen,MIA,93,7,0.075269,0.063087,0.036936,0.1473,73,7,0.78495,0.09589,0.047228,0.18496,0.074632,0.67123,0.13699,2.4,0.057077,0.018192,-0.035899,0.072282,0.011963,46,0.065217,1,0,44,0.090909,2,0,True
53484,Pat Freiermuth,PIT,126,9,0.071429,0.062778,0.038031,0.13019,119,9,0.94444,0.07563,0.040297,0.13751,0.069124,0.84874,0.10924,2,0.047112,0.024317,-0.020641,0.069275,0.017671,62,0.064516,5,0,59,0.084746,0,,True
47904,Trevon Wesco,NYJ,31,3,0.096774,0.062565,0.033464,0.249,23,3,0.74194,0.13043,0.045376,0.32128,0.072997,0.69565,0.21739,1.1,0.049558,0.047216,-0.052118,0.14655,0.016705,10,0,5,0,4,0.5,12,0.083333,True
53946,Jack Stoll,PHI,31,3,0.096774,0.062565,0.033464,0.249,21,3,0.67742,0.14286,0.049809,0.34636,0.073897,0.66667,0.19048,2.4,0.064528,0.032246,-0.063871,0.12836,0.012177,20,0,5,0,5,0.6,1,0,True
52451,Cole Kmet,CHI,207,14,0.067633,0.062532,0.040711,0.11031,177,14,0.85507,0.079096,0.047698,0.12838,0.072238,0.75141,0.11299,1.1,0.059568,0.008065,-0.025511,0.041641,0.0068386,67,0.014925,17,0.058824,119,0.10084,4,0,True
45481,Ricky Seals-Jones,WAS,208,14,0.067308,0.062352,0.040513,0.1098,185,14,0.88942,0.075676,0.04561,0.123,0.070466,0.75135,0.15676,1.35,0.057379,0.0099289,-0.023368,0.043225,0.0083765,18,0.11111,21,0,157,0.076433,12,0,True
46189,Will Dissly,SEA,132,9,0.068182,0.061388,0.036282,0.12451,100,9,0.75758,0.09,0.048072,0.16226,0.074569,0.86,0.11,2.2,0.065137,0.0030447,-0.039442,0.045532,0.0026258,61,0.016393,0,,68,0.11765,3,0,True
53172,Dominique Dafney,GB,18,2,0.11111,0.061376,0.031019,0.328,14,2,0.77778,0.14286,0.040093,0.39942,0.070787,0.78571,0.14286,4.2,0.048783,0.062328,-0.094377,0.21903,0.011644,3,0,4,0,6,0,5,0.4,True
45355,Anthony Firkser,TEN,118,8,0.067797,0.060841,0.034751,0.1281,116,8,0.98305,0.068966,0.035357,0.13021,0.066043,0.59483,0.14655,1.3,0.055505,0.012292,-0.033862,0.058445,0.0090272,13,0.076923,3,0.33333,102,0.058824,0,,True
46544,Deon Yelder,TB,4,1,0.25,0.060392,0.045586,0.69936,4,1,1,0.25,0.045586,0.69936,0.068775,0.5,0.25,1.6,0.035349,0.21465,-0.27969,0.70899,0.0056928,2,0,0,,2,0.5,0,,True
52541,Colby Parkinson,SEA,38,3,0.078947,0.060091,0.027214,0.208,28,3,0.73684,0.10714,0.037118,0.27196,0.07084,0.67857,0.17857,2.9,0.070214,0.0087333,-0.07986,0.097326,0.004278,9,0,6,0.16667,23,0.086957,0,,True
46206,Dalton Schultz,DAL,189,12,0.063492,0.059866,0.036689,0.10769,172,12,0.91005,0.069767,0.040357,0.11798,0.067006,0.75581,0.098837,2.4,0.052849,0.010643,-0.023449,0.044735,0.0088932,89,0.033708,1,0,96,0.09375,3,0,True
45281,Jacob Hollister,JAX,39,3,0.076923,0.059753,0.026507,0.20321,36,3,0.92308,0.083333,0.028748,0.21827,0.067642,0.75,0.13889,2.6,0.062661,0.014262,-0.068176,0.0967,0.0068514,6,0,1,0,28,0.10714,4,0,True
47791,T.J. Hockenson,DET,291,18,0.061856,0.059619,0.039481,0.095648,279,18,0.95876,0.064516,0.041195,0.099667,0.064222,0.74194,0.089606,1.9,0.059866,0.0019893,-0.025731,0.02971,0.001921,85,0.058824,8,0.125,197,0.060914,1,0,True
53512,Tommy Tremble,CAR,110,7,0.063636,0.058779,0.031164,0.12556,98,7,0.89091,0.071429,0.035028,0.14016,0.066832,0.72449,0.13265,3.3,0.052364,0.011272,-0.034811,0.057356,0.0083221,41,0.073171,15,0.066667,54,0.055556,0,,True
53510,Hunter Long,MIA,8,1,0.125,0.058748,0.022417,0.47089,5,1,0.625,0.2,0.036223,0.62447,0.068305,1,0.2,2.1,0.036374,0.088626,-0.1653,0.34255,0.0076646,4,0.25,2,0,2,0,0,,True
48096,Andrew Beck,DEN,8,1,0.125,0.058748,0.022417,0.47089,6,1,0.75,0.16667,0.030053,0.56351,0.067841,0.66667,0.16667,1.2,0.072877,0.052123,-0.18201,0.28626,0.0056561,3,0.33333,1,0,1,0,3,0,True
39907,Darren Fells,DET,65,4,0.061538,0.057039,0.024189,0.14782,53,4,0.81538,0.075472,0.029739,0.17859,0.06687,0.64151,0.11321,2.35,0.058887,0.002651,-0.056153,0.061455,0.0021693,35,0.057143,5,0,25,0.08,0,,True
52502,Josiah Deguara,GB,33,2,0.060606,0.056023,0.016781,0.19607,27,2,0.81818,0.074074,0.020554,0.2337,0.065316,0.66667,0.11111,3.5,0.072847,-0.012241,-0.090189,0.065707,-0.0046593,9,0.11111,1,0,19,0.052632,4,0,True
45594,Colin Thompson,CAR,16,1,0.0625,0.055716,0.011119,0.28329,7,1,0.4375,0.14286,0.025679,0.51313,0.067383,0.71429,0.14286,2.5,0.040461,0.022039,-0.086178,0.13026,0.0075669,8,0.125,7,0,1,0,0,,True
45217,Cethan Carter,MIA,16,1,0.0625,0.055716,0.011119,0.28329,13,1,0.8125,0.076923,0.01371,0.33315,0.064761,0.92308,0.076923,1,0.067771,-0.0052711,-0.12818,0.11764,-0.00017655,2,0,2,0,12,0.083333,0,,True
52725,Ben Ellefson,MIN,17,1,0.058824,0.055358,0.01046,0.26983,10,1,0.58824,0.1,0.017876,0.40416,0.066046,0.9,0.1,3,0.039501,0.019323,-0.07702,0.11567,0.0076657,17,0.058824,0,,0,,0,,True
44912,Jonnu Smith,NE,108,6,0.055556,0.055206,0.025707,0.11594,91,6,0.84259,0.065934,0.030566,0.13647,0.06454,0.69231,0.087912,1.05,0.038057,0.017499,-0.025728,0.060726,0.013092,49,0,7,0.14286,47,0.10638,5,0,True
45785,Dan Arnold,JAX,164,9,0.054878,0.054904,0.029137,0.101,154,9,0.93902,0.058442,0.031047,0.10733,0.060929,0.82468,0.084416,2.6,0.063248,-0.0083697,-0.04237,0.025631,-0.0064958,28,0,5,0,130,0.069231,1,0,True
45532,Blake Jarwin,DAL,128,7,0.054688,0.054816,0.02674,0.10859,115,7,0.89844,0.06087,0.029795,0.12033,0.062397,0.7913,0.086957,2,0.04963,0.0050578,-0.034665,0.044781,0.0041902,26,0.11538,34,0,68,0.058824,0,,True
42398,Maxx Williams,ARI,92,5,0.054348,0.054701,0.023435,0.12099,71,5,0.77174,0.070423,0.030453,0.15449,0.06591,0.70423,0.14085,2.4,0.044704,0.0096434,-0.038466,0.057753,0.0070338,52,0.038462,1,0,35,0.085714,4,0,True
47840,J.J. Arcega-Whiteside,PHI,19,1,0.052632,0.054658,0.0093518,0.24639,15,1,0.78947,0.066667,0.011867,0.29817,0.063932,0.73333,0.13333,2.6,0.08968,-0.037049,-0.14713,0.073035,-0.0096473,1,0,2,0,16,0.0625,0,,True
53526,Tre' McKitty,LAC,1,0,0,0.054542,0,0.79346,1,0,1,0,0,0.79346,0.063194,1,0,,0.016045,-0.016045,,,-0.016045,1,0,0,,0,,0,,True
46797,Tanner Hudson,SF,1,0,0,0.054542,0,0.79346,0,0,0,,,,0.063641,,,,0.03439,-0.03439,,,-0.03439,1,0,0,,0,,0,,True
53896,Tory Carter,TEN,1,0,0,0.054542,0,0.79346,1,0,1,0,0,0.79346,0.063194,1,0,,0.011086,-0.011086,,,-0.011086,0,,0,,0,,1,0,True
47879,Dawson Knox,BUF,167,9,0.053892,0.054366,0.028608,0.099239,157,9,0.94012,0.057325,0.030448,0.10535,0.060316,0.73885,0.063694,2,0.052194,0.0016985,-0.032212,0.035609,0.0016578,45,0.066667,3,0,89,0.05618,30,0.033333,True
47852,Josh Oliver,BAL,57,3,0.052632,0.054265,0.01806,0.1437,57,3,1,0.052632,0.01806,0.1437,0.060475,0.64912,0.10526,3.7,0.067897,-0.015265,-0.070592,0.040061,-0.0088436,19,0,1,0,37,0.081081,0,,True
44831,O.J. Howard,TB,94,5,0.053191,0.054231,0.022931,0.11854,76,5,0.80851,0.065789,0.028426,0.14494,0.064393,0.68421,0.078947,2.8,0.028305,0.024887,-0.018738,0.068512,0.018362,57,0.017544,9,0,27,0.14815,1,0,True
43206,Ross Travis,ARI,2,0,0,0.054155,0,0.65763,2,0,1,0,0,0.65763,0.062753,0.5,0,,0.0072471,-0.0072471,-0.01229,-0.0022041,-0.0072022,2,0,0,,0,,0,,True
53724,Matt Bushman,LV,2,0,0,0.054155,0,0.65763,2,0,1,0,0,0.65763,0.062753,1,0,,0.058909,-0.058909,-0.14131,0.023488,-0.0239,1,0,0,,1,0,0,,True
46915,Codey McElroy,TB,2,0,0,0.054155,0,0.65763,2,0,1,0,0,0.65763,0.062753,1,0,,0.031925,-0.031925,-0.082212,0.018361,-0.020588,1,0,0,,1,0,0,,True
53570,Jacob Harris,LA,2,0,0,0.054155,0,0.65763,2,0,1,0,0,0.65763,0.062753,1,0,,0.05986,-0.05986,-0.070396,-0.049325,-0.058508,0,,0,,2,0,0,,True
52614,Tyler Davis,GB,2,0,0,0.054155,0,0.65763,0,0,0,,,,0.063641,,,,0.0078176,-0.0078176,-0.0094163,-0.0062189,-0.0078128,2,0,0,,0,,0,,True
42460,Blake Bell,KC,40,2,0.05,0.053832,0.01382,0.16504,23,2,0.575,0.086957,0.024179,0.26796,0.066907,0.6087,0.17391,3.05,0.059556,-0.0095564,-0.071865,0.052752,-0.0046886,36,0.027778,0,,4,0.25,0,,True
41327,Richard Rodgers,PHI,3,0,0,0.053774,0,0.56151,3,0,1,0,0,0.56151,0.062317,0.66667,0,,0.043993,-0.043993,-0.10654,0.018556,-0.023855,1,0,1,0,1,0,0,,True
48700,Jesper Horsted,CHI,3,0,0,0.053774,0,0.56151,3,0,1,0,0,0.56151,0.062317,1,0,,0.14866,-0.14866,-0.28321,-0.0141,-0.030611,0,,0,,3,0,0,,True
48475,Chris Myarick,NYG,3,0,0,0.053774,0,0.56151,0,0,0,,,,0.063641,,,,0.008854,-0.008854,-0.01047,-0.0072384,-0.0088485,3,0,0,,0,,0,,True
47835,Drew Sample,CIN,60,3,0.05,0.053447,0.017149,0.13701,41,3,0.68333,0.073171,0.025197,0.19428,0.065786,0.58537,0.14634,3,0.042729,0.0072705,-0.044355,0.058896,0.0052379,41,0.02439,6,0.16667,12,0.083333,1,0,True
52962,Tyler Mabry,SEA,6,0,0,0.052661,0,0.39034,4,0,0.66667,0,0,0.4899,0.061888,0.75,0,,0.068639,-0.068639,-0.12082,-0.016462,-0.043668,4,0,0,,2,0,0,,True
48766,Kendall Blanton,LA,6,0,0,0.052661,0,0.39034,5,0,0.83333,0,-2.7756e-17,0.43449,0.061465,1,0,,0.026351,-0.026351,-0.046014,-0.0066886,-0.024324,4,0,0,,2,0,0,,True
43079,Daniel Brown,NYJ,6,0,0,0.052661,0,0.39034,6,0,1,0,0,0.39034,0.061047,0.5,0.16667,,0.036338,-0.036338,-0.055999,-0.016677,-0.033584,3,0,0,,2,0,1,0,True
37234,Lee Smith,ATL,63,3,0.047619,0.052653,0.016326,0.13091,28,3,0.44444,0.10714,0.037118,0.27196,0.07084,0.39286,0.14286,2.8,0.030007,0.017612,-0.032567,0.067791,0.012154,51,0.039216,9,0,3,0.33333,0,,True
45142,Darrell Daniels,ARI,26,1,0.038462,0.052338,0.0068218,0.18893,23,1,0.88462,0.043478,0.0077165,0.20992,0.060817,0.6087,0.086957,2.6,0.049949,-0.011488,-0.08726,0.064285,-0.004504,6,0,6,0,12,0.083333,2,0,True
42302,Chris Manhertz,JAX,65,3,0.046154,0.052136,0.01582,0.12714,39,3,0.6,0.076923,0.026507,0.20321,0.066516,0.41026,0.20513,2.1,0.049907,-0.0037527,-0.053943,0.046438,-0.0019802,48,0.0625,4,0,12,0,1,0,True
48011,Tommy Sweeney,BUF,46,2,0.043478,0.052086,0.012005,0.14533,38,2,0.82609,0.052632,0.014554,0.17286,0.061307,0.68421,0.078947,3.5,0.040033,0.0034454,-0.055046,0.061937,0.002641,18,0.055556,4,0,19,0.052632,5,0,True
44967,Jeremy Sprinkle,DAL,8,0,0,0.051944,0,0.32442,4,0,0.5,0,0,0.4899,0.061888,0,0.25,,0.044258,-0.044258,-0.083743,-0.004774,-0.033256,3,0,3,0,2,0,0,,True
52673,Mitchell Wilcox,CIN,8,0,0,0.051944,0,0.32442,7,0,0.875,0,0,0.35434,0.060635,0.28571,0,,0.057652,-0.057652,-0.10145,-0.013854,-0.04107,5,0,0,,3,0,0,,True
44841,David Njoku,CLE,144,7,0.048611,0.051717,0.023744,0.096937,118,7,0.81944,0.059322,0.029029,0.1174,0.061675,0.69492,0.14407,2,0.052889,-0.0042775,-0.039451,0.030896,-0.0031204,88,0.034091,0,,55,0.072727,1,0,True
53553,John Bates,WAS,28,1,0.035714,0.051711,0.0063324,0.17713,19,1,0.67857,0.052632,0.0093518,0.24639,0.062336,0.89474,0.052632,0.9,0.051919,-0.016205,-0.082834,0.050425,-0.007817,19,0,2,0,6,0.16667,1,0,True
37179,Luke Stocker,MIN,9,0,0,0.051593,0,0.29915,4,0,0.44444,0,0,0.4899,0.061888,0.75,0,,0.057028,-0.057028,-0.094434,-0.019622,-0.044077,7,0,1,0,1,0,0,,True
42547,Darren Waller,LV,224,11,0.049107,0.051338,0.027639,0.085781,209,11,0.93304,0.052632,0.029639,0.091773,0.057071,0.62201,0.08134,2.1,0.049161,-5.3535e-05,-0.028367,0.02826,0.00016173,114,0.035088,11,0,99,0.070707,0,,True
46170,Ian Thomas,CAR,166,8,0.048193,0.051265,0.024619,0.092205,128,8,0.77108,0.0625,0.032007,0.11849,0.063099,0.70312,0.10156,2.9,0.050274,-0.0020809,-0.03388,0.029719,-0.0014735,102,0.04902,0,,64,0.046875,0,,True
53576,Brevin Jordan,HOU,10,0,0,0.051247,-2.7756e-17,0.27754,9,0,0.9,0,0,0.29915,0.059828,1,0,,0.0408,-0.0408,-0.067165,-0.014436,-0.035568,9,0,0,,1,0,0,,True
44009,J.P. Holtz,CHI,10,0,0,0.051247,-2.7756e-17,0.27754,7,0,0.7,0,0,0.35434,0.060635,0.71429,0,,0.041276,-0.041276,-0.063026,-0.019527,-0.037528,3,0,2,0,3,0,2,0,True
53959,Brock Wright,DET,11,0,0,0.050905,2.7756e-17,0.25884,8,0,0.72727,0,0,0.32442,0.060229,0.5,0,,0.053867,-0.053867,-0.099971,-0.0077631,-0.037175,4,0,3,0,4,0,0,,True
46192,Durham Smythe,MIA,129,6,0.046512,0.05088,0.021488,0.097764,104,6,0.8062,0.057692,0.026706,0.12019,0.061118,0.67308,0.086538,1.1,0.056647,-0.010135,-0.046348,0.026077,-0.0076912,62,0,8,0,57,0.10526,2,0,True
42486,MyCole Pruitt,TEN,96,4,0.041667,0.049514,0.01632,0.10228,65,4,0.67708,0.061538,0.024189,0.14782,0.062979,0.70769,0.076923,0.85,0.038429,0.0032382,-0.035869,0.042345,0.0028223,38,0.026316,30,0.033333,28,0.071429,0,,True
47920,Foster Moreau,LV,117,5,0.042735,0.049358,0.01839,0.096154,87,5,0.74359,0.057471,0.024795,0.12758,0.061289,0.81609,0.091954,2,0.050247,-0.0075116,-0.04377,0.028746,-0.0056157,67,0.014925,0,,49,0.081633,1,0,True
48456,Donald Parham,LAC,97,4,0.041237,0.049304,0.016151,0.10128,75,4,0.7732,0.053333,0.020933,0.12926,0.060066,0.61333,0.08,2.8,0.051643,-0.010406,-0.051054,0.030242,-0.0074181,60,0.05,4,0,33,0.030303,0,,True
39109,Derek Carrier,LV,16,0,0,0.049263,0,0.19361,15,0,0.9375,0,-1.3878e-17,0.20389,0.05753,0.33333,0.2,,0.04728,-0.04728,-0.071853,-0.022707,-0.041952,3,0,8,0,5,0,0,,True
42516,James O'Shaughnessy,JAX,38,1,0.026316,0.048789,0.0046605,0.13495,38,1,1,0.026316,0.0046605,0.13495,0.055727,0.63158,0.026316,2.1,0.05647,-0.030155,-0.082449,0.022139,-0.018856,8,0,1,0,28,0.035714,1,0,True
41349,Logan Thomas,WAS,100,4,0.04,0.048685,0.015663,0.098372,94,4,0.94,0.042553,0.01667,0.10436,0.055213,0.88298,0.06383,0.95,0.064741,-0.024741,-0.065786,0.016303,-0.018055,13,0.076923,0,,83,0.024096,4,0.25,True
53065,Tommy Hudson,TEN,19,0,0,0.048327,0,0.16818,13,0,0.68421,0,0,0.2281,0.058276,0.38462,0,,0.048434,-0.048434,-0.071339,-0.025529,-0.043626,7,0,2,0,10,0,0,,True
45339,Pharaoh Brown,HOU,103,4,0.038835,0.048081,0.015204,0.095629,74,4,0.71845,0.054054,0.021219,0.13091,0.060345,0.7027,0.10811,1.5,0.037726,0.0011085,-0.034976,0.037193,0.001187,76,0,11,0,14,0.28571,2,0,True
45321,Antony Auclair,HOU,42,1,0.02381,0.047711,0.0042153,0.12321,18,1,0.42857,0.055556,0.0098749,0.25758,0.062727,0.61111,0.055556,4.7,0.042521,-0.018712,-0.066327,0.028904,-0.012343,27,0.037037,4,0,3,0,8,0,True
40615,Demetrius Harris,ARI,43,1,0.023256,0.047449,0.004117,0.12059,31,1,0.72093,0.032258,0.0057171,0.16194,0.057992,0.70968,0.064516,1.1,0.040077,-0.016821,-0.063777,0.030135,-0.011159,21,0,8,0,9,0.11111,5,0,True
47959,Kaden Smith,NYG,68,2,0.029412,0.046549,0.008103,0.10105,43,2,0.63235,0.046512,0.012849,0.15456,0.059643,0.51163,0.11628,2.8,0.052619,-0.023207,-0.066227,0.019813,-0.016461,34,0.029412,17,0,13,0.076923,4,0,True
46167,Jordan Akins,HOU,154,6,0.038961,0.046538,0.017976,0.082388,140,6,0.90909,0.042857,0.019787,0.090345,0.053294,0.72143,0.064286,1.3,0.049454,-0.010493,-0.04094,0.019954,-0.0085949,80,0.0125,13,0,56,0.089286,5,0,True
52598,Charlie Woerner,SF,47,1,0.021277,0.046428,0.0037657,0.11113,36,1,0.76596,0.027778,0.0049203,0.1417,0.056356,0.63889,0.055556,4.5,0.044862,-0.023585,-0.06662,0.01945,-0.016732,36,0,1,0,10,0.1,0,,True
42721,Eric Tomlinson,BAL,26,0,0,0.046277,0,0.12873,16,0,0.61538,0,0,0.19361,0.057164,0.375,0.125,,0.023564,-0.023564,-0.033756,-0.013371,-0.023046,22,0,1,0,3,0,0,,True
43399,Tyler Higbee,LA,221,9,0.040724,0.04621,0.02157,0.075572,196,9,0.88688,0.045918,0.024343,0.084952,0.05334,0.58673,0.061224,1.3,0.052718,-0.011994,-0.03836,0.014372,-0.010326,122,0.016393,0,,97,0.072165,2,0,True
41236,Eric Ebron,PIT,113,4,0.035398,0.046173,0.01385,0.087498,108,4,0.95575,0.037037,0.014495,0.091383,0.052112,0.78704,0.046296,1.7,0.028089,0.0073091,-0.026418,0.041036,0.0062156,81,0,6,0.16667,26,0.11538,0,,True
35534,Jimmy Graham,CHI,49,1,0.020408,0.045934,0.0036116,0.10694,45,1,0.91837,0.022222,0.0039335,0.11567,0.053632,0.51111,0.066667,0.9,0.080884,-0.060476,-0.10118,-0.019771,-0.044873,11,0,5,0,32,0.03125,1,0,True
43370,Austin Hooper,CLE,158,6,0.037975,0.045911,0.017518,0.080365,130,6,0.82278,0.046154,0.021322,0.097039,0.055259,0.68462,0.046154,2.6,0.05349,-0.015515,-0.046521,0.015491,-0.012738,103,0.038835,3,0,50,0.04,2,0,True
46176,Christopher Herndon,MIN,29,0,0,0.04545,0,0.11697,27,0,0.93103,0,6.9389e-18,0.12456,0.053426,0.66667,0,,0.039469,-0.039469,-0.054166,-0.024772,-0.037748,12,0,8,0,9,0,0,,True
42589,Geoff Swaim,TEN,120,4,0.033333,0.044925,0.013037,0.082582,85,4,0.70833,0.047059,0.01845,0.11484,0.05741,0.76471,0.058824,2.3,0.040783,-0.0074496,-0.040436,0.025537,-0.0058324,91,0.043956,3,0,24,0,2,0,True
46094,Hayden Hurst,ATL,167,6,0.035928,0.044561,0.016568,0.076159,146,6,0.87425,0.041096,0.018968,0.086754,0.05218,0.67808,0.054795,1.35,0.056713,-0.020785,-0.049048,0.0074784,-0.017676,69,0.014493,7,0,89,0.05618,2,0,True
44792,Mo Alie-Cox,IND,123,4,0.03252,0.044411,0.012718,0.08064,108,4,0.87805,0.037037,0.014495,0.091383,0.052112,0.5463,0.092593,4.5,0.051443,-0.018923,-0.050833,0.012987,-0.015425,55,0,6,0.16667,62,0.048387,0,,True
45094,Johnny Mundt,LA,33,0,0,0.044393,0,0.10427,26,0,0.78788,0,0,0.12873,0.053745,0.76923,0.076923,,0.057251,-0.057251,-0.075468,-0.039034,-0.053542,20,0,3,0,10,0,0,,True
47924,Zach Gentry,PIT,43,0,0,0.041953,0,0.082013,27,0,0.62791,0,6.9389e-18,0.12456,0.053426,0.7037,0,,0.030919,-0.030919,-0.040636,-0.021203,-0.030309,37,0,2,0,4,0,0,,True
53591,Noah Gray,KC,43,0,0,0.041953,0,0.082013,36,0,0.83721,0,0,0.096422,0.050712,0.55556,0.083333,,0.070302,-0.070302,-0.085374,-0.05523,-0.067136,7,0,6,0,30,0,0,,True
52526,Albert Okwuegbunam,DEN,69,1,0.014493,0.041517,0.0025629,0.077633,59,1,0.85507,0.016949,0.0029982,0.089959,0.049881,0.71186,0.033898,3.6,0.048717,-0.034224,-0.065957,-0.0024906,-0.02816,44,0.022727,8,0,15,0,2,0,True
46226,Tyler Conklin,MIN,217,7,0.032258,0.041111,0.015712,0.065077,174,7,0.80184,0.04023,0.019621,0.080701,0.050718,0.58046,0.045977,2.2,0.033882,-0.0016238,-0.025386,0.022138,-0.001304,180,0.022222,5,0,29,0.10345,3,0,True
44835,Evan Engram,NYG,170,5,0.029412,0.040892,0.012627,0.066995,164,5,0.96471,0.030488,0.013091,0.069377,0.045827,0.66463,0.054878,2.6,0.06097,-0.031558,-0.056509,-0.0066073,-0.027849,16,0.0625,22,0,132,0.030303,0,,True
44075,Garrett Griffin,NO,48,0,0,0.040832,0,0.074103,32,0,0.66667,0,0,0.10718,0.051883,0.625,0.21875,,0.049503,-0.049503,-0.074588,-0.024419,-0.043725,19,0,16,0,10,0,3,0,True
44959,George Kittle,SF,124,3,0.024194,0.040439,0.0082615,0.068721,103,3,0.83065,0.029126,0.0099542,0.08216,0.049084,0.81553,0.038835,2.3,0.045217,-0.021024,-0.049179,0.0071313,-0.017902,66,0.030303,4,0,49,0.020408,5,0,True
43324,Hunter Henry,NE,225,7,0.031111,0.040207,0.01515,0.062815,198,7,0.88,0.035354,0.017229,0.071165,0.047129,0.68182,0.040404,2.8,0.054132,-0.023021,-0.045341,-0.00070035,-0.020769,43,0,8,0,172,0.040698,2,0,True
42428,Tyler Kroft,NYJ,130,3,0.023077,0.039537,0.0078787,0.065653,104,3,0.8,0.028846,0.009858,0.081402,0.048884,0.69231,0.067308,4.2,0.045378,-0.022301,-0.047284,0.0026829,-0.019624,64,0.015625,14,0.071429,45,0.022222,7,0,True
45635,Robert Tonyan,GB,164,4,0.02439,0.038401,0.0095247,0.061028,159,4,0.96951,0.025157,0.0098255,0.062893,0.043259,0.66038,0.069182,2.25,0.063066,-0.038676,-0.062983,-0.014369,-0.034372,43,0.023256,11,0,110,0.027273,0,,True
35481,Rob Gronkowski,TB,97,1,0.010309,0.036591,0.0018221,0.056106,83,1,0.85567,0.012048,0.0021299,0.065137,0.044542,0.75904,0.024096,3.3,0.028778,-0.018468,-0.039955,0.0030185,-0.016757,59,0.016949,5,0,31,0,2,0,True
30842,Marcedes Lewis,GB,74,0,0,0.035847,0,0.049352,56,0,0.75676,0,0,0.064196,0.045569,0.375,0.053571,,0.03746,-0.03746,-0.049449,-0.025472,-0.036356,54,0,14,0,6,0,0,,True
42033,Cameron Brate,TB,159,3,0.018868,0.035689,0.0064371,0.054,158,3,0.99371,0.018987,0.006478,0.054332,0.040061,0.67722,0.031646,1.9,0.044584,-0.025716,-0.046826,-0.0046053,-0.023458,32,0,21,0,99,0.030303,7,0,True
47803,Noah Fant,DEN,251,6,0.023904,0.034962,0.011,0.051162,233,6,0.92829,0.025751,0.011854,0.055033,0.040049,0.49356,0.055794,3.35,0.044982,-0.021078,-0.039351,-0.002805,-0.019645,158,0.012658,27,0.037037,64,0.046875,2,0,True
34540,Jared Cook,LAC,205,4,0.019512,0.033824,0.0076133,0.049088,192,4,0.93659,0.020833,0.0081307,0.052335,0.038974,0.55729,0.036458,2.1,0.056464,-0.036952,-0.05629,-0.017613,-0.034238,41,0.02439,19,0,145,0.02069,0,,True
37118,Kyle Rudolph,NYG,155,2,0.012903,0.032773,0.0035456,0.045822,113,2,0.72903,0.017699,0.0048671,0.062246,0.043219,0.46903,0.035398,1.45,0.06044,-0.047537,-0.066238,-0.028836,-0.044285,58,0.017241,15,0,81,0.012346,1,0,True
