gsis_id,name,teams,games,run_snaps,pass_snaps,team_runs_in_games,team_dropbacks_in_games,run_snap_rate,pass_snap_rate,run_tilt,rush_epa_on,rush_epa_off,n_off_runs,rush_epa_onoff_raw,rush_epa_onoff,rush_success_on,rush_success_onoff_raw,edge_rush_epa_on,edge_success_on,n_edge_runs,short_yardage_conv,n_short_yardage,short_yardage_conversions,heavy_share,avg_box_on,te_carries,te_rush_yards,bdb_pass_block_rate,bdb_dropback_snaps,pfr_offense_snaps,rank_run_tilt,rank_rush_epa_onoff,rank_rush_success_on,rank_edge_rush_epa_on,rank_short_yardage_conv,name_key,team_keys,nflId,displayName,team,match_method
00-0033895,Gerald Everett,SEA,6,81,139,132,193,0.614,0.72,-0.107,0.149,-0.255,51,0.404,0.222,0.519,0.146,0.225,0.571,21,0.667,12,8,0.642,6.975,2,7,0.073,123,232,69,1,3,16.0,30.0,geraldeverett,{'sea'},44856,Gerald Everett,SEA,exact_name_team
00-0035823,Ben Ellefson,MIN,4,49,21,107,151,0.458,0.139,0.319,0.049,-0.299,58,0.348,0.179,0.408,0.167,-0.098,0.308,13,,4,3,0.673,7.51,0,0,0.412,17,74,10,2,53,51.0,,benellefson,{'min'},52725,Ben Ellefson,MIN,exact_name_team
00-0032392,Austin Hooper,CLE,8,166,177,223,281,0.744,0.63,0.115,0.183,-0.108,57,0.291,0.173,0.512,0.126,0.028,0.463,41,0.8,15,12,0.645,7.054,0,0,0.177,158,365,41,3,4,38.0,9.0,austinhooper,{'cle'},43370,Austin Hooper,CLE,exact_name_team
00-0036429,Charlie Woerner,SF,7,68,51,169,243,0.402,0.21,0.192,0.153,-0.119,101,0.272,0.167,0.471,0.055,0.66,0.565,23,0.6,10,6,0.426,7.441,0,0,0.234,47,128,31,4,16,1.0,48.0,charliewoerner,{'sf'},52598,Charlie Woerner,SF,exact_name_team
00-0031610,Darren Waller,LV,6,105,241,131,253,0.802,0.953,-0.151,-0.089,-0.485,26,0.396,0.162,0.419,0.034,-0.685,0.1,10,0.667,15,10,0.514,7.0,0,0,0.067,224,371,73,5,44,72.0,30.0,darrenwaller,{'lv'},42547,Darren Waller,LV,exact_name_team
00-0033095,Garrett Griffin,NO,7,76,52,190,226,0.4,0.23,0.17,0.023,-0.219,114,0.242,0.155,0.487,0.136,0.259,0.571,14,0.6,10,6,0.908,7.421,0,0,0.333,48,142,34,6,10,11.0,48.0,garrettgriffin,{'no'},44075,Garrett Griffin,NO,exact_name_team
00-0034351,Dallas Goedert,PHI,7,116,185,157,270,0.739,0.685,0.054,0.116,-0.152,41,0.268,0.138,0.526,0.111,0.194,0.541,37,0.706,17,12,0.526,6.897,0,0,0.071,155,332,55,7,1,18.0,26.0,dallasgoedert,{'phi'},46118,Dallas Goedert,PHI,exact_name_team
00-0036894,Pat Freiermuth,PIT,7,97,143,155,286,0.626,0.5,0.126,0.033,-0.161,58,0.194,0.113,0.351,0.006,0.092,0.417,12,0.75,8,6,0.546,6.918,0,0,0.056,126,259,39,8,69,31.0,16.0,patfreiermuth,{'pit'},53484,Pat Freiermuth,PIT,exact_name_team
00-0036423,Albert Okwuegbunam,DEN,5,61,76,123,181,0.496,0.42,0.076,-0.014,-0.184,62,0.17,0.094,0.41,0.071,-0.319,0.389,18,0.625,8,5,0.82,7.426,0,0,0.145,69,145,45,9,51,68.0,43.0,albertokwuegbunam,{'den'},52526,Albert Okwuegbunam,DEN,exact_name_team
00-0034383,Dalton Schultz,DAL,7,157,208,201,279,0.781,0.746,0.036,0.036,-0.133,44,0.17,0.09,0.471,0.062,0.279,0.543,35,0.526,19,10,0.624,7.013,0,0,0.09,189,394,58,10,14,9.0,58.0,daltonschultz,{'dal'},46206,Dalton Schultz,DAL,exact_name_team
00-0033881,Evan Engram,NYG,6,67,191,122,255,0.549,0.749,-0.2,-0.119,-0.27,55,0.151,0.082,0.373,0.1,-0.143,0.545,11,0.455,11,5,0.522,6.94,1,-3,0.035,170,278,78,11,64,57.0,65.0,evanengram,{'nyg'},44835,Evan Engram,NYG,exact_name_team
00-0030506,Travis Kelce,KC,8,127,340,158,387,0.804,0.879,-0.075,-0.007,-0.177,31,0.17,0.076,0.465,-0.052,0.051,0.429,35,0.9,10,9,0.52,6.283,0,0,0.026,304,496,67,12,20,35.0,4.0,traviskelce,{'kc'},40011,Travis Kelce,KC,exact_name_team
00-0034364,Jordan Akins,HOU,8,72,170,178,280,0.404,0.607,-0.203,-0.184,-0.301,106,0.118,0.074,0.333,0.116,,,9,0.667,9,6,0.75,7.056,1,3,0.091,154,264,79,13,74,,30.0,jordanakins,{'hou'},46167,Jordan Akins,HOU,exact_name_team
00-0032725,Stephen Anderson,LAC,7,53,43,141,306,0.376,0.141,0.235,0.129,0.0,88,0.129,0.072,0.491,0.116,0.233,0.571,14,,3,3,0.83,7.189,0,0,0.125,40,106,22,14,9,14.0,,stephenanderson,{'lac'},43845,Stephen Anderson,LAC,exact_name_team
00-0031260,Logan Thomas,WAS,4,63,108,84,143,0.75,0.755,-0.005,-0.091,-0.28,21,0.189,0.068,0.444,0.016,-0.287,0.5,24,0.8,10,8,0.206,6.254,0,0,0.06,100,185,63,15,28,65.0,9.0,loganthomas,{'was'},41349,Logan Thomas,WAS,exact_name_team
00-0034766,Christopher Herndon,MIN,7,40,43,184,290,0.217,0.148,0.069,-0.038,-0.164,144,0.126,0.064,0.35,0.044,-0.308,0.2,10,,1,0,0.8,6.95,0,0,0.069,29,89,48,16,70,67.0,,christopherherndon,{'min'},46176,Christopher Herndon,MIN,exact_name_team
00-0034011,Dan Arnold,CAR/JAX,7,54,180,174,281,0.31,0.641,-0.33,0.03,-0.076,120,0.106,0.061,0.5,0.117,0.422,0.636,11,,4,1,0.148,6.278,0,0,0.061,165,248,83,17,6,4.0,,danarnold,"{'jax', 'car'}",45785,Dan Arnold,JAX,exact_name_team
00-0036290,Cole Kmet,CHI,8,169,225,201,267,0.841,0.843,-0.002,-0.037,-0.168,32,0.131,0.059,0.414,0.039,0.121,0.567,30,0.643,14,9,0.45,6.704,1,0,0.144,208,419,61,19,48,29.0,39.0,colekmet,{'chi'},52451,Cole Kmet,CHI,exact_name_team
00-0031585,MyCole Pruitt,TEN,8,141,101,243,298,0.58,0.339,0.241,0.056,-0.029,102,0.085,0.059,0.447,0.123,0.001,0.375,40,0.778,18,14,0.688,7.362,0,0,0.323,96,261,19,18,27,41.0,13.0,mycolepruitt,{'ten'},42486,MyCole Pruitt,TEN,exact_name_team
00-0031690,Eric Tomlinson,BAL,7,78,26,180,284,0.433,0.092,0.342,0.01,-0.08,102,0.09,0.057,0.5,0.049,0.31,0.619,21,0.75,12,9,0.641,7.423,0,0,0.385,26,112,6,20,6,7.0,16.0,erictomlinson,{'bal'},42721,Eric Tomlinson,BAL,exact_name_team
00-0024243,Marcedes Lewis,GB,8,122,97,186,289,0.656,0.336,0.32,-0.006,-0.098,64,0.091,0.056,0.426,-0.011,-0.159,0.44,25,0.8,10,8,0.623,7.041,0,0,0.243,74,232,9,21,40,59.0,9.0,marcedeslewis,{'gb'},30842,Marcedes Lewis,GB,exact_name_team
00-0035329,Donald Parham,LAC,7,101,110,141,306,0.716,0.359,0.357,0.079,-0.03,40,0.109,0.055,0.436,0.061,0.32,0.591,22,0.6,10,6,0.614,7.178,0,0,0.227,97,236,4,22,30,6.0,48.0,donaldparham,{'lac'},48456,Donald Parham,LAC,exact_name_team
00-0035222,Zach Gentry,PIT,7,71,55,155,286,0.458,0.192,0.266,0.004,-0.076,84,0.08,0.049,0.394,0.085,,,7,0.667,9,6,0.577,7.085,0,0,0.372,43,142,15,23,57,,30.0,zachgentry,{'pit'},47924,Zach Gentry,PIT,exact_name_team
00-0031558,Maxx Williams,ARI,5,95,116,133,186,0.714,0.624,0.091,0.066,-0.009,38,0.074,0.037,0.495,0.179,0.182,0.516,31,0.727,11,8,0.579,6.916,0,0,0.226,93,221,44,24,8,20.0,20.0,maxxwilliams,{'ari'},42398,Maxx Williams,ARI,exact_name_team
00-0034829,Mike Gesicki,MIA,8,84,270,143,351,0.587,0.769,-0.182,-0.149,-0.206,59,0.057,0.033,0.357,0.035,0.231,0.6,10,0.429,7,3,0.881,6.179,0,0,0.021,243,377,75,25,67,15.0,66.0,mikegesicki,{'mia'},46111,Mike Gesicki,MIA,exact_name_team
00-0036970,Kyle Pitts,ATL,7,84,242,154,290,0.545,0.834,-0.289,-0.107,-0.159,70,0.051,0.031,0.369,0.083,0.048,0.381,21,0.286,7,2,0.702,7.083,0,0,0.02,245,353,82,26,65,37.0,72.0,kylepitts,{'atl'},53433,Kyle Pitts,ATL,exact_name_team
00-0037005,Tommy Tremble,CAR,8,92,120,211,326,0.436,0.368,0.068,-0.027,-0.068,119,0.041,0.028,0.413,-0.016,0.141,0.526,19,0.667,9,6,0.587,7.12,2,7,0.109,110,221,49,28,49,27.0,30.0,tommytremble,{'car'},53512,Tommy Tremble,CAR,exact_name_team
00-0032062,Blake Bell,KC,7,63,58,133,334,0.474,0.174,0.3,0.022,-0.026,70,0.049,0.028,0.524,0.052,0.26,0.5,16,1.0,7,7,0.873,6.429,1,2,0.425,40,127,13,27,2,10.0,1.0,blakebell,{'kc'},42460,Blake Bell,KC,exact_name_team
00-0034270,Tyler Conklin,MIN,7,135,238,184,290,0.734,0.821,-0.087,-0.124,-0.172,49,0.047,0.026,0.296,-0.071,-0.356,0.207,29,0.667,9,6,0.459,7.0,0,0,0.198,217,399,68,29,78,70.0,30.0,tylerconklin,{'min'},46226,Tyler Conklin,MIN,exact_name_team
00-0035229,T.J. Hockenson,DET,8,120,298,171,340,0.702,0.876,-0.175,-0.013,-0.059,51,0.045,0.026,0.375,-0.037,-0.183,0.269,26,0.8,15,12,0.342,6.783,0,0,0.041,292,451,74,30,63,61.0,9.0,tjhockenson,{'det'},47791,T.J. Hockenson,DET,exact_name_team
00-0033421,Antony Auclair,HOU,8,92,45,178,280,0.517,0.161,0.356,-0.235,-0.274,86,0.039,0.025,0.25,-0.029,-0.096,0.188,16,0.6,10,6,0.815,7.228,0,0,0.571,42,146,5,31,83,49.0,48.0,antonyauclair,{'hou'},45321,Antony Auclair,HOU,exact_name_team
00-0034073,Ross Dwelley,SF,7,60,76,169,243,0.355,0.313,0.042,0.016,-0.023,109,0.039,0.023,0.433,-0.007,0.464,0.55,20,0.625,8,5,0.617,7.25,0,0,0.194,72,156,56,32,32,3.0,43.0,rossdwelley,{'sf'},46331,Ross Dwelley,SF,exact_name_team
00-0028097,Lee Smith,ATL,7,82,62,154,290,0.532,0.214,0.319,-0.116,-0.147,72,0.03,0.018,0.293,-0.082,-0.006,0.333,21,0.6,5,3,0.634,7.305,0,0,0.556,63,155,11,33,80,43.0,48.0,leesmith,{'atl'},37234,Lee Smith,ATL,exact_name_team
00-0034753,Mark Andrews,BAL,7,101,226,180,284,0.561,0.796,-0.235,-0.031,-0.054,79,0.023,0.015,0.485,0.029,0.005,0.541,37,0.818,11,9,0.475,6.98,0,0,0.014,216,347,81,34,11,40.0,8.0,markandrews,{'bal'},46155,Mark Andrews,BAL,exact_name_team
00-0035308,Tommy Sweeney,BUF,7,43,65,171,302,0.251,0.215,0.036,0.006,-0.021,128,0.027,0.014,0.465,0.059,0.511,0.562,16,0.625,8,5,0.302,7.372,0,0,0.17,47,127,57,35,18,2.0,43.0,tommysweeney,{'buf'},48011,Tommy Sweeney,BUF,exact_name_team
00-0033439,Pharaoh Brown,HOU,7,135,117,164,236,0.823,0.496,0.327,-0.269,-0.287,29,0.018,0.008,0.244,-0.066,-0.418,0.125,24,0.636,11,7,0.696,7.207,0,0,0.282,103,268,8,36,84,71.0,41.0,pharaohbrown,{'hou'},45339,Pharaoh Brown,HOU,exact_name_team
00-0033757,Robert Tonyan,GB,8,86,196,186,289,0.462,0.678,-0.216,-0.038,-0.037,100,-0.001,0.0,0.43,0.0,0.049,0.5,16,1.0,5,5,0.64,6.93,0,0,0.03,164,306,80,37,35,36.0,1.0,roberttonyan,{'gb'},45635,Robert Tonyan,GB,exact_name_team
00-0036741,Jack Stoll,PHI,8,58,37,171,303,0.339,0.122,0.217,0.052,0.059,113,-0.007,-0.004,0.466,-0.057,-0.021,0.5,14,0.7,10,7,0.793,7.138,0,0,0.323,31,102,26,38,17,44.0,27.0,jackstoll,{'phi'},53946,Jack Stoll,PHI,exact_name_team
00-0033288,George Kittle,SF,4,98,146,100,152,0.98,0.961,0.019,-0.024,0.178,2,-0.202,-0.01,0.439,-0.061,0.213,0.515,33,0.615,13,8,0.429,7.163,1,9,0.167,126,262,60,40,29,17.0,47.0,georgekittle,{'sf'},44959,George Kittle,SF,exact_name_team
00-0033576,Eric Saubert,DEN,8,72,69,175,313,0.411,0.22,0.191,-0.085,-0.069,103,-0.016,-0.01,0.417,0.067,-0.299,0.5,24,0.667,9,6,0.958,7.611,0,0,0.243,70,150,32,39,47,66.0,30.0,ericsaubert,{'den'},44987,Eric Saubert,DEN,exact_name_team
00-0032134,C.J. Uzomah,CIN,8,133,228,188,273,0.707,0.835,-0.128,-0.09,-0.071,55,-0.018,-0.011,0.383,-0.053,-0.109,0.344,32,0.417,12,5,0.556,7.06,0,0,0.083,216,377,70,41,60,53.0,69.0,cjuzomah,{'cin'},42500,C.J. Uzomah,CIN,exact_name_team
00-0027696,Jimmy Graham,CHI,6,49,49,153,185,0.32,0.265,0.055,-0.042,-0.022,104,-0.02,-0.011,0.388,-0.055,,,4,0.429,7,3,0.735,6.959,0,0,0.08,50,109,54,42,59,,66.0,jimmygraham,{'chi'},35534,Jimmy Graham,CHI,exact_name_team
00-0031387,Eric Ebron,PIT,6,43,135,124,249,0.347,0.542,-0.195,-0.078,-0.052,81,-0.026,-0.013,0.326,-0.008,,,7,,3,1,0.558,6.93,1,1,0.044,113,185,77,43,75,,,ericebron,{'pit'},41236,Eric Ebron,PIT,exact_name_team
00-0033528,Jeremy Sprinkle,DAL,7,43,7,201,279,0.214,0.025,0.189,-0.025,0.006,158,-0.03,-0.016,0.465,0.009,,,7,0.5,10,5,0.814,7.977,0,0,0.5,8,54,33,44,18,,59.0,jeremysprinkle,{'dal'},44967,Jeremy Sprinkle,DAL,exact_name_team
00-0030181,Jack Doyle,IND,8,132,169,193,304,0.684,0.556,0.128,0.058,0.085,61,-0.028,-0.017,0.432,0.038,0.172,0.448,29,0.737,19,14,0.576,7.083,0,0,0.111,144,332,37,45,34,22.0,19.0,jackdoyle,{'ind'},40641,Jack Doyle,IND,exact_name_team
00-0036232,Harrison Bryant,CLE,8,111,85,223,281,0.498,0.302,0.195,0.094,0.123,112,-0.029,-0.02,0.505,0.049,-0.077,0.467,30,0.7,10,7,0.991,7.441,0,0,0.076,79,213,30,46,5,48.0,27.0,harrisonbryant,{'cle'},52523,Harrison Bryant,CLE,exact_name_team
00-0033879,O.J. Howard,TB,8,104,115,162,366,0.642,0.314,0.328,0.025,0.059,58,-0.034,-0.02,0.481,-0.002,0.298,0.611,18,0.842,19,16,0.404,6.99,0,0,0.191,94,240,7,47,12,8.0,6.0,ojhoward,{'tb'},44831,O.J. Howard,TB,exact_name_team
00-0033658,Blake Jarwin,DAL,7,106,130,201,279,0.527,0.466,0.061,-0.017,0.017,95,-0.033,-0.022,0.462,0.01,0.083,0.455,22,0.308,13,4,0.792,7.179,0,0,0.102,128,263,52,48,21,32.0,71.0,blakejarwin,{'dal'},45532,Blake Jarwin,DAL,exact_name_team
00-0027061,Jared Cook,LAC,7,45,222,141,306,0.319,0.725,-0.406,0.012,0.066,96,-0.054,-0.029,0.422,0.006,,,9,,4,3,0.578,6.889,0,0,0.063,205,293,84,49,42,,,jaredcook,{'lac'},34540,Jared Cook,LAC,exact_name_team
00-0030155,Demetrius Harris,ARI,8,55,53,215,288,0.256,0.184,0.072,0.013,0.065,160,-0.053,-0.031,0.418,-0.019,0.238,0.5,18,1.0,5,5,0.727,6.945,0,0,0.279,43,124,46,50,45,13.0,1.0,demetriusharris,{'ari'},40615,Demetrius Harris,ARI,exact_name_team
00-0036422,Adam Trautman,NO,7,156,165,190,226,0.821,0.73,0.091,-0.135,-0.063,34,-0.072,-0.034,0.41,0.028,-0.201,0.379,29,0.55,20,11,0.442,7.109,0,0,0.193,150,342,43,51,50,62.0,55.0,adamtrautman,{'no'},52513,Adam Trautman,NO,exact_name_team
00-0031273,Cameron Brate,TB,8,60,188,162,366,0.37,0.514,-0.143,0.001,0.058,102,-0.058,-0.034,0.433,-0.076,0.422,0.615,13,0.714,14,10,0.7,7.117,0,0,0.006,159,271,72,52,32,5.0,22.0,cameronbrate,{'tb'},42033,Cameron Brate,TB,exact_name_team
00-0035689,Dawson Knox,BUF,6,124,191,152,256,0.816,0.746,0.07,0.003,0.086,28,-0.083,-0.035,0.403,-0.132,0.112,0.444,36,0.538,13,7,0.089,6.589,0,0,0.06,167,338,47,53,55,30.0,57.0,dawsonknox,{'buf'},47879,Dawson Knox,BUF,exact_name_team
00-0033258,Darrell Daniels,ARI,6,61,31,161,221,0.379,0.14,0.239,0.037,0.098,100,-0.061,-0.036,0.426,-0.034,0.184,0.526,19,0.714,7,5,0.787,7.148,0,0,0.115,26,98,21,54,40,19.0,22.0,darrelldaniels,{'ari'},45142,Darrell Daniels,ARI,exact_name_team
00-0027981,Kyle Rudolph,NYG,8,103,174,162,335,0.636,0.519,0.116,-0.147,-0.078,59,-0.069,-0.041,0.35,-0.023,-0.106,0.478,23,0.467,15,7,0.738,6.874,0,0,0.271,155,299,40,55,71,52.0,64.0,kylerudolph,{'nyg'},37118,Kyle Rudolph,NYG,exact_name_team
00-0033611,Ricky Seals-Jones,WAS,8,123,225,176,321,0.699,0.701,-0.002,-0.115,-0.037,53,-0.078,-0.045,0.447,-0.025,0.058,0.538,26,0.75,16,12,0.374,6.553,0,0,0.111,208,370,62,56,26,33.0,16.0,rickysealsjones,{'was'},45481,Ricky Seals-Jones,WAS,exact_name_team
00-0030108,Ryan Griffin,NYJ,7,111,157,139,288,0.799,0.545,0.253,-0.131,-0.021,28,-0.111,-0.047,0.405,-0.059,-0.118,0.391,23,0.6,20,12,0.703,7.216,0,0,0.25,144,286,17,57,54,55.0,48.0,ryangriffin,{'nyj'},40149,Ryan Griffin,NYJ,exact_name_team
00-0036887,Luke Farrell,JAX,7,48,59,146,292,0.329,0.202,0.127,-0.05,0.039,98,-0.089,-0.048,0.458,-0.042,0.151,0.5,12,0.667,6,4,0.812,7.146,0,0,0.098,51,116,38,58,24,26.0,30.0,lukefarrell,{'jax'},53574,Luke Farrell,JAX,exact_name_team
00-0033090,Hunter Henry,NE,8,113,242,193,310,0.585,0.781,-0.195,-0.084,-0.005,80,-0.079,-0.051,0.46,0.023,0.01,0.533,15,0.765,17,13,0.646,7.274,0,0,0.119,227,381,76,59,23,39.0,14.0,hunterhenry,{'ne'},43324,Hunter Henry,NE,exact_name_team
00-0034798,Durham Smythe,MIA,8,96,156,143,351,0.671,0.444,0.227,-0.204,-0.108,47,-0.096,-0.052,0.292,-0.155,,,9,0.333,9,3,0.917,6.698,0,0,0.194,129,267,24,60,81,,70.0,durhamsmythe,{'mia'},46192,Durham Smythe,MIA,exact_name_team
00-0033896,Adam Shaheen,MIA,6,66,101,106,272,0.623,0.371,0.251,-0.239,-0.119,40,-0.119,-0.059,0.348,0.023,0.165,0.636,11,0.25,8,2,0.909,6.5,0,0,0.213,94,181,18,61,72,24.0,73.0,adamshaheen,{'mia'},44857,Adam Shaheen,MIA,exact_name_team
00-0033110,Tyler Higbee,LA,8,165,260,195,290,0.846,0.897,-0.05,-0.104,0.036,30,-0.14,-0.061,0.418,-0.015,-0.059,0.393,28,0.429,21,9,0.236,6.794,0,0,0.112,223,447,65,62,45,47.0,66.0,tylerhigbee,{'la'},43399,Tyler Higbee,LA,exact_name_team
00-0034830,Hayden Hurst,ATL,7,71,172,154,290,0.461,0.593,-0.132,-0.185,-0.084,83,-0.101,-0.061,0.296,-0.066,-0.175,0.333,12,,2,0,0.761,7.056,0,0,0.126,167,259,71,63,79,60.0,,haydenhurst,{'atl'},46094,Hayden Hurst,ATL,exact_name_team
00-0033217,Mo Alie-Cox,IND,8,126,136,193,304,0.653,0.447,0.205,0.032,0.131,67,-0.099,-0.062,0.421,0.003,0.246,0.536,28,0.765,17,13,0.611,7.079,0,0,0.122,123,280,27,64,43,12.0,14.0,moaliecox,{'ind'},44792,Mo Alie-Cox,IND,exact_name_team
00-0027656,Rob Gronkowski,TB,4,42,107,56,194,0.75,0.552,0.198,-0.153,0.069,14,-0.222,-0.062,0.429,-0.071,,,7,0.833,6,5,0.452,6.643,0,0,0.144,97,159,29,65,38,,7.0,robgronkowski,{'tb'},35481,Rob Gronkowski,TB,exact_name_team
00-0034365,Ian Thomas,CAR,8,141,185,211,326,0.668,0.567,0.101,-0.083,0.017,70,-0.101,-0.064,0.397,-0.074,-0.001,0.514,35,0.722,18,13,0.525,7.319,0,0,0.229,166,344,42,66,56,42.0,21.0,ianthomas,{'car'},46170,Ian Thomas,CAR,exact_name_team
00-0031484,Chris Manhertz,JAX,7,87,69,146,292,0.596,0.236,0.36,-0.039,0.081,59,-0.12,-0.07,0.471,-0.037,0.166,0.625,24,0.667,6,4,0.759,6.954,0,0,0.4,65,171,3,67,15,23.0,30.0,chrismanhertz,{'jax'},42302,Chris Manhertz,JAX,exact_name_team
00-0033246,Johnny Mundt,LA,6,51,38,147,213,0.347,0.178,0.169,-0.169,-0.04,96,-0.13,-0.072,0.392,-0.056,,,7,0.571,7,4,0.667,7.216,0,0,0.212,33,100,35,68,58,,54.0,johnnymundt,{'la'},45094,Johnny Mundt,LA,exact_name_team
00-0029738,Darren Fells,DET,7,76,69,154,299,0.494,0.231,0.263,-0.077,0.05,78,-0.127,-0.077,0.434,0.075,0.136,0.5,14,0.636,11,7,0.605,7.066,0,0,0.185,65,155,16,69,31,28.0,41.0,darrenfells,{'det'},39907,Darren Fells,DET,exact_name_team
00-0035259,Trevon Wesco,NYJ,6,44,36,115,237,0.383,0.152,0.231,-0.229,-0.079,71,-0.15,-0.077,0.409,-0.013,,,7,0.545,11,6,0.932,7.477,0,0,0.25,32,83,23,70,52,,56.0,trevonwesco,{'nyj'},47904,Trevon Wesco,NYJ,exact_name_team
00-0033858,Jonnu Smith,NE,8,150,121,193,310,0.777,0.39,0.387,-0.085,0.066,43,-0.151,-0.079,0.427,-0.108,-0.05,0.375,24,0.867,15,13,0.487,7.26,3,16,0.156,109,287,2,73,39,46.0,5.0,jonnusmith,{'ne'},44912,Jonnu Smith,NE,exact_name_team
00-0036637,Noah Gray,KC,6,44,55,126,292,0.349,0.188,0.161,-0.1,0.051,82,-0.151,-0.079,0.455,-0.045,0.159,0.6,15,,1,1,0.682,6.568,0,0,0.163,43,106,36,72,25,25.0,,noahgray,{'kc'},53591,Noah Gray,KC,exact_name_team
00-0036332,Josiah Deguara,GB,7,42,49,162,256,0.259,0.191,0.068,-0.147,0.004,120,-0.151,-0.079,0.476,0.06,0.181,0.636,11,,3,2,0.667,7.143,0,0,0.182,33,101,50,71,13,21.0,,josiahdeguara,{'gb'},52502,Josiah Deguara,GB,exact_name_team
00-0035644,Noah Fant,DEN,8,154,266,175,313,0.88,0.85,0.03,-0.109,0.163,21,-0.272,-0.095,0.383,0.05,-0.332,0.349,43,0.692,13,9,0.539,6.942,0,0,0.072,251,435,59,74,61,69.0,29.0,noahfant,{'den'},47803,Noah Fant,DEN,exact_name_team
00-0032135,Jesse James,CHI,7,48,57,165,245,0.291,0.233,0.058,-0.174,0.012,117,-0.185,-0.102,0.292,-0.153,,,9,,3,2,0.854,6.979,0,0,0.25,56,108,53,75,81,,,jessejames,{'chi'},42503,Jesse James,CHI,exact_name_team
00-0034981,Foster Moreau,LV,7,107,126,158,288,0.677,0.438,0.24,-0.218,-0.012,51,-0.206,-0.116,0.43,0.018,,,6,0.5,20,10,0.626,7.271,0,0,0.256,117,254,20,76,36,,59.0,fostermoreau,{'lv'},47920,Foster Moreau,LV,exact_name_team
00-0035631,Drew Sample,CIN,8,129,71,188,273,0.686,0.26,0.426,-0.155,0.07,59,-0.225,-0.135,0.364,-0.11,-0.11,0.429,35,0.214,14,3,0.597,7.163,0,0,0.317,60,213,1,77,66,54.0,74.0,drewsample,{'cin'},47835,Drew Sample,CIN,exact_name_team
00-0032214,Tyler Kroft,NYJ,5,62,138,105,209,0.59,0.66,-0.07,-0.255,0.026,43,-0.282,-0.141,0.355,-0.064,-0.137,0.375,16,0.5,6,3,0.661,7.0,0,0,0.197,132,218,66,78,68,56.0,59.0,tylerkroft,{'nyj'},42428,Tyler Kroft,NYJ,exact_name_team
00-0030061,Zach Ertz,PHI/ARI,8,91,191,153,314,0.595,0.608,-0.014,-0.074,0.169,62,-0.243,-0.143,0.462,-0.022,-0.097,0.516,31,0.643,14,9,0.516,6.582,1,4,0.036,168,309,64,79,22,50.0,39.0,zachertz,"{'ari', 'phi'}",39983,Zach Ertz,PHI,exact_name_team
00-0033720,Colin Thompson,CAR,7,50,22,179,285,0.279,0.077,0.202,-0.215,0.051,129,-0.267,-0.15,0.3,-0.196,-0.282,0.294,17,0.625,8,5,0.74,7.5,0,0,0.562,16,84,28,80,77,64.0,43.0,colinthompson,{'car'},45594,Colin Thompson,CAR,exact_name_team
00-0032141,Geoff Swaim,TEN,8,182,130,243,298,0.749,0.436,0.313,-0.045,0.217,61,-0.262,-0.159,0.341,-0.217,0.056,0.352,54,0.714,14,10,0.637,7.313,0,0,0.292,120,334,12,81,73,34.0,22.0,geoffswaim,{'ten'},42589,Geoff Swaim,TEN,exact_name_team
00-0033885,David Njoku,CLE,8,142,161,223,281,0.637,0.573,0.064,0.019,0.266,81,-0.248,-0.164,0.43,-0.138,-0.156,0.385,39,0.714,14,10,0.754,7.169,0,0,0.181,144,325,51,82,37,58.0,22.0,davidnjoku,{'cle'},44841,David Njoku,CLE,exact_name_team
00-0034988,Kaden Smith,NYG,8,86,82,162,335,0.531,0.245,0.286,-0.258,0.033,76,-0.29,-0.179,0.314,-0.094,-0.042,0.429,21,0.471,17,8,0.733,7.116,0,0,0.368,68,182,14,83,76,45.0,62.0,kadensmith,{'nyg'},47959,Kaden Smith,NYG,exact_name_team
00-0034159,Will Dissly,SEA,8,144,151,178,259,0.809,0.583,0.226,-0.137,0.246,34,-0.383,-0.18,0.382,-0.236,-0.23,0.312,32,0.471,17,8,0.549,6.722,0,0,0.239,134,310,25,84,62,63.0,62.0,willdissly,{'sea'},46189,Will Dissly,SEA,exact_name_team
