nflId,displayName,team,n,value,value_shrunk,higher_is_better,provisional,component_count,meets_min_runs,run_snaps,n_off_runs,n_edge_runs,n_short_yardage,rush_epa_onoff,rush_success_onoff_raw,edge_rush_epa_on,short_yardage_conv,run_tilt,heavy_share,avg_box_on,epa_score,success_score,edge_score,short_score,match_method
52725,Ben Ellefson,MIN,49,98.6842,76.1452,True,True,2,True,49,58,13,4,0.1790,0.1670,-0.0980,,0.3190,0.6730,7.5100,98.6842,98.6842,,,exact_name_team
45785,Dan Arnold,JAX,54,85.6275,75.1488,True,True,2,True,54,120,11,4,0.0610,0.1170,0.4220,,-0.3300,0.1480,6.2780,81.5789,92.1053,,,exact_name_team
44075,Garrett Griffin,NO,76,83.9190,73.5778,True,True,3,True,76,114,14,10,0.1550,0.1360,0.2590,0.6000,0.1700,0.9080,7.4210,94.7368,96.0526,,34.8485,exact_name_team
43845,Stephen Anderson,LAC,53,86.4879,73.2676,True,True,2,True,53,88,14,3,0.0720,0.1160,0.2330,,0.2350,0.8300,7.1890,84.2105,90.1316,,,exact_name_team
52598,Charlie Woerner,SF,68,82.0694,71.4504,True,True,4,True,68,101,23,10,0.1670,0.0550,0.6600,0.6000,0.1920,0.4260,7.4410,96.0526,73.6842,100.0000,34.8485,exact_name_team
46167,Jordan Akins,HOU,72,81.2986,71.2670,True,True,3,True,72,106,9,9,0.0740,0.1160,,0.6670,-0.2030,0.7500,7.0560,85.5263,90.1316,,55.3030,exact_name_team
46176,Christopher Herndon,MIN,40,77.3279,70.2847,True,True,2,True,40,144,10,1,0.0640,0.0440,-0.3080,,0.0690,0.8000,6.9500,82.8947,68.4211,,,exact_name_team
44856,Gerald Everett,SEA,81,89.3943,69.8922,True,True,4,True,81,51,21,12,0.2220,0.1460,0.2250,0.6670,-0.1070,0.6420,6.9750,100.0000,97.3684,83.7838,55.3030,exact_name_team
43370,Austin Hooper,CLE,166,86.6242,69.5101,True,True,4,True,166,57,41,15,0.1730,0.1260,0.0280,0.8000,0.1150,0.6450,7.0540,97.3684,94.7368,54.0541,87.8788,exact_name_team
42721,Eric Tomlinson,BAL,78,78.8479,69.3584,True,True,4,True,78,102,21,12,0.0570,0.0490,0.3100,0.7500,0.3420,0.6410,7.4230,77.6316,70.3947,91.8919,78.7879,exact_name_team
42486,MyCole Pruitt,TEN,141,77.6544,68.5575,True,True,4,True,141,102,40,18,0.0590,0.1230,0.0010,0.7780,0.2410,0.6880,7.3620,79.6053,93.4211,48.6486,84.8485,exact_name_team
46118,Dallas Goedert,PHI,116,85.3968,65.9480,True,True,4,True,116,41,37,17,0.1380,0.1110,0.1940,0.7060,0.0540,0.5260,6.8970,93.4211,88.1579,81.0811,65.1515,exact_name_team
52526,Albert Okwuegbunam,DEN,61,78.7007,65.8879,True,True,3,True,61,62,18,8,0.0940,0.0710,-0.3190,0.6250,0.0760,0.8200,7.4260,90.7895,81.5789,,41.6667,exact_name_team
47924,Zach Gentry,PIT,71,73.9384,65.0062,True,True,3,True,71,84,7,9,0.0490,0.0850,,0.6670,0.2660,0.5770,7.0850,73.6842,85.5263,,55.3030,exact_name_team
53484,Pat Freiermuth,PIT,97,77.4783,64.7569,True,True,3,True,97,58,12,8,0.1130,0.0060,0.0920,0.7500,0.1260,0.5460,6.9180,92.1053,53.2895,,78.7879,exact_name_team
42460,Blake Bell,KC,63,74.9626,64.5615,True,True,3,True,63,70,16,7,0.0280,0.0520,0.2600,1.0000,0.3000,0.8730,6.4290,67.7632,72.3684,,98.4848,exact_name_team
42398,Maxx Williams,ARI,95,80.7594,63.2825,True,True,4,True,95,38,31,11,0.0370,0.1790,0.1820,0.7270,0.0910,0.5790,6.9160,72.3684,100.0000,78.3784,74.2424,exact_name_team
46206,Dalton Schultz,DAL,157,77.2278,62.7449,True,True,4,True,157,44,35,19,0.0900,0.0620,0.2790,0.5260,0.0360,0.6240,7.0130,89.4737,78.9474,89.1892,25.7576,exact_name_team
44835,Evan Engram,NYG,67,74.0580,62.6018,True,True,3,True,67,55,11,11,0.0820,0.1000,-0.1430,0.4550,-0.2000,0.5220,6.9400,88.1579,86.8421,,15.1515,exact_name_team
48456,Donald Parham,LAC,101,73.5541,60.4685,True,True,4,True,101,40,22,10,0.0550,0.0610,0.3200,0.6000,0.3570,0.6140,7.1780,75.0000,77.6316,94.5946,34.8485,exact_name_team
46331,Ross Dwelley,SF,60,62.2884,58.4241,True,True,4,True,60,109,20,8,0.0230,-0.0070,0.4640,0.6250,0.0420,0.6170,7.2500,61.8421,47.3684,97.2973,41.6667,exact_name_team
45635,Robert Tonyan,GB,86,62.3804,58.2536,True,True,3,True,86,100,16,5,0.0000,0.0000,0.0490,1.0000,-0.2160,0.6400,6.9300,56.5789,50.0000,,98.4848,exact_name_team
46155,Mark Andrews,BAL,101,63.3803,58.1941,True,True,4,True,101,79,37,11,0.0150,0.0290,0.0050,0.8180,-0.2350,0.4750,6.9800,59.2105,63.1579,51.3514,90.9091,exact_name_team
52451,Cole Kmet,CHI,169,69.8316,57.7391,True,True,4,True,169,32,30,14,0.0590,0.0390,0.1210,0.6430,-0.0020,0.4500,6.7040,79.6053,67.1053,70.2703,47.7273,exact_name_team
48011,Tommy Sweeney,BUF,43,60.1974,57.3329,True,True,3,True,43,128,16,8,0.0140,0.0590,0.5110,0.6250,0.0360,0.3020,7.3720,57.8947,75.0000,,41.6667,exact_name_team
40011,Travis Kelce,KC,127,67.5259,56.7074,True,True,4,True,127,31,35,10,0.0760,-0.0520,0.0510,0.9000,-0.0750,0.5200,6.2830,86.8421,26.3158,59.4595,95.4545,exact_name_team
40641,Jack Doyle,IND,132,61.8935,56.5361,True,True,4,True,132,61,29,19,-0.0170,0.0380,0.1720,0.7370,0.1280,0.5760,7.0830,47.3684,65.7895,75.6757,75.7576,exact_name_team
53433,Kyle Pitts,ATL,84,60.9805,56.4053,True,True,4,True,84,70,21,7,0.0310,0.0830,0.0480,0.2860,-0.2890,0.7020,7.0830,69.7368,84.2105,56.7568,4.5455,exact_name_team
53512,Tommy Tremble,CAR,92,56.9976,54.9273,True,True,3,True,92,119,19,9,0.0280,-0.0160,0.1410,0.6670,0.0680,0.5870,7.1200,67.7632,40.7895,,55.3030,exact_name_team
30842,Marcedes Lewis,GB,122,58.1356,54.5673,True,True,4,True,122,64,25,10,0.0560,-0.0110,-0.1590,0.8000,0.3200,0.6230,7.0410,76.3158,44.7368,16.2162,87.8788,exact_name_team
46111,Mike Gesicki,MIA,84,57.9471,54.3016,True,True,3,True,84,59,10,7,0.0330,0.0350,0.2310,0.4290,-0.1820,0.8810,6.1790,71.0526,64.4737,,12.1212,exact_name_team
44831,O.J. Howard,TB,104,55.2407,52.8145,True,True,3,True,104,58,18,19,-0.0200,-0.0020,0.2980,0.8420,0.3280,0.4040,6.9900,45.3947,48.6842,,92.4242,exact_name_team
44792,Mo Alie-Cox,IND,126,52.5126,51.4388,True,True,4,True,126,67,28,17,-0.0620,0.0030,0.2460,0.7650,0.2050,0.6110,7.0790,25.0000,51.3158,86.4865,82.5758,exact_name_team
52523,Harrison Bryant,CLE,111,51.6749,51.1579,True,True,4,True,111,112,30,10,-0.0200,0.0490,-0.0770,0.7000,0.1950,0.9910,7.4410,45.3947,70.3947,32.4324,62.8788,exact_name_team
40615,Demetrius Harris,ARI,55,51.1962,50.9114,True,True,3,True,55,160,18,5,-0.0310,-0.0190,0.2380,1.0000,0.0720,0.7270,6.9450,40.7895,39.4737,,98.4848,exact_name_team
44987,Eric Saubert,DEN,72,51.0213,50.6875,True,True,4,True,72,103,24,9,-0.0100,0.0670,-0.2990,0.6670,0.1910,0.9580,7.6110,53.9474,80.2632,5.4054,55.3030,exact_name_team
43324,Hunter Henry,NE,113,49.9813,49.9885,True,True,3,True,113,80,15,17,-0.0510,0.0230,0.0100,0.7650,-0.1950,0.6460,7.2740,31.5789,59.8684,,82.5758,exact_name_team
47791,T.J. Hockenson,DET,120,49.6674,49.8321,True,True,4,True,120,51,26,15,0.0260,-0.0370,-0.1830,0.8000,-0.1750,0.3420,6.7830,65.1316,30.9211,13.5135,87.8788,exact_name_team
45321,Antony Auclair,HOU,92,48.8038,49.2436,True,True,3,True,92,86,16,10,0.0250,-0.0290,-0.0960,0.6000,0.3560,0.8150,7.2280,63.1579,34.2105,,34.8485,exact_name_team
41236,Eric Ebron,PIT,43,48.4818,49.0613,True,True,2,True,43,81,7,3,-0.0130,-0.0080,,,-0.1950,0.5580,6.9300,50.0000,46.0526,,,exact_name_team
45481,Ricky Seals-Jones,WAS,123,47.3569,48.6400,True,True,4,True,123,53,26,16,-0.0450,-0.0250,0.0580,0.7500,-0.0020,0.3740,6.5530,34.2105,35.5263,64.8649,78.7879,exact_name_team
34540,Jared Cook,LAC,45,46.4069,47.6374,True,True,2,True,45,96,9,4,-0.0290,0.0060,,,-0.4060,0.5780,6.8890,42.1053,53.2895,,,exact_name_team
45532,Blake Jarwin,DAL,106,45.9358,47.3372,True,True,4,True,106,95,22,13,-0.0220,0.0100,0.0830,0.3080,0.0610,0.7920,7.1790,43.4211,56.5789,67.5676,6.0606,exact_name_team
53946,Jack Stoll,PHI,58,46.0003,47.2272,True,True,3,True,58,113,14,10,-0.0040,-0.0570,-0.0210,0.7000,0.2170,0.7930,7.1380,55.2632,21.0526,,62.8788,exact_name_team
44967,Jeremy Sprinkle,DAL,43,45.8732,46.8652,True,True,3,True,43,158,7,10,-0.0160,0.0090,,0.5000,0.1890,0.8140,7.9770,48.6842,55.2632,,22.7273,exact_name_team
39907,Darren Fells,DET,76,43.9668,46.3235,True,True,3,True,76,78,14,11,-0.0770,0.0750,0.1360,0.6360,0.2630,0.6050,7.0660,19.0789,82.8947,,45.4545,exact_name_team
52513,Adam Trautman,NO,156,37.4672,44.9272,True,True,4,True,156,34,29,20,-0.0340,0.0280,-0.2010,0.5500,0.0910,0.4420,7.1090,38.8158,61.8421,10.8108,28.7879,exact_name_team
37234,Lee Smith,ATL,82,41.3759,44.9104,True,True,4,True,82,72,21,5,0.0180,-0.0820,-0.0060,0.6000,0.3190,0.6340,7.3050,60.5263,13.1579,43.2432,34.8485,exact_name_team
46226,Tyler Conklin,MIN,135,39.1649,44.6372,True,True,4,True,135,49,29,9,0.0260,-0.0710,-0.3560,0.6670,-0.0870,0.4590,7.0000,65.1316,17.1053,2.7027,55.3030,exact_name_team
45142,Darrell Daniels,ARI,61,41.6268,44.4179,True,True,3,True,61,100,19,7,-0.0360,-0.0340,0.1840,0.7140,0.2390,0.7870,7.1480,36.8421,32.8947,,68.9394,exact_name_team
42302,Chris Manhertz,JAX,87,39.5677,44.3531,True,True,4,True,87,59,24,6,-0.0700,-0.0370,0.1660,0.6670,0.3600,0.7590,6.9540,22.3684,30.9211,72.9730,55.3030,exact_name_team
44857,Adam Shaheen,MIA,66,33.7507,42.7781,True,True,3,True,66,40,11,8,-0.0590,0.0230,0.1650,0.2500,0.2510,0.9090,6.5000,28.9474,59.8684,,3.0303,exact_name_team
43399,Tyler Higbee,LA,165,30.1610,42.5604,True,True,4,True,165,30,28,21,-0.0610,-0.0150,-0.0590,0.4290,-0.0500,0.2360,6.7940,26.9737,42.1053,35.1351,12.1212,exact_name_team
52502,Josiah Deguara,GB,42,39.0688,42.2839,True,True,2,True,42,120,11,3,-0.0790,0.0600,0.1810,,0.0680,0.6670,7.1430,15.7895,76.3158,,,exact_name_team
42500,C.J. Uzomah,CIN,133,33.2680,41.2356,True,True,4,True,133,55,32,12,-0.0110,-0.0530,-0.1090,0.4170,-0.1280,0.5560,7.0600,51.9737,25.0000,24.3243,9.0909,exact_name_team
42033,Cameron Brate,TB,60,36.8571,41.1804,True,True,3,True,60,102,13,14,-0.0340,-0.0760,0.4220,0.7140,-0.1430,0.7000,7.1170,38.8158,14.4737,,68.9394,exact_name_team
44912,Jonnu Smith,NE,150,30.6058,41.0328,True,True,4,True,150,43,24,15,-0.0790,-0.1080,-0.0500,0.8670,0.3870,0.4870,7.2600,15.7895,10.5263,37.8378,93.9394,exact_name_team
53574,Luke Farrell,JAX,48,35.8627,40.6388,True,True,3,True,48,98,12,6,-0.0480,-0.0420,0.1510,0.6670,0.1270,0.8120,7.1460,32.8947,28.9474,,55.3030,exact_name_team
46170,Ian Thomas,CAR,141,33.5193,40.3863,True,True,4,True,141,70,35,18,-0.0640,-0.0740,-0.0010,0.7220,0.1010,0.5250,7.3190,23.6842,15.7895,45.9459,72.7273,exact_name_team
35534,Jimmy Graham,CHI,49,35.6609,40.3164,True,True,3,True,49,104,4,7,-0.0110,-0.0550,,0.4290,0.0550,0.7350,6.9590,51.9737,23.6842,,12.1212,exact_name_team
37118,Kyle Rudolph,NYG,103,31.3265,39.8923,True,True,4,True,103,59,23,15,-0.0410,-0.0230,-0.1060,0.4670,0.1160,0.7380,6.8740,35.5263,36.8421,27.0270,16.6667,exact_name_team
47920,Foster Moreau,LV,107,28.2745,39.0297,True,True,3,True,107,51,6,20,-0.1160,0.0180,,0.5000,0.2400,0.6260,7.2710,11.8421,57.8947,,22.7273,exact_name_team
47904,Trevon Wesco,NYJ,44,28.2222,37.2213,True,True,3,True,44,71,7,11,-0.0770,-0.0130,,0.5450,0.2310,0.9320,7.4770,19.0789,43.4211,,27.2727,exact_name_team
39983,Zach Ertz,PHI,91,25.8024,36.6049,True,True,4,True,91,62,31,14,-0.1430,-0.0220,-0.0970,0.6430,-0.0140,0.5160,6.5820,7.8947,38.1579,29.7297,47.7273,exact_name_team
42589,Geoff Swaim,TEN,182,25.5365,36.5561,True,True,4,True,182,61,54,14,-0.1590,-0.2170,0.0560,0.7140,0.3130,0.6370,7.3130,5.2632,2.6316,62.1622,68.9394,exact_name_team
46192,Durham Smythe,MIA,96,18.1968,34.5902,True,True,3,True,96,47,9,9,-0.0520,-0.1550,,0.3330,0.2270,0.9170,6.6980,30.2632,5.2632,,7.5758,exact_name_team
42428,Tyler Kroft,NYJ,62,15.0344,33.8331,True,True,3,True,62,43,16,6,-0.1410,-0.0640,-0.1370,0.5000,-0.0700,0.6610,7.0000,9.2105,19.7368,,22.7273,exact_name_team
46094,Hayden Hurst,ATL,71,23.6842,33.5774,True,True,2,True,71,83,12,2,-0.0610,-0.0660,-0.1750,,-0.1320,0.7610,7.0560,26.9737,18.4211,,,exact_name_team
45094,Johnny Mundt,LA,51,23.1983,32.3769,True,True,3,True,51,96,7,7,-0.0720,-0.0560,,0.5710,0.1690,0.6670,7.2160,21.0526,22.3684,,30.3030,exact_name_team
46189,Will Dissly,SEA,144,5.3178,31.9143,True,True,4,True,144,34,32,17,-0.1800,-0.2360,-0.2300,0.4710,0.2260,0.5490,6.7220,1.3158,1.3158,8.1081,18.9394,exact_name_team
53591,Noah Gray,KC,44,20.3441,31.5774,True,True,2,True,44,82,15,1,-0.0790,-0.0450,0.1590,,0.1610,0.6820,6.5680,15.7895,27.6316,,,exact_name_team
44841,David Njoku,CLE,142,17.6773,30.0142,True,True,4,True,142,81,39,14,-0.1640,-0.1380,-0.1560,0.7140,0.0640,0.7540,7.1690,3.9474,7.8947,18.9189,68.9394,exact_name_team
47835,Drew Sample,CIN,129,11.0648,28.9250,True,True,4,True,129,59,35,14,-0.1350,-0.1100,-0.1100,0.2140,0.4260,0.5970,7.1630,10.5263,9.2105,21.6216,1.5152,exact_name_team
47959,Kaden Smith,NYG,86,14.9622,28.8661,True,True,4,True,86,76,21,17,-0.1790,-0.0940,-0.0420,0.4710,0.2860,0.7330,7.1160,2.6316,11.8421,40.5405,18.9394,exact_name_team
45594,Colin Thompson,CAR,50,12.3355,22.8563,True,True,3,True,50,129,17,8,-0.1500,-0.1960,-0.2820,0.6250,0.2020,0.7400,7.5000,6.5789,3.9474,,41.6667,exact_name_team
42503,Jesse James,CHI,48,10.6275,22.4157,True,True,2,True,48,117,9,3,-0.1020,-0.1530,,,0.0580,0.8540,6.9790,13.1579,6.5789,,,exact_name_team
42547,Darren Waller,LV,105,,,True,True,0,False,105,26,10,15,0.1620,0.0340,-0.6850,0.6670,-0.1510,0.5140,7.0000,,,,,exact_name_team
41349,Logan Thomas,WAS,63,,,True,True,0,False,63,21,24,10,0.0680,0.0160,-0.2870,0.8000,-0.0050,0.2060,6.2540,,,,,exact_name_team
45339,Pharaoh Brown,HOU,135,,,True,True,0,False,135,29,24,11,0.0080,-0.0660,-0.4180,0.6360,0.3270,0.6960,7.2070,,,,,exact_name_team
44959,George Kittle,SF,98,,,True,True,0,False,98,2,33,13,-0.0100,-0.0610,0.2130,0.6150,0.0190,0.4290,7.1630,,,,,exact_name_team
47879,Dawson Knox,BUF,124,,,True,True,0,False,124,28,36,13,-0.0350,-0.1320,0.1120,0.5380,0.0700,0.0890,6.5890,,,,,exact_name_team
40149,Ryan Griffin,NYJ,111,,,True,True,0,False,111,28,23,20,-0.0470,-0.0590,-0.1180,0.6000,0.2530,0.7030,7.2160,,,,,exact_name_team
35481,Rob Gronkowski,TB,42,,,True,True,0,False,42,14,7,6,-0.0620,-0.0710,,0.8330,0.1980,0.4520,6.6430,,,,,exact_name_team
47803,Noah Fant,DEN,154,,,True,True,0,False,154,21,43,13,-0.0950,0.0500,-0.3320,0.6920,0.0300,0.5390,6.9420,,,,,exact_name_team
