nflId,displayName,team,n,value,value_shrunk,lo,hi,higher_is_better,qualifies_top,chip_sep_mean,chip_exp_sep_mean,chip_release_t_mean,chip_depth_mean,chip_targets,chip_catches,chip_target_rate,n_route,route_resid_mean,route_resid_shrunk,chip_minus_route,chip_minus_route_lo,chip_minus_route_hi,value_linear,value_shrunk_linear,sd
44856,Gerald Everett,SEA,8,2.6514,0.2976,0.9462,4.3566,True,True,8.3044,5.6530,1.9125,2.7975,2,1,0.2500,86,0.3942,0.1188,2.2572,0.5121,4.0023,4.4944,1.9067,7.1510
45785,Dan Arnold,JAX,10,1.7912,0.2869,0.2660,3.3164,True,True,6.4599,4.6687,2.1200,2.9780,4,3,0.4000,126,0.1751,0.0601,1.6160,0.0604,3.1717,2.8149,1.6240,2.1858
52451,Cole Kmet,CHI,14,1.3259,0.2856,0.0369,2.6150,True,True,6.5791,5.2532,1.8500,1.2829,6,5,0.4286,123,0.0122,-0.0128,1.3137,-0.0121,2.6395,2.7608,1.7128,2.6130
46094,Hayden Hurst,ATL,11,1.3474,0.2776,-0.1068,2.8016,True,True,5.6183,4.2709,1.8273,3.5591,1,1,0.0909,127,0.1276,0.0392,1.2198,-0.2661,2.7057,1.8699,1.4054,2.7585
48456,Donald Parham,LAC,8,1.7118,0.2768,0.0066,3.4170,True,True,5.7432,4.0314,1.4750,3.3887,4,4,0.5000,58,0.1322,0.0121,1.5795,-0.1845,3.3436,2.2114,1.4396,1.7370
46331,Ross Dwelley,SF,8,1.5100,0.2723,-0.1952,3.2152,True,True,6.3598,4.8498,1.7625,3.0275,0,0,0.0000,41,0.0452,-0.0163,1.4648,-0.3231,3.2527,2.3710,1.4723,2.6659
40149,Ryan Griffin,NYJ,15,0.9253,0.2721,-0.3200,2.1706,True,True,5.5210,4.5957,1.6600,0.1553,2,1,0.1333,80,0.3154,0.0852,0.6099,-0.6935,1.9133,1.5999,1.3578,2.0352
44792,Mo Alie-Cox,IND,14,0.9566,0.2715,-0.3324,2.2457,True,True,6.7103,5.7537,1.7286,1.9950,2,1,0.1429,79,-0.0970,-0.0541,1.0536,-0.2923,2.3995,2.9710,1.7781,1.9650
46167,Jordan Akins,HOU,9,1.3199,0.2710,-0.2878,2.9276,True,True,6.1429,4.8230,1.6889,2.8344,2,1,0.2222,113,-0.1648,-0.0880,1.4847,-0.1552,3.1247,2.2796,1.4741,2.4080
42033,Cameron Brate,TB,8,1.2999,0.2677,-0.4053,3.0051,True,True,6.1326,4.8327,1.9625,3.0850,1,1,0.1250,139,-0.2739,-0.1461,1.5738,-0.1562,3.3038,2.4902,1.4967,3.6591
46170,Ian Thomas,CAR,19,0.6826,0.2667,-0.4239,1.7891,True,True,5.8884,5.2057,1.6053,1.9000,1,1,0.0526,90,-0.1640,-0.0805,0.8466,-0.3178,2.0110,2.0560,1.5501,2.8934
44841,David Njoku,CLE,14,0.8092,0.2659,-0.4798,2.0982,True,True,5.3423,4.5330,1.7571,2.0493,2,1,0.1429,82,-0.2030,-0.0911,1.0122,-0.3316,2.3561,1.6245,1.3601,2.4194
46155,Mark Andrews,BAL,9,1.0776,0.2650,-0.5301,2.6853,True,True,5.6689,4.5913,1.6778,1.8722,3,3,0.3333,156,0.2902,0.1286,0.7874,-0.8438,2.4185,1.8288,1.3730,2.8096
34540,Jared Cook,LAC,16,0.6547,0.2621,-0.5510,1.8605,True,True,4.6701,4.0154,1.7375,5.9756,1,0,0.0625,158,-0.3337,-0.1838,0.9884,-0.2480,2.2249,1.3755,1.2867,2.4704
44912,Jonnu Smith,NE,11,0.7987,0.2611,-0.6555,2.2530,True,True,5.8908,5.0921,2.0000,1.1291,1,1,0.0909,74,0.3733,0.0978,0.4254,-1.0828,1.9336,2.0983,1.4651,2.0968
45355,Anthony Firkser,TEN,22,0.5294,0.2610,-0.4989,1.5577,True,True,5.4996,4.9702,2.0682,0.9905,2,1,0.0909,69,-0.0907,-0.0503,0.6201,-0.4885,1.7286,1.6410,1.4068,2.2115
40641,Jack Doyle,IND,9,0.7835,0.2577,-0.8242,2.3912,True,True,7.0017,6.2182,1.7889,2.2978,2,2,0.2222,104,-0.2685,-0.1267,1.0520,-0.5908,2.6947,3.3621,1.7171,2.5773
46226,Tyler Conklin,MIN,17,0.3950,0.2512,-0.7748,1.5648,True,True,5.6507,5.2557,2.3059,1.3524,8,6,0.4706,147,-0.2373,-0.1317,0.6323,-0.5714,1.8360,1.8193,1.4454,2.0816
44835,Evan Engram,NYG,13,0.4321,0.2510,-0.9056,1.7698,True,True,5.9524,5.5203,1.9769,2.0669,4,3,0.3077,129,0.0205,-0.0085,0.4116,-0.9600,1.7831,2.2349,1.5340,1.6722
42547,Darren Waller,LV,17,0.3670,0.2499,-0.8027,1.5368,True,True,4.6544,4.2873,1.5706,3.9447,4,2,0.2353,170,-0.0038,-0.0176,0.3709,-0.8283,1.5700,1.0347,1.1681,2.7947
52526,Albert Okwuegbunam,DEN,10,0.3099,0.2461,-1.2153,1.8351,True,True,5.0393,4.7294,1.7800,1.5870,3,3,0.3000,40,0.2388,0.0228,0.0711,-1.5482,1.6904,1.3697,1.2724,2.1609
46206,Dalton Schultz,DAL,17,0.2223,0.2433,-0.9475,1.3921,True,True,4.6749,4.4526,2.0176,1.5618,5,4,0.2941,141,-0.1000,-0.0645,0.3223,-0.8828,1.5274,0.9280,1.1304,2.8287
46189,Will Dissly,SEA,9,0.1486,0.2419,-1.4590,1.7563,True,True,3.9177,3.7690,1.5333,2.1889,3,2,0.3333,76,0.4541,0.1266,-0.3054,-1.9609,1.3500,0.2004,1.0075,2.6180
42460,Blake Bell,KC,11,0.1148,0.2404,-1.3394,1.5690,True,True,4.0558,3.9410,1.6364,3.7245,0,0,0.0000,12,0.3158,-0.0077,-0.2010,-1.9621,1.5601,0.3515,1.0087,1.1834
30842,Marcedes Lewis,GB,9,0.0482,0.2394,-1.5594,1.6559,True,True,4.1859,4.1376,2.0889,0.2789,1,1,0.1111,34,0.2472,0.0174,-0.1989,-1.9115,1.5136,0.3724,1.0461,2.4839
47959,Kaden Smith,NYG,10,-0.0225,0.2370,-1.5477,1.5027,True,True,3.9638,3.9863,1.7800,3.3960,1,1,0.1000,28,-0.6507,-0.1263,0.6282,-1.0298,2.2862,0.2904,1.0098,1.1844
47803,Noah Fant,DEN,40,0.1601,0.2357,-0.6025,0.9227,True,True,5.2053,5.0452,1.7725,1.6947,10,8,0.2500,156,0.1993,0.0832,-0.0392,-0.8500,0.7717,1.4264,1.3453,2.7949
47879,Dawson Knox,BUF,20,0.0749,0.2352,-1.0036,1.1533,True,True,5.5791,5.5042,1.6450,0.0035,1,0,0.0500,118,0.2260,0.0787,-0.1512,-1.2752,0.9729,1.5953,1.3797,2.7515
42589,Geoff Swaim,TEN,12,-0.0677,0.2341,-1.4600,1.3246,True,True,4.5280,4.5957,1.7083,1.2558,0,0,0.0000,62,-0.2767,-0.1018,0.2090,-1.2503,1.6682,0.7758,1.1115,2.1182
47791,T.J. Hockenson,DET,20,0.0136,0.2319,-1.0649,1.0921,True,True,3.8915,3.8779,1.6800,3.2040,2,1,0.1000,230,-0.0541,-0.0453,0.0677,-1.0344,1.1698,0.2149,0.8395,2.1244
43845,Stephen Anderson,LAC,9,-0.2716,0.2315,-1.8793,1.3361,True,True,3.5051,3.7767,1.5556,-1.6511,2,1,0.2222,23,-0.0398,-0.0334,-0.2318,-1.9923,1.5288,-0.4898,0.8526,1.5366
43324,Hunter Henry,NE,28,0.0463,0.2298,-0.8652,0.9578,True,True,5.0267,4.9805,2.1143,0.3275,3,3,0.1071,149,0.1226,0.0432,-0.0764,-1.0304,0.8777,1.1527,1.1992,2.5028
44987,Eric Saubert,DEN,9,-0.3446,0.2297,-1.9523,1.2631,True,True,4.7634,5.1080,1.7000,0.6756,1,1,0.1111,34,0.0706,-0.0141,-0.4152,-2.1278,1.2973,0.8888,1.1620,2.3628
42428,Tyler Kroft,NYJ,15,-0.1646,0.2276,-1.4099,1.0808,True,True,4.1934,4.3579,1.4400,2.9333,3,2,0.2000,77,0.3205,0.0839,-0.4850,-1.7906,0.8206,0.5953,1.0310,2.2960
40011,Travis Kelce,KC,14,-0.3162,0.2229,-1.6052,0.9729,True,True,4.5397,4.8558,1.6714,4.5850,2,1,0.1429,240,-0.0581,-0.0480,-0.2581,-1.5661,1.0499,0.9812,1.1604,1.7924
39983,Zach Ertz,PHI,12,-0.4638,0.2210,-1.8561,0.9285,True,True,3.3389,3.8027,1.5417,3.1717,4,4,0.3333,123,0.2081,0.0734,-0.6719,-2.0983,0.7546,-0.2093,0.8373,1.8819
45635,Robert Tonyan,GB,15,-0.3592,0.2197,-1.6045,0.8861,True,True,4.3857,4.7449,1.9200,1.0327,1,1,0.0667,121,-0.1429,-0.0806,-0.2163,-1.5003,1.0677,0.5506,1.0164,2.1427
45481,Ricky Seals-Jones,WAS,24,-0.1491,0.2193,-1.1336,0.8354,True,True,4.7189,4.8680,1.7917,0.8896,6,5,0.2500,131,0.1105,0.0327,-0.2596,-1.2890,0.7698,0.8076,1.0523,1.5894
37118,Kyle Rudolph,NYG,14,-0.5530,0.2139,-1.8420,0.7360,True,True,4.0721,4.6251,2.0500,1.8350,5,5,0.3571,85,-0.3956,-0.1603,-0.1575,-1.4994,1.1845,0.3376,0.9606,1.6473
43370,Austin Hooper,CLE,17,-0.5037,0.2099,-1.6735,0.6660,True,True,4.0905,4.5942,1.6529,2.3165,6,5,0.3529,88,-0.3568,-0.1492,-0.1470,-1.3729,1.0789,0.3891,0.9400,2.5445
42500,C.J. Uzomah,CIN,18,-0.4877,0.2088,-1.6245,0.6491,True,True,4.1824,4.6701,1.7667,2.2556,4,4,0.2222,160,-0.3710,-0.2036,-0.1167,-1.2856,1.0522,0.5518,0.9884,2.1358
42503,Jesse James,CHI,12,-0.8439,0.2085,-2.2362,0.5484,True,True,3.8821,4.7259,1.5917,2.4292,3,3,0.2500,19,0.0432,-0.0243,-0.8871,-2.4876,0.7134,0.1302,0.9318,1.5912
43399,Tyler Higbee,LA,31,-0.4447,0.1887,-1.3109,0.4216,True,True,3.6299,4.0746,1.6323,4.3726,3,2,0.0968,153,-0.2641,-0.1470,-0.1806,-1.0904,0.7292,0.1588,0.7008,2.2235
47852,Josh Oliver,BAL,7,2.0103,0.2786,0.1874,3.8333,True,False,6.7482,4.7379,1.8571,2.4000,3,2,0.4286,42,0.3866,0.0562,1.6237,-0.2750,3.5224,2.7854,1.5248,1.3757
52942,Juwan Johnson,NO,4,3.2344,0.2778,0.8229,5.6460,True,False,7.9944,4.7599,1.2250,2.8600,0,0,0.0000,46,0.3563,0.0559,2.8781,0.4138,5.3424,4.4784,1.6100,3.2100
47924,Zach Gentry,PIT,2,6.1062,0.2773,2.6958,9.5166,True,False,11.9810,5.8748,1.5000,0.8250,0,0,0.0000,21,-0.1127,-0.0420,6.2189,2.7268,9.7110,8.1648,1.6594,1.2857
42516,James O'Shaughnessy,JAX,6,2.0345,0.2742,0.0655,4.0036,True,False,9.8040,7.7695,1.7500,0.2133,2,2,0.3333,30,-0.1776,-0.0558,2.2122,0.1454,4.2790,5.9667,2.0053,1.2971
53574,Luke Farrell,JAX,5,1.9361,0.2679,-0.2209,4.0930,True,False,7.5137,5.5776,1.5600,2.9000,0,0,0.0000,38,-0.0715,-0.0401,2.0076,-0.2204,4.2356,3.7309,1.5859,4.2018
45339,Pharaoh Brown,HOU,6,1.3570,0.2629,-0.6120,3.3260,True,False,7.1342,5.7772,2.0667,1.0450,2,0,0.3333,61,-0.0364,-0.0336,1.3934,-0.6243,3.4111,3.1304,1.5466,2.3455
52513,Adam Trautman,NO,4,1.5395,0.2588,-0.8721,3.9510,True,False,7.3971,5.8576,2.1250,2.2800,1,1,0.2500,87,-0.0090,-0.0241,1.5485,-0.8911,3.9881,3.5477,1.5039,3.1217
41349,Logan Thomas,WAS,3,1.5956,0.2557,-1.1890,4.3802,True,False,5.1104,3.5149,1.5333,1.5533,1,1,0.3333,77,-0.2154,-0.0928,1.8110,-1.0011,4.6231,1.4434,1.2589,2.1592
46176,Christopher Herndon,MIN,3,1.3395,0.2535,-1.4451,4.1241,True,False,6.2844,4.9448,1.6000,-0.1733,0,0,0.0000,22,0.2790,0.0059,1.0606,-1.8190,3.9402,2.5180,1.3534,2.8308
47920,Foster Moreau,LV,7,0.7052,0.2533,-1.1178,2.5281,True,False,5.3450,4.6398,1.8143,1.2114,1,1,0.1429,72,0.0976,0.0085,0.6076,-1.2599,2.4751,1.5257,1.2934,2.2708
44831,O.J. Howard,TB,7,0.6462,0.2521,-1.1768,2.4691,True,False,4.7269,4.0807,1.8000,0.0171,1,1,0.1429,65,0.0668,-0.0033,0.5794,-1.2928,2.4517,0.9239,1.1828,1.6055
46118,Dallas Goedert,PHI,7,0.6159,0.2515,-1.2071,2.4388,True,False,5.4419,4.8261,2.0857,4.6929,3,3,0.4286,111,-0.2384,-0.1179,0.8542,-0.9978,2.7062,1.5781,1.3030,4.4846
35481,Rob Gronkowski,TB,4,0.8475,0.2511,-1.5641,3.2590,True,False,7.3157,6.4682,1.8750,-0.9425,3,3,0.7500,73,-0.2172,-0.0912,1.0647,-1.3803,3.5096,3.4775,1.4959,2.3401
53959,Brock Wright,DET,2,1.1483,0.2494,-2.2622,4.5587,True,False,5.4819,4.3337,1.2500,1.0750,0,0,0.0000,4,-1.2605,-0.0631,2.4088,-1.4110,6.2286,1.8865,1.2801,0.5312
39907,Darren Fells,DET,5,0.5190,0.2481,-1.6379,2.6760,True,False,4.5395,4.0205,1.8400,1.0120,1,1,0.2000,45,0.2379,0.0279,0.2811,-1.9360,2.4982,0.7854,1.1780,0.6884
53553,John Bates,WAS,2,0.8554,0.2477,-2.5550,4.2658,True,False,4.9588,4.1035,1.8500,2.1100,1,1,0.5000,14,-0.0155,-0.0311,0.8709,-2.6613,4.4032,1.1368,1.2348,3.6024
52962,Tyler Mabry,SEA,1,1.1006,0.2467,-3.7225,5.9237,True,False,7.7950,6.6944,1.8000,2.2500,0,0,0.0000,2,-0.6412,-0.0402,1.7418,-3.6602,7.1439,4.1829,1.3327,
44075,Garrett Griffin,NO,3,0.4011,0.2456,-2.3835,3.1857,True,False,4.1699,3.7689,2.6667,2.3533,0,0,0.0000,21,0.1724,-0.0082,0.2287,-2.6554,3.1127,0.4465,1.1712,1.5473
45142,Darrell Daniels,ARI,4,0.3581,0.2456,-2.0534,2.7697,True,False,5.7534,5.3952,1.6000,1.1275,0,0,0.0000,16,-0.0884,-0.0377,0.4466,-2.1138,3.0069,1.7439,1.2984,3.6669
43079,Daniel Brown,NYJ,2,0.4313,0.2454,-2.9791,3.8418,True,False,2.8893,2.4579,1.4500,8.3000,0,0,0.0000,3,-0.9513,-0.0498,1.3827,-2.5642,5.3295,-1.0268,1.1041,1.4078
53433,Kyle Pitts,ATL,3,0.3331,0.2451,-2.4515,3.1177,True,False,4.2844,3.9513,1.2667,6.9000,1,1,0.3333,220,-0.0667,-0.0525,0.3998,-2.3945,3.1940,1.1871,1.2363,2.1344
40615,Demetrius Harris,ARI,1,0.4544,0.2449,-4.3686,5.2775,True,False,3.3882,2.9338,1.4000,5.5900,0,0,0.0000,25,-0.4018,-0.0833,0.8562,-4.0157,5.7282,0.1326,1.2066,
46544,Deon Yelder,TB,1,0.4472,0.2449,-4.3759,5.2703,True,False,4.4933,4.0460,2.8000,0.1000,0,0,0.0000,2,0.7812,-0.0222,-0.3340,-5.7360,5.0680,0.5763,1.2204,
41327,Richard Rodgers,PHI,1,0.4247,0.2448,-4.3984,5.2478,True,False,4.7298,4.3051,2.7000,0.7900,0,0,0.0000,2,-1.9501,-0.0567,2.3748,-3.0272,7.7769,0.6909,1.2239,
53065,Tommy Hudson,TEN,5,0.2773,0.2448,-1.8796,2.4343,True,False,5.7678,5.4905,2.2400,-2.2820,3,1,0.6000,6,0.9043,0.0021,-0.6270,-3.2010,1.9471,1.5261,1.2806,2.9210
44959,George Kittle,SF,6,0.2134,0.2438,-1.7556,2.1824,True,False,5.9040,5.6906,1.3167,-0.6950,2,2,0.3333,84,-0.4990,-0.1954,0.7125,-1.2920,2.7170,1.9999,1.3638,2.8797
53946,Jack Stoll,PHI,2,0.0724,0.2433,-3.3381,3.4828,True,False,5.3814,5.3090,1.5500,3.0800,0,0,0.0000,14,-0.7042,-0.0876,0.7766,-2.7557,4.3088,1.4458,1.2535,3.6937
52541,Colby Parkinson,SEA,3,0.0709,0.2428,-2.7137,2.8555,True,False,4.0361,3.9652,1.2667,1.9833,0,0,0.0000,19,-0.3223,-0.0638,0.3932,-2.5012,3.2875,0.3380,1.1616,3.4667
52598,Charlie Woerner,SF,7,0.1566,0.2426,-1.6663,1.9796,True,False,4.2894,4.1328,1.8857,4.1343,0,0,0.0000,26,-0.5651,-0.1084,0.7217,-1.2221,2.6655,0.5244,1.1094,2.8757
53556,Kylen Granson,IND,2,-0.1478,0.2421,-3.5582,3.2626,True,False,5.3462,5.4939,2.0500,4.0700,0,0,0.0000,25,0.1179,-0.0118,-0.2656,-3.7448,3.2135,1.6918,1.2683,4.2533
45281,Jacob Hollister,JAX,1,-0.6053,0.2419,-5.4284,4.2178,True,False,4.5602,5.1655,1.6000,12.2100,0,0,0.0000,32,0.0439,-0.0195,-0.6492,-5.5105,4.2121,0.0965,1.2054,
53484,Pat Freiermuth,PIT,1,-0.7607,0.2415,-5.5838,4.0623,True,False,3.4028,4.1636,1.0000,0.4800,0,0,0.0000,109,-0.1485,-0.0801,-0.6123,-5.4466,4.2221,-0.4192,1.1894,
53591,Noah Gray,KC,3,-0.1876,0.2407,-2.9722,2.5970,True,False,4.3411,4.5287,2.2333,-0.4267,0,0,0.0000,24,0.1070,-0.0139,-0.2946,-3.1664,2.5772,0.1570,1.1457,2.9222
45532,Blake Jarwin,DAL,6,0.0056,0.2403,-1.9634,1.9746,True,False,4.8759,4.8704,1.8833,2.2317,1,1,0.1667,92,0.2357,0.0668,-0.2301,-2.2315,1.7713,1.1212,1.2217,1.1974
39109,Derek Carrier,LV,1,-1.5005,0.2394,-6.3236,3.3226,True,False,1.2181,2.7186,1.7000,3.1300,0,0,0.0000,13,0.8131,0.0324,-2.3136,-7.2302,2.6030,-2.3504,1.1292,
53172,Dominique Dafney,GB,1,-1.5925,0.2391,-6.4155,3.2306,True,False,5.0596,6.6521,1.4000,-0.6300,0,0,0.0000,10,0.5564,0.0029,-2.1489,-7.0932,2.7954,1.2309,1.2408,
43206,Ross Travis,ARI,1,-1.9612,0.2381,-6.7843,2.8618,True,False,4.3739,6.3351,2.7000,-0.5600,0,0,0.0000,1,-2.2059,-0.0463,0.2447,-5.6800,6.1694,0.2948,1.2116,
47904,Trevon Wesco,NYJ,4,-0.3196,0.2380,-2.7311,2.0920,True,False,4.1810,4.5005,1.8000,1.0325,0,0,0.0000,17,0.7484,0.0440,-1.0680,-3.6198,1.4839,0.2881,1.1325,1.0387
44967,Jeremy Sprinkle,DAL,1,-2.0455,0.2378,-6.8686,2.7775,True,False,1.6138,3.6593,1.8000,2.1900,0,0,0.0000,3,-0.6553,-0.0442,-1.3902,-6.6064,3.8260,-1.6944,1.1496,
42486,MyCole Pruitt,TEN,6,-0.1544,0.2376,-2.1234,1.8146,True,False,4.8789,5.0333,2.1000,-0.3717,3,2,0.5000,49,-0.5366,-0.1527,0.3822,-1.6473,2.4116,0.9137,1.1881,1.6191
35534,Jimmy Graham,CHI,2,-1.1874,0.2362,-4.5978,2.2230,True,False,2.0959,3.2833,2.4500,4.9050,0,0,0.0000,32,-0.4831,-0.1090,-0.7043,-4.1685,2.7600,-1.4373,1.0793,1.0150
53512,Tommy Tremble,CAR,6,-0.2398,0.2362,-2.2088,1.7292,True,False,3.1309,3.3707,1.4500,5.7700,0,0,0.0000,82,0.0954,0.0115,-0.3351,-2.3405,1.6702,-0.5987,0.9436,2.4202
47835,Drew Sample,CIN,2,-1.2278,0.2360,-4.6383,2.1826,True,False,1.5035,2.7314,1.0500,5.1700,1,0,0.5000,36,-0.1991,-0.0636,-1.0288,-4.4871,2.4295,-2.0199,1.0441,1.0624
47840,J.J. Arcega-Whiteside,PHI,2,-1.3945,0.2351,-4.8049,2.0159,True,False,2.3933,3.7878,1.0500,-0.6250,0,0,0.0000,8,-0.7966,-0.0696,-0.5979,-4.2188,3.0230,-1.5323,1.0735,1.8952
42398,Maxx Williams,ARI,3,-0.8871,0.2348,-3.6717,1.8975,True,False,4.5601,5.4472,1.2333,4.9267,2,2,0.6667,59,0.0933,0.0020,-0.9804,-3.8008,1.8400,1.1422,1.2324,2.9070
48683,Joe Fortson,KC,2,-1.6136,0.2338,-5.0241,1.7968,True,False,1.4248,3.0384,1.2500,16.5750,0,0,0.0000,20,0.2681,0.0016,-1.8817,-5.3779,1.6144,-1.2500,1.0906,1.2806
37234,Lee Smith,ATL,3,-1.1520,0.2325,-3.9366,1.6326,True,False,2.6631,3.8151,1.8000,2.2867,1,1,0.3333,22,0.5262,0.0364,-1.6782,-4.5578,1.2014,-0.9937,1.0445,1.2406
42302,Chris Manhertz,JAX,5,-0.6494,0.2318,-2.8064,1.5075,True,False,4.6839,5.3334,1.7800,1.0880,0,0,0.0000,27,-0.4568,-0.0949,-0.1926,-2.4489,2.0637,0.7670,1.1754,2.9543
41236,Eric Ebron,PIT,6,-0.5478,0.2311,-2.5169,1.4212,True,False,5.2383,5.7861,1.6333,0.6500,0,0,0.0000,96,-0.0845,-0.0522,-0.4634,-2.4635,1.5367,1.4349,1.2724,2.2778
37179,Luke Stocker,MIN,2,-2.4383,0.2292,-5.8487,0.9721,True,False,2.5524,4.9906,1.5000,0.8950,1,1,0.5000,2,0.5449,-0.0252,-2.9832,-7.1726,1.2062,-1.3466,1.0847,1.1068
46192,Durham Smythe,MIA,4,-1.1260,0.2290,-3.5376,1.2855,True,False,3.9468,5.0729,1.9250,-0.7875,1,0,0.2500,81,-0.0121,-0.0255,-1.1140,-3.5556,1.3277,0.0009,1.0998,1.1858
45321,Antony Auclair,HOU,2,-2.5944,0.2283,-6.0048,0.8160,True,False,0.9869,3.5813,2.0500,-1.8750,0,0,0.0000,15,-0.1355,-0.0415,-2.4589,-5.9831,1.0654,-3.2077,0.9723,0.9397
44857,Adam Shaheen,MIA,5,-0.9600,0.2275,-3.1169,1.1969,True,False,5.2118,6.1718,2.3200,-0.7680,0,0,0.0000,55,0.4022,0.0806,-1.3622,-3.5685,0.8440,1.1175,1.2240,2.2233
48011,Tommy Sweeney,BUF,6,-0.8379,0.2262,-2.8070,1.1311,True,False,3.8852,4.7231,1.7167,2.9867,2,2,0.3333,29,0.1724,-0.0004,-1.0104,-3.0804,1.0597,0.1908,1.0712,1.1404
52523,Harrison Bryant,CLE,7,-0.7825,0.2243,-2.6055,1.0404,True,False,4.4414,5.2239,1.4571,1.2871,1,1,0.1429,58,-0.2583,-0.0935,-0.5242,-2.4023,1.3539,0.6794,1.1379,2.9441
46111,Mike Gesicki,MIA,4,-1.6917,0.2226,-4.1032,0.7198,True,False,4.1610,5.8527,2.3500,2.0225,0,0,0.0000,200,-0.0062,-0.0177,-1.6855,-4.1093,0.7383,0.0627,1.1068,1.7973
42721,Eric Tomlinson,BAL,3,-2.3643,0.2223,-5.1489,0.4203,True,False,3.8888,6.2531,1.8000,0.8567,0,0,0.0000,12,-0.2940,-0.0511,-2.0703,-5.0267,0.8862,-0.0193,1.1302,0.9568
45094,Johnny Mundt,LA,2,-3.8143,0.2214,-7.2247,-0.4039,True,False,1.0905,4.9048,1.8000,2.6650,0,0,0.0000,24,-0.2113,-0.0563,-3.6030,-7.0850,-0.1210,-2.8387,0.9946,0.8132
52502,Josiah Deguara,GB,4,-1.8089,0.2213,-4.2204,0.6026,True,False,2.9777,4.7866,2.0750,2.7875,0,0,0.0000,17,-0.7015,-0.0980,-1.1074,-3.6593,1.4444,-1.1239,0.9716,2.1475
