nflId,displayName,team,n,value,value_shrunk,lo,hi,value_shrunk_lo,value_shrunk_hi,higher_is_better,n_chip_release,share_inline,share_wing,share_detached,share_backfield,n_live_t15,k_t15,rate_t15,rate_t15_lo,rate_t15_hi,rate_t15_shrunk,uncond_t15,n_live_t25,k_t25,rate_t25,rate_t25_lo,rate_t25_hi,rate_t25_shrunk,uncond_t25,n_live_t35,k_t35,rate_t35,rate_t35_lo,rate_t35_hi,rate_t35_shrunk,uncond_t35,uncond_mean,mofa_oe_lo,mofa_oe_hi,expected_t15,oe_t15,oe_t15_shrunk,expected_t25,oe_t25,oe_t25_shrunk,expected_t35,oe_t35,oe_t35_shrunk,mofa_expected,mofa_oe,mofa_oe_shrunk,n_live_cp_inline,pooled_rate_inline,n_live_cp_wing,pooled_rate_wing,n_live_cp_detached,pooled_rate_detached,n_live_cp_backfield,pooled_rate_backfield
53484,Pat Freiermuth,PIT,119,0.17494,0.1851,0.096937,0.27164,0.17093,0.19998,True,3,0.47899,0.033613,0.48739,0,115,34,0.29565,0.21995,0.38457,0.2099,0.28571,48,3,0.0625,0.021483,0.16836,0.1464,0.02521,12,2,0.16667,0.046964,0.44804,0.19898,0.016807,0.10924,-0.083249,0.076931,0.16488,0.13078,0.034576,0.17389,-0.11139,-0.022877,0.2161,-0.049434,-0.00099682,0.18496,-0.010018,0.0035674,89,0.19101,7,0,79,0.27848,0,
46118,Dallas Goedert,PHI,143,0.19537,0.1839,0.14983,0.24482,0.1674,0.20148,True,9,0.35664,0.027972,0.61538,0,143,32,0.22378,0.16321,0.2988,0.18397,0.22378,111,12,0.10811,0.062931,0.1795,0.14605,0.083916,59,15,0.25424,0.16056,0.37796,0.22167,0.1049,0.13753,-0.023439,0.06283,0.16306,0.060721,0.0184,0.17532,-0.067207,-0.024743,0.19327,0.060964,0.047571,0.17721,0.018159,0.013743,109,0.12844,11,0.090909,193,0.22798,0,
41236,Eric Ebron,PIT,108,0.19127,0.18198,0.11256,0.2877,0.1679,0.19674,True,9,0.71296,0.046296,0.24074,0,107,28,0.26168,0.1877,0.35219,0.19377,0.25926,55,8,0.14545,0.075592,0.26161,0.1532,0.074074,12,2,0.16667,0.046964,0.44804,0.19898,0.018519,0.11728,-0.067396,0.10552,0.14916,0.11252,0.028044,0.17374,-0.028285,-0.0098804,0.22525,-0.058586,-0.0037263,0.18272,0.0085508,0.0048123,125,0.208,10,0.3,39,0.23077,0,
47791,T.J. Hockenson,DET,279,0.20765,0.18141,0.16324,0.25631,0.1637,0.20033,True,25,0.27957,0.02509,0.69176,0.0035842,278,46,0.16547,0.1264,0.21365,0.15928,0.16487,190,46,0.24211,0.1867,0.30774,0.17724,0.16487,65,14,0.21538,0.13287,0.32967,0.2077,0.050179,0.12664,-0.017778,0.068955,0.17555,-0.010084,-0.0053671,0.17796,0.064149,0.024462,0.20018,0.015202,0.01653,0.18456,0.023089,0.011875,154,0.2013,16,0.0625,362,0.20442,1,0
44792,Mo Alie-Cox,IND,108,0.1974,0.17901,0.14168,0.25667,0.16298,0.19655,True,19,0.39815,0.037037,0.56481,0,108,17,0.15741,0.10066,0.23769,0.15212,0.15741,92,12,0.13043,0.076214,0.21428,0.15051,0.11111,46,14,0.30435,0.1908,0.44806,0.23439,0.12963,0.13272,-0.025107,0.085756,0.15496,0.0024458,-0.00020907,0.16472,-0.034283,-0.013495,0.18823,0.11612,0.079403,0.1693,0.028094,0.021899,101,0.10891,12,0.16667,133,0.22556,0,
52942,Juwan Johnson,NO,58,0.20323,0.17895,0.11491,0.29333,0.16399,0.19512,True,4,0.25862,0,0.74138,0,58,13,0.22414,0.13594,0.34661,0.16861,0.22414,43,3,0.069767,0.024011,0.18609,0.14768,0.051724,19,6,0.31579,0.15364,0.5399,0.22056,0.10345,0.12644,-0.041829,0.12752,0.15252,0.071615,0.010338,0.15587,-0.086104,-0.017637,0.17787,0.13792,0.067183,0.16209,0.041143,0.019961,36,0.16667,0,,84,0.19048,0,
45785,Dan Arnold,JAX,154,0.1933,0.1786,0.13302,0.25867,0.16196,0.19672,True,13,0.16234,0.019481,0.81169,0.0064935,153,30,0.19608,0.14094,0.2661,0.17174,0.19481,101,15,0.14851,0.092115,0.23067,0.15312,0.097403,34,8,0.23529,0.12437,0.39996,0.21093,0.051948,0.11472,-0.044144,0.082843,0.16618,0.029897,0.0091244,0.17155,-0.023032,-0.010783,0.1941,0.041198,0.031393,0.17727,0.016021,0.0099116,47,0.19149,6,0,233,0.18455,2,0.5
42547,Darren Waller,LV,209,0.19377,0.17785,0.14815,0.24166,0.16053,0.19646,True,22,0.49282,0.033493,0.47368,0,207,37,0.17874,0.13255,0.23664,0.16555,0.17703,151,29,0.19205,0.13718,0.26221,0.16243,0.13876,57,12,0.21053,0.12474,0.33286,0.20557,0.057416,0.1244,-0.01357,0.078567,0.15358,0.025165,0.0093994,0.14887,0.043186,0.01268,0.1849,0.025631,0.023629,0.16245,0.031327,0.015236,210,0.2,11,0.36364,194,0.16495,0,
39907,Darren Fells,DET,53,0.30435,0.17766,0.13275,0.47754,0.16576,0.18998,True,6,0.49057,0.037736,0.4717,0,53,9,0.16981,0.091998,0.29226,0.15384,0.16981,37,9,0.24324,0.13361,0.40118,0.15982,0.16981,6,3,0.5,0.18761,0.81239,0.21933,0.056604,0.13208,-0.056873,0.30612,0.15178,0.018033,0.0016656,0.18138,0.061863,0.0029387,0.21942,0.28058,0.065326,0.18419,0.12016,0.02331,46,0.28261,5,0.2,45,0.15556,0,
46155,Mark Andrews,BAL,213,0.19964,0.17766,0.15802,0.24437,0.15972,0.19648,True,13,0.2723,0.018779,0.70423,0.0046948,211,41,0.19431,0.14659,0.25297,0.17453,0.19249,167,41,0.24551,0.18644,0.31602,0.17592,0.19249,88,14,0.15909,0.097198,0.2495,0.18253,0.065728,0.15023,-0.019553,0.064129,0.17452,0.019789,0.0073425,0.1707,0.074807,0.026547,0.19142,-0.032324,-0.019713,0.17888,0.020757,0.0047252,131,0.22901,8,0,325,0.20308,2,0
47959,Kaden Smith,NYG,43,0.24193,0.1772,0.14608,0.33315,0.16401,0.19009,True,11,0.4186,0.2093,0.30233,0.069767,43,1,0.023256,0.004117,0.12059,0.12214,0.023256,35,4,0.11429,0.045351,0.25952,0.15154,0.093023,17,10,0.58824,0.36005,0.78389,0.25794,0.23256,0.11628,-0.0013828,0.18373,0.1158,-0.092542,-0.012276,0.15714,-0.042857,-0.01038,0.16905,0.41919,0.16976,0.14733,0.094596,0.049034,40,0.125,23,0.21739,26,0.19231,6,0
40641,Jack Doyle,IND,128,0.18703,0.17706,0.13566,0.24429,0.1622,0.19297,True,10,0.35156,0.085938,0.55469,0.0078125,126,24,0.19048,0.13147,0.2678,0.16698,0.1875,83,11,0.13253,0.075642,0.22193,0.15109,0.085938,42,10,0.2381,0.13481,0.38528,0.2131,0.078125,0.11719,-0.031868,0.07256,0.1648,0.025672,0.0066158,0.16217,-0.029645,-0.011772,0.18069,0.057408,0.042203,0.16922,0.017812,0.012349,91,0.15385,27,0.18519,131,0.19847,2,0
53512,Tommy Tremble,CAR,98,0.20896,0.17678,0.14143,0.27906,0.16216,0.19189,True,9,0.38776,0.081633,0.53061,0,97,15,0.15464,0.09601,0.23958,0.15086,0.15306,79,13,0.16456,0.098766,0.26146,0.15537,0.13265,26,8,0.30769,0.16501,0.49989,0.22413,0.081633,0.12245,-0.015194,0.10747,0.15134,0.0032957,-7.8183e-05,0.16776,-0.0032039,-0.0051867,0.17321,0.13448,0.074664,0.16411,0.044857,0.023133,80,0.2,19,0.10526,103,0.17476,0,
45281,Jacob Hollister,JAX,36,0.25926,0.17622,0.13227,0.38595,0.16537,0.18758,True,1,0.13889,0.027778,0.72222,0.11111,36,7,0.19444,0.09753,0.35028,0.15697,0.19444,24,5,0.20833,0.092447,0.40471,0.15635,0.13889,8,3,0.375,0.13684,0.69426,0.21534,0.083333,0.13889,-0.028355,0.18753,0.1471,0.047347,0.0039126,0.16982,0.038514,-0.0019192,0.2159,0.1591,0.050387,0.17761,0.081652,0.01746,10,0.2,3,0,46,0.26087,9,0.11111
46170,Ian Thomas,CAR,128,0.21426,0.17605,0.14736,0.28473,0.15828,0.19516,True,23,0.51562,0,0.48438,0,128,16,0.125,0.078426,0.19343,0.13813,0.125,100,24,0.24,0.16691,0.33233,0.16764,0.1875,36,10,0.27778,0.15848,0.43993,0.22238,0.078125,0.13021,-0.021014,0.10387,0.15193,-0.026934,-0.0086775,0.17553,0.06447,0.014321,0.19628,0.081495,0.054282,0.17458,0.039677,0.019975,147,0.21088,0,,117,0.16239,0,
47835,Drew Sample,CIN,41,0.33014,0.1757,0.14719,0.5012,0.16318,0.18816,True,3,0.60976,0.073171,0.29268,0.02439,41,4,0.097561,0.038596,0.22548,0.13821,0.097561,28,9,0.32143,0.17933,0.50661,0.1624,0.21951,7,4,0.57143,0.25045,0.84178,0.2265,0.097561,0.13821,-0.031326,0.33586,0.1282,-0.03064,-0.0045831,0.16219,0.15924,0.010866,0.2154,0.35602,0.086422,0.1686,0.16154,0.030902,46,0.15217,7,0.42857,20,0.25,3,0.66667
42503,Jesse James,CHI,42,0.23362,0.1754,0.1293,0.34504,0.16202,0.18948,True,17,0.64286,0.02381,0.33333,0,42,5,0.11905,0.051937,0.25001,0.14246,0.11905,33,6,0.18182,0.086107,0.34389,0.15563,0.14286,15,6,0.4,0.19824,0.64254,0.22811,0.14286,0.13492,-0.01515,0.18563,0.10759,0.01146,0.00036909,0.15317,0.028647,-0.0017834,0.18877,0.21123,0.086073,0.14984,0.083779,0.02822,62,0.16129,2,0.5,26,0.23077,0,
48683,Joe Fortson,KC,26,0.25053,0.17502,0.081566,0.45523,0.16418,0.18766,True,3,0.46154,0,0.53846,0,26,6,0.23077,0.11034,0.42052,0.16002,0.23077,16,3,0.1875,0.065915,0.43009,0.15498,0.11538,6,2,0.33333,0.096769,0.70001,0.21006,0.076923,0.14103,-0.06704,0.25808,0.1531,0.077671,0.0049671,0.15866,0.028837,-0.0037238,0.18615,0.14718,0.041949,0.16597,0.084564,0.014397,24,0.20833,0,,24,0.25,0,
46111,Mike Gesicki,MIA,237,0.18434,0.17487,0.14281,0.23012,0.15875,0.19291,True,5,0.025316,0.029536,0.94515,0,236,39,0.16525,0.12331,0.21793,0.1585,0.16456,142,24,0.16901,0.11629,0.23918,0.15717,0.10127,64,14,0.21875,0.13502,0.33433,0.20895,0.059072,0.1083,-0.033467,0.044579,0.18272,-0.017466,-0.008196,0.17638,-0.0073659,-0.0063786,0.18157,0.03718,0.031795,0.18022,0.0041163,0.00574,11,0.36364,14,0.071429,417,0.17266,0,
47920,Foster Moreau,LV,87,0.19079,0.1748,0.12029,0.27506,0.16235,0.18907,True,9,0.48276,0,0.50575,0.011494,87,18,0.2069,0.13507,0.30351,0.16905,0.2069,56,13,0.23214,0.14099,0.35768,0.16146,0.14943,15,2,0.13333,0.03736,0.37882,0.19387,0.022989,0.12644,-0.03686,0.11993,0.15314,0.053756,0.0109,0.14757,0.084572,0.010778,0.16804,-0.034705,0.00075231,0.15625,0.034541,0.0074769,77,0.22078,0,,80,0.2,1,0
52725,Ben Ellefson,MIN,10,0.31111,0.17475,0.066667,0.67778,0.16695,0.1829,True,0,1,0,0,0,10,4,0.4,0.16818,0.68733,0.1633,0.4,5,1,0.2,0.036223,0.62447,0.15443,0.1,3,1,0.33333,0.06149,0.79235,0.20653,0.1,0.2,-0.098551,0.54036,0.10663,0.29337,0.0080743,0.16074,0.039257,-0.0049286,0.2027,0.13063,0.030252,0.15669,0.15442,0.011133,18,0.33333,0,,0,,0,
44835,Evan Engram,NYG,164,0.20601,0.17452,0.14065,0.26777,0.15775,0.19124,True,22,0.097561,0.11585,0.78659,0,164,18,0.10976,0.070561,0.16681,0.12898,0.10976,103,16,0.15534,0.097937,0.23753,0.15422,0.097561,34,12,0.35294,0.21488,0.52086,0.24038,0.073171,0.093496,-0.039734,0.081615,0.17416,-0.064402,-0.023034,0.17012,-0.014784,-0.0084396,0.20762,0.14533,0.088278,0.18397,0.022047,0.018935,31,0.032258,45,0.17778,225,0.16444,0,
46206,Dalton Schultz,DAL,172,0.19498,0.174,0.13313,0.2594,0.15784,0.19073,True,20,0.4186,0.005814,0.55814,0.017442,171,21,0.12281,0.081743,0.18045,0.1353,0.12209,109,13,0.11927,0.071039,0.19342,0.14808,0.075581,35,12,0.34286,0.20831,0.50848,0.23862,0.069767,0.089147,-0.035669,0.085453,0.15554,-0.032734,-0.012373,0.16333,-0.044066,-0.017461,0.19363,0.14923,0.091341,0.17083,0.024143,0.020503,144,0.10417,1,0,165,0.18788,5,0
46226,Tyler Conklin,MIN,174,0.19247,0.17374,0.12936,0.26037,0.15699,0.19209,True,17,0.81609,0.022989,0.15517,0.0057471,174,25,0.14368,0.099251,0.2035,0.14603,0.14368,118,19,0.16102,0.10557,0.23784,0.15528,0.1092,33,9,0.27273,0.15067,0.44218,0.21991,0.051724,0.10153,-0.035322,0.098335,0.13548,0.0082031,0.0022237,0.15681,0.0042101,-0.0025925,0.1973,0.075432,0.049682,0.16319,0.029282,0.016438,263,0.1597,9,0.11111,52,0.19231,1,0
44856,Gerald Everett,SEA,113,0.18163,0.17353,0.12026,0.24449,0.1586,0.18865,True,13,0.35398,0.053097,0.59292,0,113,15,0.13274,0.082122,0.20752,0.14204,0.13274,79,7,0.088608,0.043585,0.17179,0.14552,0.061947,34,11,0.32353,0.19131,0.49157,0.23302,0.097345,0.097345,-0.071241,0.061308,0.17211,-0.039369,-0.011353,0.1769,-0.088289,-0.025677,0.21581,0.10772,0.067735,0.18827,-0.0066461,0.010235,85,0.21176,15,0.2,126,0.095238,0,
44987,Eric Saubert,DEN,53,0.21012,0.17333,0.12286,0.31042,0.16088,0.18583,True,10,0.56604,0.13208,0.26415,0.037736,53,10,0.18868,0.10585,0.31359,0.15852,0.18868,40,11,0.275,0.16108,0.42835,0.16249,0.20755,12,2,0.16667,0.046964,0.44804,0.19898,0.037736,0.14465,-0.048531,0.13881,0.14981,0.038865,0.0047089,0.1764,0.098599,0.0086342,0.18561,-0.018946,0.0080957,0.17061,0.039506,0.0071462,60,0.21667,15,0.2,24,0.29167,6,0
44841,David Njoku,CLE,118,0.18399,0.1729,0.12207,0.24767,0.15636,0.19059,True,21,0.55085,0,0.44915,0,118,17,0.14407,0.091935,0.21865,0.14667,0.14407,76,11,0.14474,0.082784,0.24088,0.15284,0.09322,38,10,0.26316,0.14971,0.42009,0.2192,0.084746,0.10734,-0.042559,0.074232,0.14754,-0.0034723,-0.0017794,0.16369,-0.018955,-0.008888,0.19159,0.071568,0.049409,0.16761,0.01638,0.012914,126,0.13492,0,,106,0.19811,0,
45355,Anthony Firkser,TEN,116,0.2121,0.17221,0.14571,0.28746,0.15948,0.18671,True,37,0.11207,0.025862,0.86207,0,116,12,0.10345,0.060172,0.17215,0.12967,0.10345,79,12,0.1519,0.089082,0.247,0.15373,0.10345,21,8,0.38095,0.20751,0.59122,0.23325,0.068966,0.091954,-0.011119,0.12106,0.15109,-0.047637,-0.013803,0.14705,0.0048491,-0.0032474,0.18315,0.19781,0.095599,0.16043,0.051672,0.026183,31,0.064516,8,0.375,177,0.15254,0,
45339,Pharaoh Brown,HOU,74,0.17434,0.17219,0.095966,0.26522,0.1577,0.18833,True,6,0.72973,0.067568,0.17568,0.027027,74,12,0.16216,0.09527,0.2624,0.15286,0.16216,40,4,0.1,0.039579,0.23052,0.15021,0.054054,23,6,0.26087,0.12548,0.4647,0.21349,0.081081,0.099099,-0.068266,0.10194,0.12265,0.03951,0.006702,0.16957,-0.069569,-0.014639,0.19596,0.064906,0.039931,0.16273,0.011616,0.010665,99,0.12121,13,0.30769,22,0.27273,3,0
47924,Zach Gentry,PIT,27,0.18519,0.17206,0.049383,0.4321,0.16313,0.18173,True,4,0.77778,0.074074,0.14815,0,27,6,0.22222,0.10607,0.40757,0.15916,0.22222,12,1,0.083333,0.014865,0.35389,0.15243,0.037037,4,1,0.25,0.045586,0.69936,0.20458,0.037037,0.098765,-0.11982,0.23181,0.15478,0.067444,0.0043631,0.1818,-0.098465,-0.010075,0.18744,0.062557,0.024919,0.17467,0.010512,0.0064026,31,0.19355,3,0.33333,9,0.11111,0,
37179,Luke Stocker,MIN,4,0.33333,0.17142,0,0.66667,0.16557,0.17728,True,2,0.75,0,0.25,0,4,1,0.25,0.045586,0.69936,0.15104,0.25,4,1,0.25,0.045586,0.69936,0.15472,0.25,2,1,0.5,0.094529,0.90547,0.20852,0.25,0.25,-0.20537,0.49966,0.11053,0.13947,0.00065773,0.2188,0.031201,-0.0052306,0.22923,0.27077,0.036202,0.18619,0.14715,0.010543,8,0.125,0,,2,1,0,
53576,Brevin Jordan,HOU,9,0.22222,0.1714,,,0.16583,0.17742,True,0,0.88889,0,0.11111,0,9,3,0.33333,0.12058,0.6458,0.15837,0.33333,3,1,0.33333,0.06149,0.79235,0.15501,0.11111,1,0,0,0,0.79346,0.20082,0,0.14815,,,0.19527,0.13807,0.0027952,0.24279,0.09054,-0.0046688,0.30512,-0.30512,0.0084815,0.24773,-0.025506,0.0022026,12,0.33333,0,,1,0,0,
45217,Cethan Carter,MIA,13,0.21492,0.17124,0.025641,0.41453,0.16369,0.18014,True,0,0.076923,0.15385,0.76923,0,13,2,0.15385,0.043257,0.42235,0.14897,0.15385,11,1,0.090909,0.016232,0.37736,0.15272,0.076923,5,2,0.4,0.11762,0.76928,0.21202,0.15385,0.12821,-0.07537,0.29067,0.096241,0.057605,0.001231,0.12342,-0.032514,-0.0069451,0.14272,0.25728,0.055344,0.1208,0.094123,0.016543,2,0,5,0.4,22,0.13636,0,
43324,Hunter Henry,NE,198,0.18051,0.17117,0.12888,0.23697,0.15533,0.18829,True,35,0.18182,0.030303,0.78788,0,197,28,0.14213,0.1002,0.19775,0.14503,0.14141,124,20,0.16129,0.1069,0.23603,0.15538,0.10101,42,10,0.2381,0.13481,0.38528,0.2131,0.050505,0.097643,-0.028215,0.072466,0.13311,0.0090182,0.002812,0.14891,0.01238,0.00023273,0.195,0.043093,0.033643,0.15901,0.021497,0.012229,60,0.18333,10,0.1,293,0.157,0,
53433,Kyle Pitts,ATL,239,0.16927,0.17114,0.12602,0.21511,0.15608,0.18709,True,5,0.14226,0.033473,0.82427,0,237,44,0.18565,0.14131,0.24003,0.17067,0.1841,145,26,0.17931,0.1254,0.24977,0.15943,0.10879,49,7,0.14286,0.070963,0.26668,0.18332,0.029289,0.10739,-0.029638,0.05155,0.1637,0.021959,0.0088747,0.15452,0.024788,0.0054458,0.16212,-0.019259,-0.0050573,0.16011,0.0091623,0.0030877,61,0.19672,15,0.066667,355,0.18028,0,
46331,Ross Dwelley,SF,57,0.18223,0.17113,0.095974,0.27589,0.15679,0.18641,True,9,0.31579,0.14035,0.52632,0.017544,57,7,0.12281,0.06078,0.23247,0.14183,0.12281,37,4,0.10811,0.042851,0.24709,0.151,0.070175,19,6,0.31579,0.15364,0.5399,0.22056,0.10526,0.099415,-0.046078,0.13073,0.13842,-0.015617,-0.0033852,0.14064,-0.032529,-0.0092711,0.149,0.16679,0.078797,0.14269,0.039549,0.022047,37,0.10811,15,0.2,58,0.17241,3,0
48096,Andrew Beck,DEN,6,0.19444,0.17069,0,0.44444,0.16354,0.18029,True,0,0.5,0,0.16667,0.33333,6,2,0.33333,0.096769,0.70001,0.15522,0.33333,6,0,0,0,0.39034,0.15228,0,4,1,0.25,0.045586,0.69936,0.20458,0.16667,0.16667,-0.079448,0.30837,0.092093,0.24124,0.0034704,0.11507,-0.11507,-0.008386,0.1437,0.1063,0.030347,0.11695,0.077491,0.0084772,8,0.25,0,,3,0.33333,5,0
53896,Tory Carter,TEN,1,0.33333,0.17064,0.33333,0.33333,0.17064,0.17064,True,0,0,0,0,1,1,0,0,0,0.79346,0.14766,0,1,0,0,0,0.79346,0.15371,0,1,1,1,0.20654,1,0.21054,1,0.33333,0.18452,0.18452,0.0061542,-0.0061542,-0.0011507,0.15051,-0.15051,-0.0063944,0.28977,0.71023,0.04321,0.14881,0.18452,0.011888,0,,0,,0,,3,0.33333
44857,Adam Shaheen,MIA,73,0.17347,0.17063,0.10638,0.2484,0.1587,0.18366,True,6,0.41096,0,0.58904,0,72,14,0.19444,0.11951,0.30033,0.16276,0.19178,48,10,0.20833,0.1173,0.34259,0.15851,0.13699,17,2,0.11765,0.032879,0.34337,0.19061,0.027397,0.11872,-0.035525,0.095098,0.12885,0.065591,0.011449,0.15493,0.053405,0.003754,0.15911,-0.041467,-0.0033565,0.14763,0.025843,0.0039487,58,0.2069,0,,79,0.17722,0,
37234,Lee Smith,ATL,28,0.19841,0.17042,0.049383,0.35531,0.16064,0.18098,True,5,0.64286,0.25,0.10714,0,27,3,0.11111,0.03852,0.28058,0.14319,0.10714,18,1,0.055556,0.0098749,0.25758,0.15077,0.035714,7,3,0.42857,0.15822,0.74955,0.21731,0.10714,0.083333,-0.095647,0.18194,0.12599,-0.014874,-0.002236,0.16485,-0.1093,-0.012791,0.19008,0.2385,0.063075,0.1603,0.038109,0.016016,30,0.1,15,0.066667,7,0.42857,0,
53574,Luke Farrell,JAX,45,0.18739,0.17026,0.094986,0.30371,0.15752,0.18546,True,5,0.31111,0.13333,0.51111,0.044444,45,6,0.13333,0.062571,0.26178,0.14524,0.13333,37,6,0.16216,0.076511,0.31137,0.15453,0.13333,15,4,0.26667,0.10897,0.51951,0.21099,0.088889,0.11852,-0.075425,0.14267,0.14181,-0.0084792,-0.0020661,0.17424,-0.012079,-0.0066259,0.17586,0.090802,0.044294,0.16397,0.023415,0.011867,32,0.25,13,0.15385,47,0.10638,5,0.2
47852,Josh Oliver,BAL,57,0.17834,0.17018,0.10732,0.25813,0.15663,0.18402,True,9,0.33333,0.017544,0.64912,0,57,10,0.17544,0.098187,0.29368,0.15561,0.17544,45,8,0.17778,0.092943,0.3133,0.15586,0.14035,22,4,0.18182,0.073068,0.38517,0.19907,0.070175,0.12865,-0.08308,0.063698,0.19005,-0.014612,-0.0032289,0.176,0.0017756,-0.0046539,0.20557,-0.023755,0.00060691,0.19054,-0.012197,-0.0024253,43,0.069767,1,0,80,0.2375,0,
45321,Antony Auclair,HOU,18,0.19907,0.17009,0.079093,0.31949,0.16354,0.17761,True,2,0.61111,0.055556,0.11111,0.22222,18,4,0.22222,0.090008,0.45215,0.15599,0.22222,8,3,0.375,0.13684,0.69426,0.15728,0.16667,3,0,0,0,0.56151,0.19699,0,0.12963,-0.035296,0.17761,0.081933,0.14029,0.0066312,0.14203,0.23297,0.0016163,0.17419,-0.17419,0.00097697,0.13272,0.066357,0.0030748,17,0.29412,2,0.5,3,0,7,0.14286
42398,Maxx Williams,ARI,71,0.1688,0.17008,0.10016,0.24828,0.15713,0.18499,True,5,0.52113,0.014085,0.40845,0.056338,70,13,0.18571,0.11187,0.29226,0.15984,0.1831,43,7,0.16279,0.081165,0.29973,0.15466,0.098592,19,3,0.15789,0.055204,0.37566,0.19573,0.042254,0.10798,-0.065292,0.074868,0.15528,0.030432,0.0046834,0.17114,-0.0083534,-0.0061894,0.18118,-0.023285,0.0023433,0.1692,-0.00040198,0.00027911,72,0.13889,3,0.33333,49,0.2449,8,0
42460,Blake Bell,KC,23,0.21027,0.17007,0.07343,0.37561,0.16045,0.18103,True,11,0.82609,0,0.17391,0,23,2,0.086957,0.024179,0.26796,0.14087,0.086957,19,4,0.21053,0.085075,0.43335,0.15595,0.17391,9,3,0.33333,0.12058,0.6458,0.21339,0.13043,0.13043,-0.0569,0.21653,0.094575,-0.007618,-0.0015826,0.14813,0.062397,-0.00098046,0.18183,0.1515,0.051471,0.14151,0.068761,0.016303,42,0.16667,0,,9,0.22222,0,
41327,Richard Rodgers,PHI,3,0.33333,0.17004,,,0.16755,0.17486,True,1,0.33333,0.33333,0.33333,0,3,0,0,0,0.56151,0.14586,0,1,0,0,0,0.79346,0.15371,0,1,1,1,0.20654,1,0.21054,0.33333,0.11111,,,0.18452,-0.18452,-0.0028934,0.13048,-0.13048,-0.0063143,0.17398,0.82602,0.04717,0.16299,0.17034,0.012654,1,0,3,0.33333,1,0,0,
42516,James O'Shaughnessy,JAX,38,0.1503,0.16991,0.064977,0.2662,0.15983,0.18146,True,7,0.21053,0.026316,0.73684,0.026316,38,8,0.21053,0.11075,0.36346,0.16042,0.21053,26,3,0.11538,0.040032,0.28976,0.15219,0.078947,8,1,0.125,0.022417,0.47089,0.19712,0.026316,0.10526,-0.11898,0.081546,0.19212,0.018403,0.001,0.17255,-0.057167,-0.01067,0.18724,-0.062239,0.0015229,0.18397,-0.033668,-0.0027157,18,0.11111,1,1,51,0.17647,2,0
44959,George Kittle,SF,103,0.16039,0.16941,0.10209,0.22747,0.15567,0.18394,True,7,0.45631,0.029126,0.47573,0.038835,103,19,0.18447,0.12139,0.27023,0.16259,0.18447,63,9,0.14286,0.077019,0.24975,0.15282,0.087379,26,4,0.15385,0.061499,0.33532,0.19284,0.038835,0.10356,-0.077104,0.046726,0.16071,0.023758,0.0050764,0.17334,-0.03048,-0.010795,0.20241,-0.048565,-0.013083,0.17882,-0.018429,-0.0062674,94,0.18085,8,0.125,80,0.1625,10,0.1
52673,Mitchell Wilcox,CIN,7,0.41667,0.16921,,,0.16591,0.17538,True,0,0.57143,0,0.42857,0,7,0,0,0,0.35434,0.14238,0,4,1,0.25,0.045586,0.69936,0.15472,0.14286,1,1,1,0.20654,1,0.21054,0.14286,0.095238,,,0.077786,-0.077786,-0.0028283,0.10276,0.14724,-0.0033963,0.081465,0.91853,0.050335,0.087338,0.32933,0.014703,9,0.22222,0,,3,0,0,
45594,Colin Thompson,CAR,7,0.33333,0.16916,,,0.1647,0.17611,True,0,0.42857,0.42857,0.14286,0,7,0,0,0,0.35434,0.14238,0,4,2,0.5,0.15004,0.84996,0.15659,0.28571,2,1,0.5,0.094529,0.90547,0.20852,0.14286,0.14286,,,0.099788,-0.099788,-0.0033144,0.14719,0.35281,-0.00014669,0.16631,0.33369,0.040363,0.13777,0.19557,0.012301,5,0.4,6,0.16667,2,0,0,
53570,Jacob Harris,LA,2,0.16667,0.16914,,,0.16785,0.17045,True,0,0,0,1,0,2,1,0.5,0.094529,0.90547,0.15289,0.5,1,0,0,0,0.79346,0.15371,0,1,0,0,0,0.79346,0.20082,0,0.16667,,,0.23726,0.26274,0.00055804,0.27158,-0.27158,-0.0068786,0.27134,-0.27134,0.0096371,0.26006,-0.093391,0.0011055,0,,0,,4,0.25,0,
53591,Noah Gray,KC,36,0.16557,0.1691,0.074052,0.26051,0.15853,0.18042,True,3,0.11111,0.11111,0.77778,0,35,7,0.2,0.10042,0.35892,0.15777,0.19444,26,4,0.15385,0.061499,0.33532,0.15399,0.11111,14,2,0.14286,0.040093,0.39942,0.19555,0.055556,0.12037,-0.070553,0.097356,0.15016,0.049838,0.0040395,0.154,-0.00015821,-0.0052809,0.16157,-0.018712,0.0068928,0.15525,0.010323,0.0018838,8,0.25,10,0.2,57,0.15789,0,
48766,Kendall Blanton,LA,5,0.17778,0.16865,,,0.16518,0.1729,True,0,0.6,0,0.4,0,5,1,0.2,0.036223,0.62447,0.15013,0.2,3,1,0.33333,0.06149,0.79235,0.15501,0.2,1,0,0,0,0.79346,0.20082,0,0.13333,,,0.15814,0.041862,-0.00045166,0.17106,0.16228,-0.0038149,0.1208,-0.1208,0.014786,0.15,0.027779,0.0035064,4,0.5,0,,5,0,0,
52598,Charlie Woerner,SF,36,0.20157,0.16855,0.088876,0.32143,0.15702,0.18218,True,7,0.72222,0,0.27778,0,36,1,0.027778,0.0049203,0.1417,0.12648,0.027778,26,5,0.19231,0.085069,0.37877,0.15579,0.13889,13,5,0.38462,0.17709,0.64478,0.22338,0.13889,0.10185,-0.076145,0.17527,0.13664,-0.10887,-0.01235,0.15795,0.034358,-0.002018,0.16711,0.21751,0.081982,0.1539,0.047666,0.022538,55,0.14545,0,,20,0.15,0,
46915,Codey McElroy,TB,2,,0.16785,,,0.16785,0.16785,True,0,0.5,0,0.5,0,2,0,0,0,0.65763,0.14675,0,0,0,,,,0.154,0,0,0,,,,0.20279,0,0,,,0.090115,-0.090115,-0.0017053,,,-0.0058157,,,0.019588,,,0.0040222,1,0,0,,1,0,0,
53724,Matt Bushman,LV,2,,0.16775,,,0.16765,0.16785,True,0,0.5,0,0.5,0,2,0,0,0,0.65763,0.14675,0,1,0,0,0,0.79346,0.15371,0,0,0,,,,0.20279,0,0,,,0.042383,-0.042383,-0.0013992,0.10003,-0.10003,-0.0061925,,,0.019588,,,0.0039987,1,0,0,,2,0,0,
39109,Derek Carrier,LV,15,0.21919,0.16761,,,0.16337,0.17323,True,2,0.2,0.46667,0.33333,0,15,1,0.066667,0.011867,0.29817,0.14159,0.066667,11,1,0.090909,0.016232,0.37736,0.15272,0.066667,2,1,0.5,0.094529,0.90547,0.20852,0.066667,0.066667,,,0.099253,-0.032586,-0.0025871,0.10685,-0.015942,-0.006244,0.17025,0.32975,0.040103,0.12545,0.093741,0.010424,5,0.2,15,0.066667,8,0.125,0,
42428,Tyler Kroft,NYJ,104,0.16825,0.16753,0.10738,0.23598,0.15345,0.18315,True,17,0.49038,0.10577,0.35577,0.048077,104,14,0.13462,0.08191,0.21335,0.14309,0.13462,77,12,0.15584,0.091458,0.25294,0.15423,0.11538,28,6,0.21429,0.10212,0.39539,0.20527,0.057692,0.10256,-0.033634,0.089224,0.12917,0.0054476,0.00051972,0.146,0.0098459,-0.0021169,0.15217,0.062121,0.040765,0.14244,0.025805,0.013056,97,0.14433,28,0.14286,72,0.16667,12,0.16667
42721,Eric Tomlinson,BAL,16,0.14776,0.16748,0.025641,0.30836,0.15998,0.17624,True,4,0.8125,0.0625,0.125,0,15,1,0.066667,0.011867,0.29817,0.14159,0.0625,11,1,0.090909,0.016232,0.37736,0.15272,0.0625,7,2,0.28571,0.082217,0.64107,0.20813,0.125,0.083333,-0.11833,0.15612,0.12896,-0.062292,-0.003959,0.15053,-0.059618,-0.0080916,0.15258,0.13314,0.042145,0.14402,0.003743,0.010032,27,0.037037,3,0.33333,3,0.66667,0,
53526,Tre' McKitty,LAC,1,0,0.1674,0,0,0.1674,0.1674,True,0,1,0,0,0,1,0,0,0,0.79346,0.14766,0,1,0,0,0,0.79346,0.15371,0,1,0,0,0,0.79346,0.20082,0,0,-0.16839,-0.16839,0.15732,-0.15732,-0.0016371,0.16354,-0.16354,-0.0064465,0.18433,-0.18433,0.012613,0.16839,-0.16839,0.0015098,3,0,0,,0,,0,
53553,John Bates,WAS,19,0.1416,0.16739,0.037152,0.26856,0.15963,0.17641,True,3,0.63158,0.052632,0.26316,0.052632,19,4,0.21053,0.085075,0.43335,0.15512,0.21053,14,3,0.21429,0.075712,0.4759,0.15555,0.15789,6,0,0,0,0.39034,0.19151,0,0.12281,-0.11025,0.10234,0.11828,0.092246,0.0042615,0.16055,0.053731,-0.0026464,0.18133,-0.18133,-0.015622,0.15339,-0.011783,-0.0046691,23,0.21739,3,0,11,0.18182,2,0
48700,Jesper Horsted,CHI,3,,0.16736,,,0.16726,0.16755,True,0,0,0,1,0,3,0,0,0,0.56151,0.14586,0,2,0,0,0,0.65763,0.15342,0,0,0,,,,0.20279,0,0,,,0.029084,-0.029084,-0.0014026,0.034401,-0.034401,-0.0060434,,,0.019588,,,0.0040472,0,,0,,5,0,0,
44967,Jeremy Sprinkle,DAL,4,,0.16716,,,0.16696,0.16725,True,1,0.25,0.25,0.5,0,4,0,0,0,0.4899,0.14497,0,1,0,0,0,0.79346,0.15371,0,0,0,,,,0.20279,0,0,,,0.031806,-0.031806,-0.0015255,0.027823,-0.027823,-0.0059037,,,0.019588,,,0.0040528,1,0,1,0,3,0,0,
53172,Dominique Dafney,GB,14,0.13594,0.16706,0.027778,0.2619,0.16091,0.17472,True,3,0.21429,0.21429,0.42857,0.14286,13,2,0.15385,0.043257,0.42235,0.14897,0.14286,9,1,0.11111,0.01989,0.43501,0.15328,0.071429,7,1,0.14286,0.025679,0.51313,0.19894,0.071429,0.095238,-0.15245,0.088954,0.1576,-0.0037513,-0.00124,0.16091,-0.049801,-0.0073498,0.21125,-0.068394,0.0021097,0.17659,-0.040649,-0.00216,5,0,8,0,10,0.2,6,0.33333
46544,Deon Yelder,TB,4,,0.16706,,,0.16687,0.16725,True,2,0.5,0,0.5,0,4,0,0,0,0.4899,0.14497,0,2,0,0,0,0.65763,0.15342,0,0,0,,,,0.20279,0,0,,,0.060981,-0.060981,-0.0018974,0.13192,-0.13192,-0.0068203,,,0.019588,,,0.0036233,4,0,0,,2,0,0,
43206,Ross Travis,ARI,2,0,0.167,,,0.16635,0.16765,True,1,1,0,0,0,2,0,0,0,0.65763,0.14675,0,2,0,0,0,0.65763,0.15342,0,1,0,0,0,0.79346,0.20082,0,0,,,0.12998,-0.12998,-0.001961,0.19144,-0.19144,-0.0072946,0.15715,-0.15715,0.013543,0.15952,-0.15952,0.001429,5,0,0,,0,,0,
40615,Demetrius Harris,ARI,31,0.15956,0.16695,0.085509,0.25448,0.15932,0.17623,True,1,0.3871,0.19355,0.29032,0.12903,31,5,0.16129,0.070925,0.32635,0.15063,0.16129,23,5,0.21739,0.096638,0.41904,0.15663,0.16129,10,1,0.1,0.017876,0.40416,0.1936,0.032258,0.11828,-0.07035,0.10013,0.14201,0.019278,0.00072218,0.1508,0.066595,0.00030639,0.17246,-0.072458,-0.0044848,0.15509,0.0044716,-0.0011521,25,0.16,11,0.27273,17,0.17647,11,0.090909
43079,Daniel Brown,NYJ,6,0.055556,0.16689,0,0.16667,0.16354,0.17153,True,3,0.5,0,0.33333,0.16667,6,1,0.16667,0.030053,0.56351,0.14923,0.16667,5,0,0,-2.7756e-17,0.43449,0.15256,0,2,0,0,0,0.65763,0.19888,0,0.055556,-0.19995,0.025611,0.14269,0.023973,-0.00065755,0.15928,-0.15928,-0.0088361,0.14166,-0.14166,0.0089223,0.14788,-0.09232,-0.00019047,8,0.125,0,,3,0,2,0
52513,Adam Trautman,NO,121,0.16781,0.16688,0.11782,0.22521,0.15204,0.18316,True,12,0.41322,0.090909,0.47934,0.016529,120,19,0.15833,0.10377,0.23409,0.15275,0.15702,88,16,0.18182,0.11513,0.27512,0.15796,0.13223,49,8,0.16327,0.085126,0.29037,0.18995,0.066116,0.11846,-0.034662,0.070101,0.14098,0.017358,0.0040285,0.14837,0.033452,0.004437,0.1679,-0.0046345,0.0042209,0.15241,0.015392,0.0042288,112,0.19643,26,0.076923,115,0.16522,4,0
53959,Brock Wright,DET,8,0.13889,0.16675,0,0.38978,0.1623,0.17305,True,2,0.375,0.375,0.25,0,8,0,0,0,0.32442,0.14154,0,6,1,0.16667,0.030053,0.56351,0.15414,0.125,4,1,0.25,0.045586,0.69936,0.20458,0.125,0.083333,-0.21087,0.20135,0.15942,-0.15942,-0.0051192,0.20694,-0.040274,-0.0066264,0.22575,0.024255,0.020167,0.19737,-0.058481,0.0028071,5,0.2,9,0,4,0.25,0,
53510,Hunter Long,MIA,5,0.16667,0.16674,,,0.16651,0.16696,True,0,0.6,0,0.4,0,5,0,0,-2.7756e-17,0.43449,0.1441,0,2,1,0.5,0.094529,0.90547,0.1553,0.2,1,0,0,0,0.79346,0.20082,0,0.066667,,,0.11869,-0.11869,-0.0030018,0.12952,0.37048,-0.0028178,0.075481,-0.075481,0.016336,0.1079,0.058767,0.0035055,6,0.16667,0,,2,0,0,
47904,Trevon Wesco,NYJ,23,0.14343,0.16668,0.041667,0.25795,0.1576,0.17567,True,4,0.30435,0.13043,0.17391,0.3913,23,0,0,-1.3878e-17,0.14312,0.12999,0,15,1,0.066667,0.011867,0.29817,0.1516,0.043478,11,4,0.36364,0.15166,0.6462,0.21847,0.17391,0.072464,-0.051575,0.15182,0.0625,-0.0625,-0.0053756,0.10148,-0.034811,-0.0074629,0.13124,0.23239,0.079248,0.098407,0.045028,0.022136,10,0,8,0.375,9,0,22,0.090909
34540,Jared Cook,LAC,192,0.15448,0.16661,0.11059,0.20269,0.15212,0.18171,True,22,0.20312,0.052083,0.74479,0,192,33,0.17188,0.12508,0.23154,0.16126,0.17188,125,20,0.16,0.10603,0.23425,0.15514,0.10417,38,5,0.13158,0.057538,0.27327,0.18344,0.026042,0.10069,-0.048824,0.035719,0.1568,0.015077,0.0050682,0.15544,0.0045558,-0.0023497,0.17887,-0.047296,-0.018783,0.16371,-0.0092211,-0.0053549,66,0.22727,20,0.05,269,0.15613,0,
41349,Logan Thomas,WAS,94,0.1443,0.1665,0.090586,0.20681,0.15406,0.18,True,4,0.11702,0,0.84043,0.042553,94,19,0.20213,0.13339,0.29425,0.16833,0.20213,65,10,0.15385,0.08577,0.26056,0.15398,0.10638,26,2,0.076923,0.021355,0.24142,0.17719,0.021277,0.10993,-0.08467,0.023384,0.17505,0.027081,0.0054338,0.17517,-0.021324,-0.0090256,0.18439,-0.10746,-0.041317,0.1782,-0.033902,-0.01497,26,0.076923,0,,149,0.18792,10,0.1
52962,Tyler Mabry,SEA,4,0,0.1664,,,0.16503,0.16725,True,1,0.5,0,0.5,0,4,0,0,0,0.4899,0.14497,0,2,0,0,0,0.65763,0.15342,0,1,0,0,0,0.79346,0.20082,0,0,,,0.12589,-0.12589,-0.0027248,0.18765,-0.18765,-0.0072643,0.17944,-0.17944,0.01278,0.16433,-0.16433,0.00093041,5,0,0,,2,0,0,
48723,Parker Hesse,ATL,4,0,0.1664,,,0.16503,0.16725,True,0,0.5,0,0.5,0,4,0,0,0,0.4899,0.14497,0,2,0,0,0,0.65763,0.15342,0,1,0,0,0,0.79346,0.20082,0,0,,,0.067804,-0.067804,-0.0019844,0.082957,-0.082957,-0.0064303,0.048524,-0.048524,0.017258,0.066428,-0.066428,0.0029478,5,0,0,,2,0,0,
52502,Josiah Deguara,GB,27,0.17019,0.16593,0.041667,0.31658,0.1564,0.17808,True,6,0.22222,0.037037,0.59259,0.14815,27,2,0.074074,0.020554,0.2337,0.13787,0.074074,14,3,0.21429,0.075712,0.4759,0.15555,0.11111,9,2,0.22222,0.063224,0.54742,0.20437,0.074074,0.08642,-0.091218,0.17962,0.10422,-0.030144,-0.0034602,0.14149,0.0728,-0.0016315,0.17056,0.051663,0.02734,0.13875,0.031439,0.0074161,10,0.1,3,0,31,0.19355,6,0
53065,Tommy Hudson,TEN,13,0.16667,0.1658,,,0.16196,0.1715,True,7,0.30769,0,0.69231,0,13,0,0,0,0.2281,0.13746,0,9,0,0,0,0.29915,0.15143,0,2,1,0.5,0.094529,0.90547,0.20852,0.076923,0.025641,,,0.15929,-0.15929,-0.0075038,0.1758,-0.1758,-0.011745,0.24582,0.25418,0.035104,0.19364,-0.026971,0.0052853,8,0,0,,16,0.0625,0,
47840,J.J. Arcega-Whiteside,PHI,15,0.092063,0.16579,0,0.21667,0.15875,0.17377,True,4,0.066667,0.066667,0.86667,0,15,2,0.13333,0.03736,0.37882,0.14728,0.13333,10,0,0,-2.7756e-17,0.27754,0.15115,0,7,1,0.14286,0.025679,0.51313,0.19894,0.066667,0.066667,-0.19755,0.040179,0.17222,-0.038884,-0.0028779,0.18882,-0.18882,-0.01288,0.19467,-0.051809,0.0054043,0.18523,-0.093171,-0.0034514,1,0,2,0,29,0.10345,0,
40011,Travis Kelce,KC,295,0.15257,0.16569,0.11855,0.18949,0.14916,0.18348,True,20,0.19661,0.013559,0.78983,0,292,56,0.19178,0.15074,0.24082,0.17644,0.18983,201,23,0.11443,0.077469,0.16585,0.14312,0.077966,99,15,0.15152,0.094022,0.23504,0.17751,0.050847,0.10621,-0.051354,0.01637,0.17999,0.011794,0.0051383,0.1612,-0.046771,-0.024107,0.17319,-0.021678,-0.01252,0.17146,-0.018885,-0.010496,128,0.14844,9,0,455,0.16484,0,
47879,Dawson Knox,BUF,157,0.15953,0.16557,0.11289,0.20744,0.14877,0.18275,True,24,0.25478,0.012739,0.56688,0.16561,157,18,0.11465,0.073763,0.17394,0.13182,0.11465,118,14,0.11864,0.072003,0.18933,0.14756,0.089172,53,13,0.24528,0.14933,0.37567,0.21734,0.082803,0.095541,-0.041539,0.042931,0.14038,-0.025735,-0.0094084,0.15399,-0.035347,-0.01531,0.1845,0.060779,0.046461,0.15963,-0.00010072,0.0072478,79,0.1519,4,0.25,182,0.17033,63,0.015873
44009,J.P. Holtz,CHI,7,0,0.16544,,,0.16398,0.16629,True,0,0.42857,0,0.42857,0.14286,7,0,0,0,0.35434,0.14238,0,3,0,0,0,0.56151,0.15313,0,1,0,0,0,0.79346,0.20082,0,0,,,0.10582,-0.10582,-0.0034478,0.099499,-0.099499,-0.0069308,0.10551,-0.10551,0.015309,0.10361,-0.10361,0.0016435,6,0,0,,3,0,2,0
53946,Jack Stoll,PHI,21,0.1774,0.16544,0.056618,0.31132,0.15664,0.17588,True,4,0.57143,0.19048,0.2381,0,21,2,0.095238,0.026518,0.28915,0.14242,0.095238,17,5,0.29412,0.1328,0.53134,0.15835,0.2381,14,2,0.14286,0.040093,0.39942,0.19555,0.095238,0.14286,-0.072333,0.16328,0.092686,0.0025526,-0.0009005,0.1411,0.15301,0.0043335,0.18335,-0.040489,-0.00032567,0.13905,0.038359,0.0010358,31,0.16129,9,0.11111,12,0.25,0,
45142,Darrell Daniels,ARI,23,0.11679,0.1654,0.037037,0.21197,0.15802,0.17385,True,4,0.21739,0.21739,0.52174,0.043478,23,4,0.17391,0.069785,0.37138,0.15175,0.17391,17,3,0.17647,0.06191,0.4103,0.1547,0.13043,7,0,0,0,0.35434,0.18975,0,0.10145,-0.10993,0.055966,0.1347,0.039217,0.0016541,0.14655,0.029925,-0.0035319,0.17367,-0.17367,-0.018803,0.15164,-0.034841,-0.0068936,10,0.1,8,0.25,26,0.15385,3,0
45635,Robert Tonyan,GB,159,0.15627,0.16483,0.10883,0.20469,0.14932,0.18096,True,18,0.24528,0.062893,0.69182,0,158,22,0.13924,0.093783,0.20182,0.14395,0.13836,102,14,0.13725,0.083553,0.21729,0.1513,0.08805,52,10,0.19231,0.10796,0.31899,0.19925,0.062893,0.096436,-0.048005,0.041302,0.14019,-0.00095267,-0.0010731,0.1502,-0.012943,-0.0078868,0.19097,0.0013372,0.0077599,0.16045,-0.0041863,-0.00039999,72,0.20833,18,0.055556,222,0.13514,0,
52526,Albert Okwuegbunam,DEN,59,0.14191,0.16479,0.072876,0.22248,0.15441,0.17691,True,12,0.64407,0.084746,0.25424,0.016949,59,9,0.15254,0.082384,0.26518,0.14964,0.15254,45,7,0.15556,0.077453,0.28784,0.15412,0.11864,17,2,0.11765,0.032879,0.34337,0.19061,0.033898,0.10169,-0.099416,0.051905,0.13603,0.016514,0.0016888,0.17274,-0.017183,-0.0075553,0.1999,-0.082255,-0.018685,0.16956,-0.027641,-0.0081838,85,0.14118,12,0.25,22,0.13636,2,0
44831,O.J. Howard,TB,76,0.11721,0.16473,0.054134,0.19819,0.15335,0.17677,True,7,0.51316,0.11842,0.35526,0.013158,75,12,0.16,0.093964,0.25917,0.15221,0.15789,41,2,0.04878,0.013481,0.16139,0.14645,0.026316,14,2,0.14286,0.040093,0.39942,0.19555,0.026316,0.070175,-0.087372,0.049974,0.12549,0.034508,0.0058124,0.13899,-0.090208,-0.017745,0.16504,-0.022181,0.005743,0.14317,-0.02596,-0.0020634,62,0.12903,19,0.15789,48,0.10417,1,0
47803,Noah Fant,DEN,233,0.16217,0.16443,0.11769,0.20741,0.14785,0.18095,True,54,0.6309,0.085837,0.27468,0.0085837,233,29,0.12446,0.088074,0.17304,0.13431,0.12446,165,25,0.15152,0.10478,0.21411,0.15341,0.1073,57,12,0.21053,0.12474,0.33286,0.20557,0.051502,0.094421,-0.056095,0.03012,0.14651,-0.022044,-0.01011,0.17275,-0.02124,-0.011962,0.20745,0.0030763,0.0085461,0.17557,-0.013402,-0.0045087,285,0.12982,43,0.13953,123,0.17886,4,0.25
48011,Tommy Sweeney,BUF,38,0.13416,0.16441,0.054073,0.23948,0.15535,0.17467,True,6,0.36842,0.026316,0.5,0.10526,38,4,0.10526,0.041702,0.24131,0.1403,0.10526,26,3,0.11538,0.040032,0.28976,0.15219,0.078947,11,2,0.18182,0.051367,0.47699,0.20075,0.052632,0.078947,-0.090822,0.12236,0.11912,-0.013861,-0.0025251,0.12067,-0.0052849,-0.0057655,0.15669,0.025129,0.021141,0.13216,0.0019942,0.0042835,27,0.037037,1,0,38,0.18421,9,0.11111
35481,Rob Gronkowski,TB,83,0.11653,0.16427,0.060047,0.18935,0.15505,0.17462,True,7,0.56627,0.048193,0.36145,0.024096,83,13,0.15663,0.093879,0.24975,0.15132,0.15663,49,5,0.10204,0.044379,0.21757,0.1496,0.060241,11,1,0.090909,0.016232,0.37736,0.19188,0.012048,0.076305,-0.1236,0.0082344,0.15653,9.6906e-05,-0.00087436,0.1699,-0.067862,-0.016017,0.20821,-0.1173,-0.018788,0.17821,-0.061688,-0.011893,80,0.15,9,0.44444,51,0.058824,3,0
42302,Chris Manhertz,JAX,39,0.17677,0.16424,0.07027,0.28889,0.15476,0.17444,True,8,0.61538,0.051282,0.30769,0.025641,39,0,0,0,0.08967,0.11958,0,30,5,0.16667,0.073364,0.33565,0.15468,0.12821,11,4,0.36364,0.15166,0.6462,0.21847,0.10256,0.076923,-0.08587,0.12315,0.12328,-0.12328,-0.014792,0.18076,-0.014097,-0.006706,0.18396,0.17968,0.06447,0.16267,0.014102,0.014324,52,0.096154,5,0.2,21,0.14286,2,0
46176,Christopher Herndon,MIN,27,0.037037,0.16395,,,0.15869,0.1705,True,3,0.44444,0.22222,0.33333,0,27,3,0.11111,0.03852,0.28058,0.14319,0.11111,15,0,0,-1.3878e-17,0.20389,0.14976,0,2,0,0,0,0.65763,0.19888,0,0.037037,,,0.13731,-0.026203,-0.0031442,0.16608,-0.16608,-0.01492,0.20164,-0.20164,0.0049545,0.16834,-0.13131,-0.0043699,22,0.090909,9,0.11111,13,0,0,
46167,Jordan Akins,HOU,140,0.15726,0.16376,0.10623,0.21167,0.14925,0.17877,True,15,0.50714,0.085714,0.39286,0.014286,138,17,0.12319,0.078353,0.18844,0.13685,0.12143,85,13,0.15294,0.091613,0.24428,0.15385,0.092857,46,9,0.19565,0.1065,0.33172,0.20057,0.064286,0.092857,-0.052901,0.053344,0.13494,-0.011749,-0.0044055,0.15562,-0.0026798,-0.0050177,0.18219,0.013465,0.015794,0.15758,-0.00032096,0.0021236,134,0.11194,22,0.13636,110,0.17273,3,0.66667
45481,Ricky Seals-Jones,WAS,185,0.16433,0.1634,0.12509,0.20675,0.14901,0.1794,True,32,0.086486,0.075676,0.77838,0.059459,184,22,0.11957,0.080299,0.17439,0.1331,0.11892,143,27,0.18881,0.13313,0.26077,0.16139,0.14595,65,12,0.18462,0.10889,0.29554,0.19571,0.064865,0.10991,-0.037009,0.044782,0.13961,-0.020043,-0.0081802,0.15468,0.034131,0.0087551,0.19142,-0.0068089,0.0011853,0.1619,0.0024264,0.00058677,38,0.23684,28,0.035714,297,0.15488,29,0.17241
35534,Jimmy Graham,CHI,45,0.13128,0.16305,0.068831,0.20488,0.15295,0.17431,True,3,0.15556,0.11111,0.71111,0.022222,45,6,0.13333,0.062571,0.26178,0.14524,0.13333,35,5,0.14286,0.062601,0.29376,0.15331,0.11111,17,2,0.11765,0.032879,0.34337,0.19061,0.044444,0.096296,-0.078627,0.056063,0.131,0.002332,-0.0006949,0.14426,-0.0014025,-0.0052719,0.16904,-0.051388,-0.0070849,0.1481,-0.01682,-0.0043506,19,0,12,0.16667,63,0.1746,3,0
45094,Johnny Mundt,LA,26,0.11175,0.16305,0.025641,0.21429,0.15632,0.17094,True,2,0.53846,0.076923,0.38462,0,26,2,0.076923,0.021355,0.24142,0.1386,0.076923,15,2,0.13333,0.03736,0.37882,0.15343,0.076923,8,1,0.125,0.022417,0.47089,0.19712,0.038462,0.064103,-0.1256,0.050618,0.12364,-0.046714,-0.0046637,0.15955,-0.026218,-0.0069748,0.19458,-0.069584,-9.8763e-05,0.15926,-0.047506,-0.0039124,26,0.15385,6,0,17,0.058824,0,
40149,Ryan Griffin,NYJ,107,0.15703,0.163,0.10819,0.21222,0.15055,0.17703,True,17,0.57944,0,0.37383,0.046729,107,13,0.1215,0.072394,0.19683,0.13776,0.1215,82,15,0.18293,0.11411,0.28012,0.15787,0.14019,36,6,0.16667,0.078703,0.31891,0.19336,0.056075,0.10592,-0.050522,0.057137,0.13316,-0.011669,-0.0038389,0.16584,0.017084,-0.00014334,0.17115,-0.0044786,0.0061003,0.15672,0.00031214,0.00070601,130,0.16154,0,,82,0.14634,13,0.076923
52523,Harrison Bryant,CLE,73,0.12548,0.16298,0.063309,0.21088,0.15254,0.17578,True,8,0.15068,0.30137,0.47945,0.068493,73,11,0.15068,0.086276,0.25002,0.14923,0.15068,44,7,0.15909,0.079266,0.29366,0.15439,0.09589,15,1,0.066667,0.011867,0.29817,0.18531,0.013699,0.086758,-0.10562,0.043214,0.12655,0.02414,0.0036852,0.15895,0.00013738,-0.0049218,0.2154,-0.14873,-0.038808,0.16697,-0.041486,-0.013348,24,0.125,39,0.12821,58,0.18966,11,0
43845,Stephen Anderson,LAC,35,0.13871,0.16293,0.037288,0.27857,0.15623,0.17107,True,10,0.37143,0.11429,0.085714,0.42857,35,2,0.057143,0.015813,0.18607,0.13223,0.057143,26,5,0.19231,0.085069,0.37877,0.15579,0.14286,6,1,0.16667,0.030053,0.56351,0.20078,0.028571,0.07619,-0.10329,0.16056,0.061307,-0.004164,-0.0014421,0.13995,0.052358,-0.00031648,0.18326,-0.01659,0.013247,0.12817,0.010534,0.0038296,25,0.2,9,0.22222,4,0.25,29,0
52451,Cole Kmet,CHI,177,0.16193,0.16283,0.11404,0.21374,0.14835,0.1788,True,21,0.23729,0.079096,0.67232,0.011299,177,21,0.11864,0.078923,0.17457,0.13289,0.11864,109,20,0.18349,0.12204,0.26649,0.15903,0.11299,49,9,0.18367,0.099762,0.31358,0.19658,0.050847,0.094162,-0.065347,0.02854,0.17794,-0.0593,-0.022284,0.17877,0.0047208,-0.002608,0.186,-0.0023279,0.0056842,0.1809,-0.018969,-0.0064025,87,0.13793,31,0.16129,213,0.15493,4,0
43370,Austin Hooper,CLE,130,0.15101,0.16276,0.097821,0.21197,0.14829,0.17835,True,23,0.60769,0.0076923,0.36923,0.015385,130,15,0.11538,0.071183,0.18167,0.13374,0.11538,83,11,0.13253,0.075642,0.22193,0.15109,0.084615,39,8,0.20513,0.1078,0.35534,0.20344,0.061538,0.087179,-0.064644,0.055267,0.14411,-0.028724,-0.0092899,0.15297,-0.020441,-0.0094717,0.17829,0.02684,0.023794,0.15846,-0.007442,0.0016775,153,0.14379,2,0.5,92,0.11957,5,0
44912,Jonnu Smith,NE,91,0.13598,0.16252,0.073345,0.20621,0.14944,0.17562,True,12,0.38462,0.065934,0.49451,0.054945,90,11,0.12222,0.069635,0.20574,0.13912,0.12088,63,6,0.095238,0.044383,0.19262,0.14776,0.065934,21,4,0.19048,0.076674,0.40001,0.20069,0.043956,0.076923,-0.080851,0.063761,0.11969,0.0025325,-0.00030907,0.1398,-0.044565,-0.013639,0.18349,0.0069883,0.014214,0.14766,-0.011681,8.8582e-05,69,0.086957,11,0.36364,86,0.12791,8,0
46094,Hayden Hurst,ATL,146,0.13822,0.16247,0.095059,0.18784,0.14925,0.17633,True,15,0.36301,0.034247,0.60274,0,145,23,0.15862,0.10808,0.22678,0.15334,0.15753,89,12,0.13483,0.078842,0.22104,0.15124,0.082192,33,4,0.12121,0.048161,0.27326,0.18282,0.027397,0.089041,-0.052486,0.043208,0.15267,0.0059529,0.0011251,0.14645,-0.011616,-0.0073429,0.13882,-0.017613,-0.00045926,0.14598,-0.0077587,-0.0022257,106,0.11321,7,0.28571,154,0.16234,0,
45532,Blake Jarwin,DAL,115,0.14285,0.16245,0.086922,0.20771,0.14815,0.17846,True,10,0.2087,0.2,0.5913,0,113,14,0.12389,0.075254,0.19727,0.13839,0.12174,81,9,0.11111,0.059567,0.19787,0.14831,0.078261,31,6,0.19355,0.091869,0.36281,0.20063,0.052174,0.084058,-0.074759,0.052194,0.15064,-0.026742,-0.0079785,0.15645,-0.045341,-0.015516,0.16989,0.023663,0.02172,0.15899,-0.01614,-0.00059153,50,0.16,51,0.13725,124,0.1129,0,
52541,Colby Parkinson,SEA,28,0.055322,0.16226,0.011905,0.11229,0.15669,0.16941,True,3,0.17857,0.10714,0.71429,0,28,3,0.10714,0.037118,0.27196,0.14243,0.10714,17,1,0.058824,0.01046,0.26983,0.15104,0.035714,5,0,0,-2.7756e-17,0.43449,0.1933,0,0.047619,-0.13586,0.011024,0.13256,-0.025418,-0.0031474,0.1254,-0.066577,-0.0096984,0.10874,-0.10874,0.00028341,0.12223,-0.06691,-0.0041875,9,0.11111,6,0,35,0.085714,0,
53556,Kylen Granson,IND,37,0.13328,0.16179,0.057214,0.22367,0.15212,0.17332,True,2,0.10811,0.21622,0.67568,0,37,5,0.13514,0.059132,0.27978,0.14606,0.13514,34,7,0.20588,0.10349,0.36799,0.15712,0.18919,17,1,0.058824,0.01046,0.26983,0.18219,0.027027,0.11712,-0.087302,0.06335,0.15618,-0.021046,-0.0032589,0.15059,0.055293,0.0015249,0.14944,-0.09062,-0.021828,0.15207,-0.018791,-0.007854,9,0.22222,21,0,58,0.18966,0,
46189,Will Dissly,SEA,100,0.11938,0.16175,0.067829,0.1775,0.14907,0.17546,True,11,0.33,0,0.64,0.03,100,16,0.16,0.10095,0.2442,0.15296,0.16,64,5,0.078125,0.033831,0.1702,0.14583,0.05,25,3,0.12,0.041667,0.29956,0.18647,0.03,0.08,-0.10014,0.01179,0.15434,0.0056598,0.0005234,0.15687,-0.078742,-0.020725,0.18974,-0.069736,-0.022359,0.16698,-0.047606,-0.014187,67,0.089552,0,,115,0.13913,7,0.28571
42589,Geoff Swaim,TEN,85,0.14841,0.16154,0.076649,0.23074,0.15035,0.17394,True,16,0.65882,0.035294,0.28235,0.023529,84,8,0.095238,0.049051,0.17683,0.13027,0.094118,60,11,0.18333,0.10558,0.2992,0.15698,0.12941,18,3,0.16667,0.058365,0.39222,0.19736,0.035294,0.086275,-0.085394,0.078808,0.13179,-0.036549,-0.0086888,0.16146,0.021873,-0.00044004,0.17756,-0.010892,0.0077218,0.15694,-0.0085231,-0.000469,110,0.13636,5,0,42,0.11905,5,0.4
46192,Durham Smythe,MIA,104,0.13599,0.16007,0.084947,0.1947,0.1485,0.17268,True,11,0.41346,0.067308,0.5,0.019231,104,15,0.14423,0.089395,0.22441,0.14687,0.14423,58,11,0.18966,0.10934,0.30853,0.15751,0.10577,27,2,0.074074,0.020554,0.2337,0.17581,0.019231,0.089744,-0.04675,0.057845,0.12613,0.018101,0.0037,0.13929,0.050367,0.0047973,0.13488,-0.060808,-0.01971,0.13343,0.0025536,-0.0037375,77,0.18182,12,0,96,0.13542,4,0.25
39983,Zach Ertz,PHI,162,0.14875,0.15996,0.10761,0.19582,0.14488,0.17664,True,14,0.28395,0.061728,0.65432,0,162,15,0.092593,0.056916,0.14714,0.12048,0.092593,120,16,0.13333,0.083765,0.20565,0.15018,0.098765,59,13,0.22034,0.13354,0.34133,0.20923,0.080247,0.090535,-0.068001,0.022156,0.16631,-0.073722,-0.026059,0.16532,-0.031989,-0.014326,0.19251,0.027832,0.025164,0.17471,-0.025959,-0.0050737,95,0.17895,22,0.045455,224,0.11607,0,
44075,Garrett Griffin,NO,32,0.071384,0.15914,0.010417,0.15141,0.1508,0.16839,True,4,0.3125,0.3125,0.3125,0.0625,32,3,0.09375,0.032401,0.24218,0.13948,0.09375,23,1,0.043478,0.0077165,0.20992,0.1494,0.03125,13,1,0.076923,0.01371,0.33315,0.18854,0.03125,0.052083,-0.12877,0.011832,0.11741,-0.023658,-0.0032433,0.14223,-0.098756,-0.013673,0.153,-0.076081,-0.010572,0.13755,-0.066165,-0.0091629,20,0.1,24,0.125,20,0,4,0
42033,Cameron Brate,TB,158,0.12409,0.15886,0.080523,0.17725,0.14656,0.17371,True,10,0.1962,0.13291,0.62658,0.044304,157,25,0.15924,0.11024,0.2245,0.15384,0.15823,93,14,0.15054,0.091841,0.23696,0.15348,0.088608,32,2,0.0625,0.01731,0.20147,0.16924,0.012658,0.086498,-0.069972,0.030222,0.14239,0.01685,0.0049141,0.14306,0.0074806,-0.0022005,0.15772,-0.095223,-0.041404,0.14772,-0.023631,-0.012897,54,0.18519,36,0.22222,176,0.11932,16,0.125
42500,C.J. Uzomah,CIN,198,0.12775,0.15728,0.080576,0.18066,0.14352,0.17284,True,24,0.49495,0.040404,0.43434,0.030303,198,26,0.13131,0.09121,0.18545,0.13905,0.13131,115,13,0.11304,0.067263,0.18384,0.1467,0.065657,36,5,0.13889,0.060817,0.2866,0.1861,0.025253,0.074074,-0.069439,0.024105,0.13459,-0.0032784,-0.0019705,0.13897,-0.025928,-0.012169,0.18673,-0.047841,-0.018201,0.15343,-0.025683,-0.01078,179,0.13408,19,0.052632,138,0.13768,13,0
42486,MyCole Pruitt,TEN,65,0.075767,0.15641,0.033257,0.12748,0.14848,0.16607,True,8,0.33846,0.26154,0.4,0,64,8,0.125,0.064722,0.22775,0.14186,0.12308,46,2,0.043478,0.012005,0.14533,0.14518,0.030769,17,1,0.058824,0.01046,0.26983,0.18219,0.015385,0.05641,-0.1207,-0.03171,0.13134,-0.0063368,-0.0020253,0.14729,-0.10381,-0.021095,0.18402,-0.1252,-0.034824,0.15422,-0.078451,-0.019315,43,0.093023,33,0.12121,51,0.058824,0,
48456,Donald Parham,LAC,75,0.11189,0.15531,0.057276,0.17885,0.14592,0.16699,True,12,0.57333,0.04,0.38667,0,75,5,0.066667,0.02881,0.14675,0.12252,0.066667,57,9,0.15789,0.085357,0.27363,0.15438,0.12,18,2,0.11111,0.031019,0.328,0.18902,0.026667,0.071111,-0.085291,0.039345,0.13741,-0.070747,-0.014702,0.14468,0.013212,-0.0022717,0.13918,-0.028071,0.0010343,0.14043,-0.028535,-0.0053133,95,0.13684,5,0,50,0.06,0,
37118,Kyle Rudolph,NYG,113,0.098666,0.15415,0.060791,0.14773,0.14441,0.16515,True,15,0.19469,0.11504,0.69027,0,113,13,0.11504,0.068477,0.18693,0.13474,0.11504,75,10,0.13333,0.074065,0.22833,0.15144,0.088496,21,1,0.047619,0.0084558,0.2267,0.17626,0.0088496,0.070796,-0.10256,-0.010292,0.15782,-0.042774,-0.012263,0.15717,-0.023837,-0.0099867,0.16383,-0.11621,-0.038331,0.15961,-0.06094,-0.020194,41,0.21951,28,0.035714,140,0.1,0,
30842,Marcedes Lewis,GB,56,0.050441,0.14961,0.015932,0.088645,0.14465,0.15582,True,15,0.71429,0.17857,0.10714,0,54,2,0.037037,0.010216,0.12535,0.12054,0.035714,35,4,0.11429,0.045351,0.25952,0.15154,0.071429,15,0,0,-1.3878e-17,0.20389,0.17675,0,0.035714,-0.13154,-0.062293,0.11633,-0.079298,-0.012737,0.14283,-0.028541,-0.008616,0.18598,-0.18598,-0.051728,0.14838,-0.097939,-0.02436,76,0.052632,18,0.11111,10,0,0,
43399,Tyler Higbee,LA,196,0.11376,0.14927,0.077576,0.15129,0.13576,0.16328,True,34,0.4949,0,0.4949,0.010204,196,22,0.11224,0.075302,0.1641,0.12862,0.11224,132,15,0.11364,0.070085,0.17904,0.14595,0.076531,52,6,0.11538,0.053969,0.22972,0.17324,0.030612,0.073129,-0.086993,-0.01927,0.14669,-0.034448,-0.014044,0.1554,-0.041768,-0.01827,0.19956,-0.084171,-0.047656,0.16722,-0.053462,-0.026657,202,0.10396,0,,174,0.12069,4,0.25
