nflId,displayName,team,n,value,value_shrunk,lo,hi,higher_is_better,meets_min_n,gravity_all,n_gravity_all,gravity_all_lo,gravity_all_hi,gravity_all_shrunk,gravity_rz,n_gravity_rz,gravity_rz_lo,gravity_rz_hi,gravity_rz_shrunk,gravity_inline,n_gravity_inline,gravity_inline_lo,gravity_inline_hi,gravity_inline_shrunk,gravity_detached,n_gravity_detached,gravity_detached_lo,gravity_detached_hi,gravity_detached_shrunk,att_obs,att_exp,bracket_rate,bracket_oe,safety_pull_oe,n_safety,saf_depth_chg_oe,negsep_oe,n_def_5_oe,n_def_3_oe,gravity_throw,bracket_throw_oe,negsep_throw_oe,gravity_decay2,gravity_decay5,gravity_ctxonly,gravity_rel,share_inline,target_rate
47959,Kaden Smith,NYG,40,0.17248309501096476,0.046839793318358074,0.04359407623923223,0.3013721137826973,True,True,0.1632565187616156,43,0.04273722643043168,0.2837758110927995,0.0780999650099974,0.07945837678663277,6.0,-0.31711804842451685,0.47603480199778236,0.0503795334522983,0.26518130389307837,27.0,0.0994126109361873,0.43094999684996943,0.1851311211531168,-0.08450367438421064,10.0,-0.24494428204272026,0.07593693327429898,0.01035128408395566,1.2391566383662533,1.0666735433552885,0.275,0.05236889379994012,-0.08150862986276083,38,0.09674117861347561,0.707474904436235,0.21460626714403075,0.2828423119903455,0.016833811064832328,-0.01446767142966377,0.5678204696631827,0.15056128870446014,0.15511367376595886,0.22077140524959993,0.19578114719490974,0.675,0.06976744186046512
42500,C.J. Uzomah,CIN,178,0.07215159510901994,0.04536778791321788,0.029223496765568194,0.1150796934524717,True,True,0.06877811851184457,198,0.026952827475964038,0.1106034095477251,0.055940485880465005,0.02478244652021332,25.0,-0.12292865837853172,0.17249355141895836,0.023779705114066865,0.08687541111777278,92.0,0.02563181719542934,0.14811900504011621,0.07904019937222159,0.025416164485207615,80.0,-0.03092548964729304,0.08175781861770827,0.010376411670363862,0.9512980072862094,0.8791464121771894,0.16853932584269662,0.01477299737475962,-0.03904445280232597,166,-0.31509380524500297,0.25138999525244055,0.1005937267094531,0.0773077518164523,0.07708081844730846,0.030182560994948652,0.4239108363201399,0.05617253782481076,0.08588842378266767,0.0817087998321384,0.05829033869977292,0.5168539325842697,0.10101010101010101
42302,Chris Manhertz,JAX,35,0.1374486092520634,0.03802669448660726,0.004237745424861633,0.2706594730792652,True,False,0.10866483716118751,39,-0.020001209582596616,0.23733088390497165,0.05051703122807362,-0.013596351253865824,4.0,-0.387569752600334,0.36037705009260235,0.0056267114070674,0.23473632622822233,23.0,0.08281136867539834,0.3866612837810463,0.15723370137866427,-0.03035379325484927,11.0,-0.2793842203512954,0.21867663384159688,0.010357131528886232,1.2217356109006303,1.084287001648567,0.3142857142857143,0.08442792996960885,-0.262044805984491,34,-0.13289992946137222,0.5682533908770433,0.1471045098285789,0.20494840220161084,0.05428793650843448,0.0008775806602418707,0.27456255229534343,0.12775842723468842,0.1520441305162826,0.16570017044486893,0.09702619058966665,0.6571428571428571,0.10256410256410256
42486,MyCole Pruitt,TEN,53,0.10182871420841011,0.03759651597915829,-0.0024354687045311796,0.2060928971213514,True,True,0.10710719325289911,65,0.013881668581925355,0.20033271792387286,0.06272604019571447,0.08253433412084267,10.0,-0.07420433316256468,0.23927300140425,0.05979730400409868,0.10503474947028023,31.0,-0.048817162441783954,0.2588866613823444,0.08094677526857683,0.09731111906668405,22.0,-0.033818667832201305,0.2284409059655694,0.010384693617619059,1.0740091480105822,0.9721804338021721,0.24528301886792453,0.04942408409225831,-0.363023353532101,50,0.2354980664643982,0.284935973840125,0.22525337484138033,0.09167744784833211,0.12819110473741985,0.008934169011794432,0.6994820346238514,0.09166104012509983,0.12079424167307223,0.08568255312722181,0.09316573833286249,0.5849056603773585,0.18461538461538463
40011,Travis Kelce,KC,224,0.05232082323925088,0.03733097457907795,0.016517684442446973,0.08812396203605478,True,True,0.03852914495632864,295,0.00806561648657277,0.06899267342608452,0.03371945062004394,-0.014843218079446252,30.0,-0.08875004435763179,0.059063608198739286,-0.009456238848685222,0.0007582191154893664,46.0,-0.07552858969827633,0.07704502792925508,0.006499970763883922,0.06564599059707689,178.0,0.025257424168504565,0.1060345570256492,0.010477038491030986,0.9368872734580727,0.8845664502188217,0.17857142857142858,0.03669173652544696,0.04080213704363978,219,0.11104966940918572,0.23106076905571252,0.1662224389651572,0.11047233875754184,0.06389925271675287,-0.0001486270726192048,0.3606632510585655,0.04787816275891147,0.040195997330833164,0.06806153653754961,0.07556236996420763,0.20535714285714285,0.24067796610169492
42033,Cameron Brate,TB,134,0.05653970483942764,0.034797962792344955,0.007489143365316829,0.10559026631353846,True,True,0.03732144406921682,158,-0.007389870883743786,0.08203275902217744,0.029644664919728645,0.016675560129430864,21.0,-0.10720358988620168,0.1405547101450634,0.017232865442195665,0.028794718757262572,44.0,-0.04525708617020996,0.1028465236847351,0.028124321289974927,0.08802544853148427,83.0,0.023670778359809033,0.15238011870315948,0.010437564085869887,1.0058007563431772,0.9492610515037496,0.22388059701492538,0.03779532806706246,-0.1746084415724901,128,0.1391167523269155,0.2645912276633868,0.11113233168895341,0.11257821675503701,0.09879785845931711,0.054566763056915144,0.35286788326014956,0.047071475303747314,0.05610534084716267,0.019814451420838156,0.04241797242035095,0.3283582089552239,0.1518987341772152
45321,Antony Auclair,HOU,17,0.19421206620078768,0.033741122944531826,-0.004743031747282994,0.39316716414885833,True,False,0.17218738746508327,18,-0.02029251675654714,0.3646672916867137,0.049383371111812145,0.608599085889421,2.0,0.07121029417903102,1.145987877599811,0.17404990839159942,0.15413738410840724,11.0,-0.12007452306352848,0.42834929128034294,0.08332163114891622,0.5675579174804718,2.0,-0.05027156431145874,1.1853873992724022,0.01037537450014154,1.4145556231786307,1.2203435569778431,0.5882352941176471,0.2910870411341803,-0.49184262744962903,13,0.6280777700844926,0.31807641237932954,0.40092457842020796,0.5748014901242026,0.20238253183189267,0.10289413077853919,0.317675317885595,0.17609867290109552,0.23299045968013546,0.20595511130178684,0.19444065933174956,0.6470588235294118,0.05555555555555555
53484,Pat Freiermuth,PIT,92,0.0613577050394152,0.033040791006243936,0.019411867151473278,0.10330354292735712,True,True,0.024188315218477457,119,-0.017006793443854865,0.06538342388080978,0.01866043567614126,0.04518461546092328,21.0,-0.052317820952633695,0.14268705187448028,0.039725852509171794,0.07900341695459251,49.0,0.025509405684409237,0.13249742822477578,0.06749236446202767,0.041249800763980576,43.0,-0.02478081309875438,0.10728041462671553,0.010377863380380157,0.9385099985668341,0.877152293527419,0.16304347826086957,0.007314826807072202,0.03317637277661429,87,-0.4381056198453461,0.5183578551490257,0.1312103227706174,0.061624977784597884,0.10849289998936575,0.01997823150506081,0.8285574243619275,0.06683976867371628,0.04200561993424115,0.08861486740042525,0.04885112738338004,0.532608695652174,0.226890756302521
47835,Drew Sample,CIN,37,0.10126906392772442,0.03266083039851082,-0.02931971050818802,0.23185783836363685,True,False,0.09083199279520947,41,-0.028766015607224138,0.21043000119764307,0.04380008726667679,0.11287348618683582,5.0,-0.4641100256546187,0.6898569980282903,0.06337755388773784,0.1823516698134007,24.0,-0.007347330504154204,0.3720506701309556,0.12583965947590514,-0.053147257339941016,12.0,-0.1449507935231189,0.038656278843236865,0.010353462481883867,1.1446462268595996,1.043377162931875,0.35135135135135137,0.09234124007508886,-0.4865469881963225,33,-0.5276811391428228,-0.014803350073880048,0.23730700510869812,0.10118598407826121,0.09128603524283548,0.017686174293065238,0.5612151825818655,0.07118812218605873,0.12850726508807128,0.19430888337025343,0.06099657718041349,0.6486486486486487,0.0975609756097561
41349,Logan Thomas,WAS,81,0.06273285817600915,0.03226042599704512,-0.005628486883980169,0.13109420323599846,True,True,0.049619282613739275,94,-0.01226906435852746,0.11150762958600602,0.03424335947247143,0.050361873315503194,10.0,-0.10971749322285436,0.21044123985386076,0.039196048603892523,0.072000980916345,9.0,-0.1989347571567428,0.3429367189894328,0.04430779536229507,0.03962256937850131,69.0,-0.024569783939695486,0.1038149226966981,0.01038591917923916,0.9644588651158817,0.9017260069398726,0.2222222222222222,0.04439882032822811,0.24174276216595428,76,-0.3772099231514937,0.09874053195127122,0.10766670817749094,0.02240061269581198,0.0473388960691743,0.07254673944409949,0.16262636864033891,0.05426767914737927,0.06650200904476425,0.0639615149255448,0.10924147446924054,0.1111111111111111,0.13829787234042554
43845,Stephen Anderson,LAC,28,0.11091967247072941,0.03095370902024306,-0.0021710254502151916,0.224010370391674,True,False,0.05269119920614877,35,-0.05875826560847153,0.16414066402076907,0.024894662989957638,0.18924911001222003,6.0,-0.1758956082603312,0.5543938282847712,0.10708597280270611,0.11746665404660156,13.0,-0.027351883047589315,0.2622851911407924,0.07071396880422072,0.44455537843308585,3.0,-0.13002066576784316,1.019131422634015,0.010377571902455215,1.2871943043580358,1.1762746318873065,0.42857142857142855,0.13160999740542345,0.057080586179846945,23,0.18558322705849029,0.3060580305656594,0.20867374596816707,0.01134482586252413,0.01678770503142569,0.048312742959016754,0.12781200249752792,0.08433309884201488,0.13759569268842592,0.12478798289975557,0.10011815880345498,0.4642857142857143,0.2
42589,Geoff Swaim,TEN,69,0.06318490289204534,0.030891951386262967,-0.02883907691389538,0.15520888269798605,True,True,0.03275249575477126,85,-0.048267683643064406,0.11377267515260692,0.022644633282135385,-0.12045667905718575,16.0,-0.26609584927138163,0.025182491157010115,-0.08413896578890015,0.09526760848481378,47.0,-0.025772481097566385,0.21630769806719394,0.07973102217237567,-0.049081865946001245,21.0,-0.14767477706050794,0.049511045168505456,0.010347786880550885,1.1498746066210628,1.0866897037290173,0.2608695652173913,0.03598048464007876,-0.11577763265710753,65,0.1985148386020868,0.30052847827825946,0.048110442673519244,0.09288153331488753,0.1403191642669845,0.026053953947162353,0.4908603411992383,0.0675505792223611,0.04282000863942696,0.06962055012239572,0.03645129847329745,0.6811594202898551,0.18823529411764706
53553,John Bates,WAS,17,0.13937585040704611,0.028896348643777256,-0.0580030365410768,0.33675473735516903,True,False,0.1101740580016199,19,-0.07055836771963116,0.290906483722871,0.034205200057323866,-0.29668560612517236,1.0,,,-0.028441395287625182,0.18539264336107397,12.0,-0.07377312635914346,0.4445584130812914,0.10075367202374326,0.09322896984351514,4.0,-0.20693305250726735,0.39339099219429763,0.01036623174325311,1.2730982090073382,1.133722358600292,0.23529411764705882,-0.05029260080615067,-0.33435320417227116,17,1.053419631861652,0.25948666888369915,0.15411187815078892,0.33031013990873204,0.03994461810261692,-0.10300944580859543,0.39800610353258636,0.11221474399714877,0.15068515303439606,0.13023187980751402,0.14457541291870726,0.7058823529411765,0.10526315789473684
47840,J.J. Arcega-Whiteside,PHI,15,0.15276338861865432,0.028790549486949497,0.0011769612782540628,0.3043498159590546,True,False,0.15276338861865432,15,0.0011769612782540628,0.3043498159590546,0.0393162506646968,0.17202296255100047,2.0,0.01939394606902997,0.32465197903297094,0.05941407166064522,0.4761421384980451,2.0,0.04236106487669988,0.9099232121193903,0.08374965015193345,0.10301281171413265,13.0,-0.04724488126058629,0.2532705046888516,0.010376424432033337,1.0894775235891416,0.9367141349704873,0.26666666666666666,0.05110448734779027,-0.8941511201700484,14,1.696511772395779,0.44505268164227,0.1443183240944729,0.36648101555604257,0.08591900531675699,0.07505377244022589,0.52568432723822,0.13588150730183945,0.19135873897316424,0.2998139207681828,0.11026431793612348,0.13333333333333333,0.0
52598,Charlie Woerner,SF,31,0.08698300167452018,0.028521062769770855,-0.08453735351306284,0.2585033568621032,True,False,0.07723376794869213,36,-0.07121422634096555,0.22568176223834982,0.035425715676720676,0.4215946299736871,4.0,-0.7541718943525182,1.5973611542998922,0.18664049878753938,0.1204467250895172,23.0,-0.1047805721149751,0.3456740222940095,0.0853694092872916,-0.009225203143596289,8.0,-0.16208176051313328,0.1436313542259407,0.010360531352675414,1.1316838625826462,1.044700860908126,0.25806451612903225,0.04153549622338532,-0.7554987125733765,28,0.5763368275299214,0.04442378265189388,0.310050104739142,0.1445803143700851,0.07053405145838118,0.0771081276409497,0.3796217593505176,0.06588728341345862,0.1350152110210778,0.1494321418697176,0.04169971908381449,0.7419354838709677,0.1388888888888889
39983,Zach Ertz,PHI,127,0.04191462744237595,0.028152903939436924,-0.003302697207102398,0.0871319520918543,True,True,0.02718774463776696,162,-0.014309251873738275,0.0686847411492722,0.022065044369665842,0.09216699720666527,15.0,-0.03351525030642086,0.2178492447197514,0.07231989488639844,0.027299978132741286,41.0,-0.06037378883226258,0.11497374509774516,0.02696459728394236,0.048882076531852954,86.0,-0.0035054384962229165,0.10126959155992882,0.010401007469542428,0.9680302688082864,0.9261156413659103,0.16535433070866143,-0.0060758862372530436,-0.06552139374179028,117,0.1306500191856972,0.3543690266727315,0.07967297367976067,0.1184867572655407,-0.015655684227053396,-0.03771167245416623,-0.17681952933383946,0.053656012700775975,0.01832604363223313,0.056723808969930845,0.04855171512742541,0.3228346456692913,0.21604938271604937
42398,Maxx Williams,ARI,56,0.05763031332465916,0.027733729596061137,-0.019585982824587816,0.13484660947390614,True,True,0.02638378651345946,71,-0.0388378227907686,0.09160539581768752,0.017759808924813665,-0.12803455978742304,13.0,-0.29791297308228726,0.04184385350744119,-0.0835781433254106,0.06512955748102482,27.0,-0.022104879065904207,0.15236399402795386,0.052020052452052115,0.015776241472678997,26.0,-0.1092732054917119,0.1408256884370699,0.010364004393611884,1.0858313785356324,1.0282010652109732,0.26785714285714285,0.058620542845192136,0.10908881458734757,51,0.2664248294684806,0.1496897091803468,0.0520116377815407,0.1372971356719541,0.02218713452525953,-0.003945310337540506,0.16610781891645884,0.05125732603414873,0.0792193202385282,0.10480416296797446,0.04562756010565735,0.48214285714285715,0.2112676056338028
45355,Anthony Firkser,TEN,100,0.04349932688886501,0.027379179759538262,-0.014316375594247185,0.1013150293719772,True,True,0.021568160264705517,116,-0.030766248393036474,0.07390256892244751,0.016735812263163688,-0.02324120464046163,15.0,-0.19170827188299028,0.14522586260206705,-0.011646938885056982,0.05482096597003212,15.0,-0.07183049301612869,0.18147242495619292,0.041104606865699826,0.04150139058042374,85.0,-0.023010431660788637,0.10601321282163612,0.010393239605102501,1.0074039166938573,0.9639045898049923,0.16,-0.01785488255429915,-0.6243958200056728,89,0.5955147509912372,0.23322632367693522,0.02704509083991086,0.022066612524111337,0.03588506262982156,0.03735930019608028,0.0003516717838832584,0.034637523854078374,0.04164565311734557,0.05107433980749071,0.0023100087685461066,0.15,0.13793103448275862
46176,Christopher Herndon,MIN,23,0.08868614306703243,0.02636134951676406,-0.022681161153254942,0.2000534472873198,True,False,0.03729238775806412,27,-0.07098736558962977,0.145572141105758,0.016664558442956088,-0.0642908296692731,4.0,-0.42401050462893475,0.2954288452903885,-0.01545920244015063,0.11972783735866252,16.0,-0.0030788023129462577,0.2425344770302713,0.07667908687906187,0.017733698971877914,7.0,-0.2243601857437353,0.25982758368749115,0.010362963628042001,0.9415785484899228,0.8528924054228904,0.21739130434782608,0.056025154972462805,0.3422476615064064,23,0.4102906712139703,0.5164494716004594,-0.025141718550799833,0.22697333300545303,0.07969814430287428,0.08139879700664111,0.13712029309748971,0.08418794617903468,0.05097921832098589,0.007300078036721138,0.11936727386142106,0.6956521739130435,0.14814814814814814
43399,Tyler Higbee,LA,169,0.03464471934729569,0.02626384917323472,-0.007697079208130411,0.07698651790272179,True,True,0.031895009443594406,196,-0.00817496183657606,0.07196498072376487,0.02651384643606995,0.08700324190131148,38.0,-0.01786925509660449,0.19187573889922743,0.0782868838399299,0.04894525802919182,82.0,-0.020776716769835765,0.11866723282821941,0.04567874999384227,0.02866858359814884,85.0,-0.021105884208946643,0.07844305140524432,0.010380514166737255,0.8890636242476222,0.8544189049003265,0.13609467455621302,-0.001296267477650762,0.3860633971656186,162,-0.33730860727013123,0.19380269883162324,0.11264647101382683,0.04940582707658747,0.06143296563259748,0.02903348367121096,0.26605543111479807,0.022151533204542995,0.054474412714899424,0.041617314359698274,0.027662622461522745,0.48520710059171596,0.1377551020408163
37118,Kyle Rudolph,NYG,96,0.04085297197664646,0.026205594585139297,-0.026562364156078905,0.10826830810937182,True,True,0.008037432792922303,113,-0.05489592508276394,0.07097079066860855,0.007297787310342007,-0.1450891011161003,15.0,-0.2751807235788117,-0.014997478653388907,-0.10029906156801832,0.12673724215586082,28.0,-0.02975224949218594,0.2832267338039076,0.09382388106243422,0.005488860726381724,68.0,-0.06370800105688645,0.07468572250964992,0.010358494160428949,1.002221065510779,0.9613680935341326,0.19791666666666666,0.019771292509635472,0.3534108138680061,94,-0.13069438372572226,0.001157794291977994,0.06765852060319587,0.12463373538248874,0.09550493914710788,0.012164172063734253,0.5415873045356229,0.030843927093579453,0.03332945876731889,0.04503213806811466,0.05463388314229617,0.2916666666666667,0.1504424778761062
46226,Tyler Conklin,MIN,140,0.03616189655194575,0.026166706496003764,-0.013479243867251009,0.08580303697114251,True,True,0.018067548541486515,174,-0.02740506307472362,0.06354016015769665,0.015271332929226935,0.007419613656237519,15.0,-0.1488004330841124,0.16363966039658745,0.010660763617976413,0.02018662487680867,118.0,-0.030658997618534408,0.07103224737215175,0.02078156816047497,0.12175684922705003,21.0,-0.043899217615229705,0.2874129160693298,0.010389672229575321,1.025819454050099,0.9896575574981532,0.16428571428571428,-0.012853636318283318,0.008680667605182024,133,0.09055147653148153,0.19907024120064418,-0.02109292276776723,0.10671093493731676,0.046510857051717834,0.011069902239329786,0.43249043573806656,0.04083980448568522,0.01306148070838679,0.014810120524586438,0.026280831310427518,0.8428571428571429,0.19540229885057472
43324,Hunter Henry,NE,162,0.03396288799518473,0.025762621015025664,-0.01048398667587122,0.07840976266624068,True,True,0.03972856726671921,198,-0.001516067848727612,0.08097320238216603,0.032797839576355466,0.17253271311359356,14.0,-0.045710252243021,0.3907756784702081,0.12866322645328987,0.0169904989948593,35.0,-0.09175653241103587,0.12573753040075447,0.01949530778106279,0.0386403180346445,127.0,-0.009706548959388071,0.08698718502867708,0.010404237683813872,1.0057253902084142,0.9717625022132296,0.2345679012345679,0.04835841698981492,-0.6377705725284252,152,0.4790025309011538,0.22628994699073277,0.024490197972248478,0.08566103217687344,0.010985499456239138,0.022298543315723875,0.003305600143014114,0.04592951819420741,-0.0024400221208309945,0.03680763320159054,0.036253400544959305,0.21604938271604937,0.18181818181818182
53574,Luke Farrell,JAX,39,0.05793587840023349,0.025418962150679847,-0.0753695138936489,0.19124127069411587,True,False,0.04209042898884681,45,-0.07427141657590677,0.1584522745536004,0.022810981863612568,0.10608979535104238,5.0,-0.32574446917671096,0.5379240598787957,0.06018274742611666,0.033795731834069656,16.0,-0.21593645501596287,0.2835279186841022,0.030194942293072666,0.052596694897355536,21.0,-0.10223701424494748,0.20743040403965857,0.010372715902083928,1.0355468353821042,0.9776109569818708,0.3076923076923077,0.08956233075887607,0.6323245712076131,36,-0.5062016734675552,0.14239761021268807,0.06887741804311204,-0.00024007085112587312,0.031891127633416005,-0.008338682714789991,-0.21706341478377622,0.05946731672378299,0.040601888868534115,0.06580519904906694,0.04519309223974181,0.41025641025641024,0.13333333333333333
44009,J.P. Holtz,CHI,7,0.20120352852525306,0.025212469207803102,-0.13303063156792935,0.5354376886184354,True,False,0.20120352852525306,7,-0.13303063156792935,0.5354376886184354,0.02943577333985318,0.047669923986916794,3.0,-0.4175835970870096,0.5129234450608432,0.0291880242437476,0.10864884199653417,3.0,-0.33852747702819197,0.5558251610212603,0.04091684849247347,0.011169805509804806,3.0,-0.17866553348263145,0.20100514450224108,0.010362389394109656,1.2149054918946942,1.0137019633694413,0.42857142857142855,0.21497686347488804,0.8737174341830357,6,-0.42706541709780055,0.18397925537025023,0.5823661662609887,0.22212554961357436,0.004719565190551516,0.051048017684638215,0.15861660453085644,0.17911173978383857,0.27268997820197377,0.2392372327631303,0.16180802199139516,0.42857142857142855,0.0
46167,Jordan Akins,HOU,118,0.034621104740681384,0.024797637991732225,-0.020842514689250337,0.09008472417061311,True,True,0.012426369302523704,140,-0.03805500336353787,0.06290774196858527,0.010627431917675538,-0.022602722325131986,15.0,-0.19877650104184189,0.1535710563915779,-0.011182402243993,0.023896438148352735,69.0,-0.042407535566621746,0.09020041186332722,0.024234411729269614,0.06555674578913812,47.0,-0.029472301592745317,0.16058579317102156,0.010392638431668584,0.951445944518254,0.9168248397775727,0.16101694915254236,-0.004562403856741359,-0.3922281599345127,113,0.4061146757381326,0.10929352468073135,-0.04527455041798001,0.10487962642839922,0.04135091265909339,0.011184103277730775,0.2807566257484835,0.045876130690528365,0.012500665835516685,0.03742769370725752,0.029519961767599214,0.5847457627118644,0.15714285714285714
45217,Cethan Carter,MIA,10,0.13435462819364247,0.02445463134110175,-0.11461131211184192,0.3833205684991269,True,False,0.0864701356682679,13,-0.11729947126161756,0.2902397425981534,0.022181334200130923,1.125891428338969,1.0,,,0.1865550194526577,0.6940305300092211,2.0,-0.15241683071708456,1.5404778907355268,0.11172329099159167,-0.005564347260252216,8.0,-0.1480729952919801,0.13694430077147568,0.01036087332824909,1.0540817169977132,0.9197270888040707,0.2,0.008187460239704292,-0.980960767968267,10,-0.3886954017434904,0.428551051694838,0.2588774650701565,0.20452947945380512,0.0789393242913338,0.08794998180817437,0.7113708512226692,0.08940627662273883,0.19263597146445033,0.15410914693341898,0.1115232233801603,0.2,0.23076923076923078
44831,O.J. Howard,TB,58,0.04265817159278091,0.024269577628791165,-0.044393276452427376,0.1297096196379892,True,True,0.0011557415649198627,76,-0.07216792055061995,0.07447940368045967,0.002948276484826777,0.007474459654892514,13.0,-0.15970482353629373,0.17465374284607876,0.011047259584879112,0.08209179117391223,37.0,-0.034603160461512544,0.198786742809337,0.06702056394895214,-0.0031719168585152167,20.0,-0.12239257104908255,0.11604873733205212,0.010359200819133342,1.0663581745855308,1.0237000029927499,0.27586206896551724,0.06388145039934266,-0.5435782251605216,52,0.3853241968027895,0.23457389644946747,0.09780090746824593,0.09851966121181026,-0.0006927195528797838,0.03714521230917471,0.07498896903956823,0.02644417349553647,0.05340962309139935,-0.019278330272113234,-0.005403294203769585,0.6379310344827587,0.23684210526315788
53959,Brock Wright,DET,8,0.15535192962918187,0.024172096700500908,-0.0808084284897172,0.39151228774808094,True,False,0.15535192962918187,8,-0.0808084284897172,0.39151228774808094,0.026103795438275748,0.06434079068752907,2.0,-0.2718121276107075,0.40049370898576564,0.03113896632922841,0.2064629408798672,6.0,-0.09853810607426502,0.5114639878339994,0.08127212789910918,0.002018895877125837,2.0,-0.21198310859272046,0.21602090034697213,0.010362166244462054,1.093846031013164,0.938494101383982,0.375,0.19617414549116685,-0.013603307068523196,8,-0.4016412055098708,0.40642883449986617,0.4011544007497015,0.02940332656493408,0.10479779964114969,-0.1085426398073769,0.5152169553965557,0.11953602797848491,0.2037909558441373,0.06690113920740327,0.1669685643940418,0.75,0.0
53556,Kylen Granson,IND,35,0.05295696099509348,0.023972642923827198,-0.05130357935388115,0.1572175013440681,True,False,0.051877262429704,37,-0.04854701373999766,0.15230153859940565,0.025185709294663138,0.1309947979080857,5.0,-0.30546576605462894,0.5674553618708003,0.0719118584693424,-0.019862190454977512,12.0,-0.22675652716466094,0.18703214625470593,0.004458172726727468,0.09094956175165227,23.0,-0.025938023647817957,0.2078371471511225,0.010384000263193725,1.114327911749899,1.0613709507548055,0.37142857142857144,0.16010057446553308,-0.2751122818318198,32,-0.04316051691272704,0.07116332534040522,0.1499719494323463,0.009051505084186782,0.0161523198517449,0.13242702329497855,-0.138115727538041,0.04331918880554285,0.07937099041159641,0.1173382042181609,0.01989310786828741,0.34285714285714286,0.05405405405405406
45142,Darrell Daniels,ARI,22,0.06891628289871762,0.02384250677997804,-0.022833482037679292,0.16066604783511454,True,False,0.06397148622383417,23,-0.02423253124632206,0.1521755036939904,0.023886850365825465,-0.010827622190625441,4.0,-0.10106658302018803,0.07941133863893715,0.006778339440704135,0.024615340288318275,9.0,-0.1527059162489555,0.20193659682559204,0.02541912206084993,0.07791569426045708,12.0,-0.01857492875218021,0.17440631727309436,0.010371826316528766,0.8824434877560902,0.8135272048573725,0.18181818181818182,0.06957320897045578,-0.6628831716349662,22,0.710643148374483,0.20579865892297503,0.20015852545854676,0.25813472419706796,-0.01729142400516887,-0.05793183121357171,-0.03479179102359765,0.055568644929639,0.09514242592067947,0.0912328913523023,0.04601352766128498,0.4090909090909091,0.043478260869565216
52673,Mitchell Wilcox,CIN,7,0.15916025665583403,0.023599114501901094,-0.19321514409679832,0.5115356574084664,True,False,0.15916025665583403,7,-0.19321514409679832,0.5115356574084664,0.024320781282113058,0.18416447643297545,2.0,-0.7567323983007674,1.1250613511667182,0.06260218142807238,0.28195424390766993,4.0,-0.2529074328830139,0.8168159206983538,0.08420666134125135,-0.004565059679947192,3.0,-0.45944890889465123,0.45031878953475685,0.010361838165049474,1.3859800362819965,1.2268197796261624,0.2857142857142857,-0.006391750404434063,0.8499573609461019,4,-1.7524351374180958,0.5410818007931465,0.2656464448075047,-0.22782037107945957,0.2568139170483045,-0.02698084630123316,1.5138173441968241,0.11720637215586112,0.14834915453725767,0.13409666437370063,0.007908009354841468,0.5714285714285714,0.0
43370,Austin Hooper,CLE,104,0.03240504323607979,0.023480612629283543,-0.023912503813847796,0.08872259028600737,True,True,0.004161358659505848,130,-0.04724928838150836,0.05557200570052006,0.004576379453915532,-0.08945756396081883,15.0,-0.23509894258114314,0.05618381465950548,-0.05982356712304223,0.03813493360424623,63.0,-0.04083342301647426,0.11710329022496672,0.035974750021252874,0.012524894498334474,39.0,-0.06368833118990835,0.08873812018657731,0.010363345555306911,1.0574958536246906,1.0250908103886107,0.25961538461538464,0.05954105718669345,0.04066580299180385,99,-0.26360891165395756,0.2653087306244474,0.043668139787571184,0.0755687825838542,0.06655214373224336,0.062247868158135704,0.30003218370019863,0.026671030234803637,0.03467661198019339,0.048651395798666494,0.034802790442251555,0.6057692307692307,0.2
44959,George Kittle,SF,83,0.03464537889445812,0.023474942783331385,-0.02680478533759221,0.09609554312650845,True,True,0.017068004423997533,103,-0.038349709383108097,0.07248571823110316,0.0133077428082351,0.13090101410708374,12.0,-0.05078523555845382,0.3125872637726213,0.09532453243705408,0.03031427660725876,38.0,-0.07150893684435439,0.1321374900588719,0.029165863937609515,0.042707182360448924,41.0,-0.039345946475988026,0.12476031119688588,0.010377840138223278,0.9345707595175492,0.8999253806230911,0.1686746987951807,-0.0072001954461455705,0.6478112499284969,80,-0.3525328654776677,0.36447730023452596,-0.00488144384183446,0.06952549597914151,0.09423618914815744,0.04363485525345211,0.6331777564233186,0.04864442524002899,0.014872263073379575,-0.019127233042457815,0.05953619786134937,0.4578313253012048,0.1941747572815534
40615,Demetrius Harris,ARI,28,0.05245359568265175,0.022905943805960786,-0.039291205737100814,0.1441983971024043,True,False,0.04473903982554364,31,-0.05795561680391079,0.14743369645499807,0.020507676602815147,-0.13304946884903948,3.0,-0.34332193305086944,0.07722299535279048,-0.03373109522908922,0.044515570059731384,17.0,-0.053988412654183464,0.14301955277364622,0.036272426085123315,0.06697707276863862,7.0,-0.18698621161498774,0.320940357152265,0.010366988697494996,0.9870999214757262,0.9346463257930744,0.14285714285714285,-0.028148108860165055,-0.5302577887391313,28,0.49654146344652,0.34924367945998347,0.1493826267835508,0.008666353519956356,0.04433366039419181,-0.023413347888027364,0.23216903636645872,0.040778563316482004,0.08390968645810484,0.04108603728356785,0.03674406325265407,0.6071428571428571,0.0967741935483871
52523,Harrison Bryant,CLE,60,0.03612419057444556,0.022760501953808576,-0.031752275880786995,0.10400065702967812,True,True,0.008205365938694838,73,-0.06042589743889211,0.07683662931628178,0.007157532523107869,-0.0024087032445816335,10.0,-0.16062841453294474,0.15581100804378145,0.0054050329924906736,0.07186954012902785,27.0,-0.03776971947143175,0.18150879972948747,0.056504723590360455,-0.009458850786649396,29.0,-0.09526779474143696,0.07635009316813818,0.010355650772657241,0.9786533634880166,0.9425291729135711,0.3,0.10646838359750241,0.279895044037395,55,0.10915913061912,0.09876495542900972,0.015854899259703913,0.0489049951490943,0.04037822562628189,0.07190965331108705,0.3265504869110353,0.0248111165076237,0.05591853234575679,0.0157908547378021,0.018705363989705577,0.45,0.1780821917808219
35481,Rob Gronkowski,TB,62,0.03562254956224064,0.022742077113387757,-0.0453505488827455,0.11659564800722677,True,True,0.017647489394653833,83,-0.04841358898539714,0.08370856777470481,0.013104743519269631,0.18627397957208852,11.0,0.06985146055211175,0.30269649859206527,0.1298394777514369,-0.038052870029312805,38.0,-0.148230508795527,0.07212476873690138,-0.021203391157901798,0.15736452028064082,22.0,0.050814329389150384,0.2639147111721313,0.010400118141498845,0.9790343459611044,0.9434117963988637,0.14516129032258066,-0.033997199036167956,0.48605886944217036,60,-0.6197562490616371,0.21570580196926792,0.00827434054654054,0.04443705341299538,0.0533148072016602,0.049932353881295154,0.23311646332824285,0.0278230683736061,0.04607274243797202,-0.01639301800071239,0.04081363706768255,0.6129032258064516,0.25301204819277107
43079,Daniel Brown,NYJ,6,0.14278505691295731,0.022310301006131024,-0.1359860945849495,0.42155620841086416,True,False,0.14278505691295731,6,-0.1359860945849495,0.42155620841086416,0.020198005398640778,,,,,,-0.08728736231965488,3.0,-0.10295511518858434,-0.07161960945072542,0.005459960099475313,0.1583057783736102,2.0,0.0020898289704697204,0.3145217277767507,0.010365816349979991,1.015124963740621,0.8723399068276637,0.3333333333333333,0.16646234903409254,-0.0017792722224458934,6,1.400903823764598,0.38929167956700345,0.5102500329588455,0.08542404124740739,0.06564567971573539,-0.05340801880982882,0.43988269358379267,0.12380666954633097,0.1727004767765623,0.20090413436176546,0.2669767770120534,0.5,0.0
45339,Pharaoh Brown,HOU,58,0.033618154258776206,0.022023290540254863,-0.0413381678721909,0.10857447638974331,True,True,0.025253795544703403,74,-0.04332574524337582,0.09383333633278262,0.017296113369142736,-0.015340071182873893,8.0,-0.20336773768351638,0.1726875953177686,-0.0010446327364631997,0.04287173589137386,46.0,-0.03436786893302532,0.12011134071577304,0.039015627762113037,0.02743457723073199,11.0,-0.20053948150568768,0.2554086359671517,0.010364553861080981,0.9931682857682349,0.9595501315094587,0.1724137931034483,-0.018735536039189937,-0.6015777537124494,55,0.6433613485102304,0.12808265724163762,0.05858368330334944,0.07127585275183469,0.06973767255602503,0.02084079866828632,0.14162915999039666,0.051822070624583605,0.008515335164014834,0.07771990321815084,0.025594050695737253,0.7931034482758621,0.21621621621621623
48723,Parker Hesse,ATL,3,0.23985912384886135,0.021916828579706445,0.007674964135605977,0.4720432835621167,True,False,0.022701034020202654,4,-0.4334957616547366,0.47889782969514183,0.006894999729445763,0.32047792789705853,2.0,0.02581835458651416,0.6151375012076029,0.0983952670571652,0.17014141090188284,1.0,,,0.03584270935923418,0.2747179803223506,2.0,-0.10963109023462125,0.6590670508793225,0.010368535175859046,1.3698141349768849,1.1299550111280237,0.6666666666666666,0.35269088050249914,1.267166987430046,3,-0.6056155375096249,0.7672123334047366,0.9580080180418321,-0.044047524546081074,0.4001927113554338,0.5387145546203042,0.4913867910649923,0.11305808967668247,0.2118323317140253,0.21739269398953,0.40108219740328455,0.3333333333333333,0.25
42721,Eric Tomlinson,BAL,16,0.06214767450280333,0.021863889891424945,-0.08628251840630481,0.21057786741191148,True,False,0.06214767450280333,16,-0.08628251840630481,0.21057786741191148,0.019231215491591964,-0.18075452108005807,1.0,,,-0.010920539096495183,0.10173985779741504,14.0,-0.052240691457132477,0.25572040705196253,0.06442556150200057,-0.2149976085594787,2.0,-0.6009345561577777,0.1709393390388203,0.010357097788762674,1.2704294199358492,1.208281745433046,0.3125,0.04752058930066806,0.8867001783431278,15,-0.7690987942226515,0.3766271383570763,0.21799371245293842,0.12473028011377471,0.20891219493494012,0.16267907663471037,0.8209620519166209,0.07749009249756943,0.08423926018434362,0.1255569357771642,0.0930615817555697,0.875,0.0
48683,Joe Fortson,KC,23,0.049205884633935486,0.02178489113939019,-0.05731747944017817,0.15572924870804913,True,False,0.040917629011969374,26,-0.054842528642525486,0.13667778666646424,0.017626552529702917,0.07268349737544547,6.0,-0.22157925318480967,0.36694624793570063,0.0468803375078879,0.17853958865131817,11.0,0.025583208901127336,0.33149596840150897,0.09424289895823061,-0.06935001071533196,12.0,-0.18655793315644387,0.04785791172577995,0.010351192239377159,0.854465765835973,0.8052598812020375,0.2608695652173913,0.10969499361699789,0.6668104337199025,23,-0.27190114458085285,0.07321406361984065,0.23785794261526758,0.0444753355691045,0.016960034291230244,0.0074881953088707315,0.09371140191524929,0.03393047883881489,0.0587716067709862,0.01632533612540656,0.06013866209265465,0.4782608695652174,0.11538461538461539
43206,Ross Travis,ARI,2,0.2894328243775316,0.021247247482761165,0.0676931703874927,0.5111724783675705,True,False,0.2894328243775316,2,0.0676931703874927,0.5111724783675705,0.016447286968375708,,,,,,0.2894328243775316,2.0,0.0676931703874927,0.5111724783675705,0.059778940843364,,,,,,1.0861632574648439,0.7967304330873123,0.5,0.38810440428407345,0.15486651710581234,2,0.9448512541953963,0.8839601053648349,1.1669610789009344,0.04725214001178696,0.050970885299179536,-0.024881208555912936,0.954884442591085,0.15072092341242121,0.3682285958494036,0.27414895540142714,0.24654829221119828,1.0,0.0
53591,Noah Gray,KC,33,0.037434539341550534,0.021236737182734798,-0.0575836009714279,0.13245267965452898,True,False,9.846816475600175e-05,36,-0.09834227231614617,0.09853920864565818,0.0033370053800869837,0.2023222414706189,4.0,-0.19455109455953618,0.599195577500774,0.09543611445277117,0.20643398424003553,6.0,-0.11033843671475266,0.5232064051948238,0.08126325371591964,-0.00012089285811279689,27.0,-0.0903808011187246,0.090139015402499,0.010359056757786552,0.9796760904032797,0.9422415510617292,0.15151515151515152,0.0003052718784111562,0.47730184314889285,32,-0.14935301459503286,0.10733432441290065,-0.022778623705345443,-0.020418538971749493,0.028272013789169034,0.05017021220976036,0.1705054082768859,0.03735038287230848,0.01210933941909314,0.06119941710862461,0.02661659121187174,0.18181818181818182,0.08333333333333333
53946,Jack Stoll,PHI,21,0.04243368019413266,0.02078162491073893,-0.10967495166423716,0.19454231205250247,True,False,0.04243368019413266,21,-0.10967495166423716,0.19454231205250247,0.016443696994643243,-0.10328510437229661,5.0,-0.30002011299201947,0.09344990424742626,-0.038423203040842194,0.10604368382328144,16.0,-0.07899502649833967,0.29108239414490256,0.06927677586163329,-0.1611183314191434,5.0,-0.31204214743943526,-0.01019451539885155,0.010352349059651038,0.8303733723320206,0.7879396921378878,0.14285714285714285,0.029431171244902,-1.2342737511212145,18,1.0625623666519166,0.044813837702858066,0.15697718489074391,0.057470090548228464,0.02612869270411751,0.0005885288252494827,0.25271431580886583,0.03870930296904639,0.053064026955689424,-0.023696967119241488,0.015033956735426544,0.7619047619047619,0.0
53724,Matt Bushman,LV,2,0.24058358465743018,0.020696575204566976,-0.29311032733578873,0.7742774966506492,True,False,0.24058358465743018,2,-0.29311032733578873,0.7742774966506492,0.014587685241855625,0.5128763968988684,1.0,,,0.09390904616013329,0.5128763968988684,1.0,,,0.05935293870702521,-0.03170922758400807,1.0,,,0.010361869807317436,0.9478431653927902,0.7072595807353601,0.5,0.45566428972713835,1.2994127184694504,2,-0.9072872457874124,0.27350495732659763,0.32667251085568555,0.8399443787790275,0.11456308987602082,-0.10718200346093536,0.009817577048201187,0.15153039104094052,0.38408612515631535,0.2677204027538217,0.3346248575440797,0.5,0.0
41327,Richard Rodgers,PHI,3,0.16552187915765973,0.020666880081236582,0.10262672907365043,0.228417029241669,True,False,0.16552187915765973,3,0.10262672907365043,0.228417029241669,0.01460282950029499,0.2071197668024165,1.0,,,0.04769954209726911,0.1547589237285959,2.0,0.05213167130390753,0.2573861761532843,0.04248880757329529,0.18704779001578742,1.0,,,0.010364424389982245,1.284001956150945,1.1184800769932854,0.3333333333333333,0.07154118774329343,-2.3842803496019167,3,1.6468531735414296,1.2650449361856697,-0.6482811719669989,0.5169986660701019,0.07943857886238685,-0.14421062635676718,0.8248071076515769,0.184180532272496,0.10613223190288168,0.09490558104076922,0.07635837671911316,0.6666666666666666,0.0
40641,Jack Doyle,IND,113,0.024459002855027466,0.020645885724849,-0.025286584954098218,0.07420459066415315,True,True,0.0165748461088691,128,-0.02964092548946655,0.06279061770720475,0.01348071659954605,-0.10599463389187497,11.0,-0.22907310440799428,0.017083836624244342,-0.06363729668095959,0.029854322354507506,51.0,-0.053454034484956975,0.113162679193972,0.029033802150232095,0.020020917460293886,62.0,-0.03996921192441266,0.08001104684500043,0.010369349102984253,0.9780112200156976,0.9535522171606702,0.168141592920354,-0.012656840133889952,0.21102968858490911,110,-0.41969861360457617,0.15793307664406517,0.04844446550548753,-0.01958009655374047,0.04688105390264335,0.00014547354646571797,0.35551199189591975,0.0252521628789203,0.03386248789563122,0.06272813738753516,0.031976942424271466,0.45132743362831856,0.1171875
44792,Mo Alie-Cox,IND,86,0.02561997977550465,0.02063398844782444,-0.03657466679012948,0.08781462634113879,True,True,0.04773660786621048,108,-0.008932973250184523,0.10440618898260548,0.034318635449835724,-0.056072007088048006,13.0,-0.18641223153384923,0.07426821735775323,-0.0333269823941633,0.018556203668989486,35.0,-0.09547691243225119,0.13258931977023017,0.02062338069971625,0.030467669260368,51.0,-0.040356091307490134,0.10129142982822614,0.01037432810969243,0.9573219694036953,0.9317019896281905,0.20930232558139536,0.034734120539866124,0.15625109784023644,77,-0.40040105926076086,0.18707082740037784,0.007099957679429468,0.07668215219078355,0.030770682246230734,0.020619159629881156,0.29336444560520597,0.020949280470221352,0.019166952583603705,0.007817916313033281,0.0039425838737075555,0.4069767441860465,0.2037037037037037
35534,Jimmy Graham,CHI,42,0.029017984471631408,0.020281359566539592,-0.06819891076276785,0.12623487970603067,True,True,0.019156801429979546,45,-0.07311844518876445,0.11143204804872353,0.012008781140638785,0.036587494753297645,10.0,-0.21760703969034711,0.2907820291969424,0.030375787932628434,0.06175785419841126,11.0,-0.1565763347715732,0.28009204316839575,0.04197694098080062,0.006136799854331016,30.0,-0.10380837412073596,0.116081973829398,0.01036088126127801,0.9205161353354656,0.8914981508638342,0.2857142857142857,0.1238753759342744,0.31951089684457995,38,-0.08782310353267912,-0.14985741971118555,0.04210524296278032,0.02670030333549386,0.05796255816720629,-0.012003340082454458,0.595352177906735,0.003377988829573198,0.04334939039584641,0.03145376389393106,0.003429446393007384,0.2619047619047619,0.06666666666666667
40149,Ryan Griffin,NYJ,88,0.02428497878314939,0.02022585908828794,-0.04166970798603403,0.09023966555233282,True,True,0.03664299132659274,107,-0.025188804437906234,0.09847478709109171,0.02669863157115863,-0.00846371710479397,6.0,-0.12721867776143256,0.11029124355184462,0.004968151832587085,-0.0256438026364191,46.0,-0.10850199047564321,0.057214385202805,-0.013884911551060423,0.08530344455353954,39.0,-0.025120282345007405,0.19572717145208648,0.010396476460073701,0.9795779369417933,0.9552929581586439,0.1590909090909091,-0.02419969720195574,0.03044575397776637,85,0.1333186637892903,0.13222724640800715,0.006346154889562735,0.0712660738479133,-0.04261551161096896,0.04895419476674157,-0.6620219989389361,0.023088486894570163,0.025052138287907696,-0.02204921734240692,0.04816087164044022,0.5227272727272727,0.17757009345794392
48456,Donald Parham,LAC,65,0.02479723738842746,0.01997603062760457,-0.06757060030448475,0.11716507508133966,True,True,0.040566966548386756,75,-0.046485697684035134,0.12761963078080865,0.026508079696053406,0.17473377131610018,10.0,-0.17632198930777765,0.525789531939978,0.11883612496676287,0.013065009641384358,37.0,-0.11855298310088447,0.14468300238365317,0.016524601902163528,0.04030053833987728,28.0,-0.08762714478641234,0.16822822146616692,0.01037214709012255,1.0964051030135127,1.0716078656250851,0.2153846153846154,-0.002980469245171858,-0.5063714254728564,58,0.434279975064853,0.04658820516020056,0.1283792480257075,0.04098932754456459,-0.008260834258026846,-0.035636750831763035,-0.08030327438107121,0.013182684931914865,0.030401999260541903,0.004224421987433867,0.03384833773222311,0.5692307692307692,0.13333333333333333
44967,Jeremy Sprinkle,DAL,4,0.0932628330436736,0.0198632695218856,-0.047142097267274544,0.23366776335462175,True,False,0.0932628330436736,4,-0.047142097267274544,0.23366776335462175,0.012070304056938028,0.13032957462473352,3.0,-0.03958454340889861,0.30024369265836565,0.057966742191216086,0.12005474408494088,2.0,-0.1721707248464262,0.41228021301630796,0.03803330514724342,0.06647092200240631,2.0,-0.0989693728533422,0.23191121685815483,0.01036367153199767,1.3874510523135046,1.294188219269831,0.25,-0.024946954959788548,2.7517175731113666,1,-1.656675439099216,0.4572878014186629,0.591492625179937,-0.00924074482173072,0.2157973468278943,0.0924250862926373,0.26497532402309787,0.06032107891920019,0.000361495426950853,0.15866837372618664,-0.03548467996222904,0.5,0.0
48700,Jesper Horsted,CHI,1,0.2684541440245598,0.019608149854490498,,,True,False,0.14999860559791944,3,-0.05407934347673643,0.3540765546725753,0.013732972247885871,,,,,,,,,,,0.2684541440245598,1.0,,,0.01036537503039158,0.5819525967785998,0.31349845275404,0.0,-0.0007613202376541788,0.08776357254474743,1,1.4266537466777973,2.103754545138193,0.2842455930875427,0.7633964790161955,0.14643202235538938,-0.004767141027971426,0.36545828133056224,0.15873962468582675,0.32736270914218024,0.2407633914673521,0.1290270332005281,0.0,0.6666666666666666
53526,Tre' McKitty,LAC,1,0.2543912128036276,0.01952843558610146,,,True,False,0.2543912128036276,1,,,0.010470507693317711,,,,,,0.2543912128036276,1.0,,,0.04162190391520927,,,,,,0.709781570438078,0.4553903576344504,0.0,-0.01944478112167571,2.2261552279985577,1,-2.917391992620959,2.3304219459287916,0.402350137232401,0.8309468700021294,-0.0283472569700155,-0.015145673132456842,0.15646910327473051,0.2526600256634458,0.26019715726683423,-0.11114486484703845,0.32694248556821376,1.0,0.0
48011,Tommy Sweeney,BUF,29,0.027292922762913445,0.019481019463659124,-0.06832030827809091,0.12290615380391781,True,False,0.015569737206228352,38,-0.07819775056021167,0.10933722497266837,0.009904080031690955,0.07659667763230031,3.0,-0.5438415218608287,0.6970348771254292,0.039259139689710315,0.07570204660619974,11.0,-0.10451178870415616,0.2559158819165556,0.04821769924517258,-0.01622708553446274,15.0,-0.14343051204803287,0.11097634097910737,0.010357704308060708,1.0167769360196575,0.9894840132567441,0.1724137931034483,-0.02742236424062917,1.1096474267946046,24,-0.9628127789222679,0.23419873915186323,-0.06836781202048135,-0.0713794766539747,-0.012648838756365244,0.004890335363297616,-0.0069350801853004735,0.03143345947987129,0.012359874245430582,0.05621104350798453,0.01833906076325645,0.3793103448275862,0.23684210526315788
53570,Jacob Harris,LA,2,0.08295356391802045,0.01891962876425936,-0.19539462764322363,0.3613017554792645,True,False,0.08295356391802045,2,-0.19539462764322363,0.3613017554792645,0.008586996993727569,,,,,,,,,,,0.08295356391802045,2.0,-0.19539462764322363,0.3613017554792645,0.010364056486775993,0.8603423647387378,0.7773888008207175,0.0,-0.09421406164043555,0.2877849833395696,2,0.4083239722737404,0.6723784531411396,0.1535593107028006,-0.12744345279692637,0.07241505140146626,-0.06751603746224591,0.2742090055934774,0.07180315967045006,0.0585869444012419,0.08574685195720783,0.12067582150081925,0.0,0.0
45594,Colin Thompson,CAR,6,0.037027202458142006,0.018812569028030426,-0.24067847705462297,0.314732881970907,True,False,0.017444110074384764,7,-0.22037783122288912,0.25526605137165864,0.007079569264432277,-0.23319887003692596,2.0,-1.002373657873195,0.5359759177993432,-0.046988778511622864,0.0033461918157463135,5.0,-0.3270229043670809,0.33371528799857353,0.019867935745321745,0.20543225567012047,1.0,,,0.010364639078579563,1.2341244571055743,1.197097254647432,0.3333333333333333,0.006367823397880261,-1.0231098399257523,5,0.6640870556331777,0.2957859357196501,0.4463068502593184,-0.006552296240004862,0.0965093430216823,0.22783479045947508,0.6346677816299989,-0.006082852850302929,0.058177474364406644,-0.01964879511523839,0.052614089662264996,0.8333333333333334,0.14285714285714285
52502,Josiah Deguara,GB,26,0.02107451895332365,0.018561958761165863,-0.09567531226545459,0.1378243501721019,True,False,0.017519668070616536,27,-0.09503876509444625,0.13007810123567934,0.009779313063273813,0.1463744740477941,5.0,-0.23400569318942674,0.5267546412850149,0.07915497875565106,0.14458550574744075,7.0,-0.16011392797300125,0.4492849394678827,0.06630714535290355,0.024098890495857967,15.0,-0.09855448986634394,0.14675227085805986,0.010364766883787468,1.0369731393806758,1.0158986204273521,0.23076923076923078,0.01644420510998402,-0.8550182892285946,23,0.8716651749508517,0.12539204849724517,0.12608292010163236,0.09566375323882219,0.06652779343064655,0.07730833770810681,0.9906740408925276,0.032320442393626095,-0.008210087507632465,0.042707206643448285,0.014063725575957416,0.2692307692307692,0.037037037037037035
46118,Dallas Goedert,PHI,115,0.018702588848869862,0.018392705070049916,-0.03302740134445895,0.07043257904219868,True,True,0.014139890750262405,143,-0.03159670807855584,0.05987648957908064,0.01192139624047397,-0.022681951384049295,18.0,-0.10472528807871903,0.059361385310620435,-0.012693494446236306,0.12049590266593577,37.0,0.0071925997617483944,0.23379920557012313,0.09511476902829535,-0.02958398308999473,78.0,-0.08089227526767608,0.021724309087686616,0.010326008189675358,0.908529225864064,0.8898266370151943,0.14782608695652175,-0.02435884379834571,-0.17994168515006517,110,0.2212464874913723,0.2323365083410526,-0.013603753634499869,0.043082008100156076,0.0404940230825562,0.0014947863335124682,0.48302851944051006,0.026387824769305224,0.011467588113399322,0.04637877290802469,0.020079278808969266,0.3217391304347826,0.1958041958041958
46915,Codey McElroy,TB,1,0.05300766865302231,0.018386913833960447,,,True,False,0.1477525217485326,2,-0.037947390318667534,0.33345243381573275,0.01105377548503614,,,,,,,,,,,0.05300766865302231,1.0,,,0.01036285910730387,1.3752067001686301,1.3221990315156078,1.0,0.8071650825816623,-2.994810858958086,1,2.699928386312447,0.8779165822164814,0.13648725294749675,-0.03897749361612557,0.12819346190019143,0.6860362548702112,1.0007185357749397,0.16487361732580674,-0.22626128754360586,0.10733373772181132,0.1485846863345846,0.0,0.5
39907,Darren Fells,DET,48,0.01718930001531441,0.017974651893172988,-0.08145191240898572,0.11583051243961454,True,True,0.03210996263889921,53,-0.06776360327946437,0.1319835285572628,0.019191715284157675,-0.15805593935365891,2.0,-0.9161818348682697,0.6000699561609518,-0.027257803149474975,0.053853363726749946,24.0,-0.10641951420779691,0.21412624166129682,0.04377171137786607,-0.019474763696121115,24.0,-0.13622237010995464,0.09727284271771242,0.010354001044468769,1.0634433498760685,1.046254049860754,0.16666666666666666,-0.05429495624340347,-0.26925818075067115,48,0.08651938628731963,0.1199177306208079,-0.07752413172668728,0.005866785265581574,0.0020978349045777354,-0.02133038969290001,0.08484858764531034,0.03341633511193162,-0.011090007608357882,0.05537776465294519,0.044128295066105105,0.5,0.09433962264150944
44841,David Njoku,CLE,98,0.016473901401532026,0.017574615455225165,-0.04889727369188995,0.08184507649495401,True,True,0.01701421483722188,118,-0.0415953436389047,0.07562377331334845,0.0136047497550632,-0.008151132467100983,12.0,-0.19883108920925888,0.18252882427505693,0.0006063820413893441,0.04660675516776276,58.0,-0.04600944012133178,0.1392229504568573,0.04268859946245392,-0.027218736559502542,40.0,-0.11407668789883837,0.059639214779833284,0.010344814640892652,0.990576123482661,0.974102222081129,0.22448979591836735,0.024309060736235125,0.24470559086906826,94,-0.48237246051141036,-0.11292171327696998,0.20268515093385853,-0.061455039513965595,-0.006202198475634257,-0.05050411440467963,0.05450840534997935,-0.005816996373379936,0.03095111824089876,0.009731647670503355,0.046872390014787164,0.5918367346938775,0.1694915254237288
37179,Luke Stocker,MIN,3,-0.044611946524982383,0.01713357102491056,-0.4248052040310302,0.3355813109810654,True,False,0.05596153686794217,4,-0.27740213650498313,0.3893252102408674,0.009334467355054608,,,,,,0.10348913115941705,2.0,-0.3217832424848325,0.5287615048036666,0.03590652591383192,-0.34081410189378125,1.0,,,0.010358260167900226,1.1818477450582656,1.226459691583248,0.3333333333333333,0.019122579189415956,0.1873622730371136,3,0.7163444343568374,-0.7311489105477232,0.013751635482772548,0.0508837880647105,-0.06592084402972746,-0.1093046926567658,-0.06625378009139722,-0.0460325403635824,-0.035753177573540684,0.030482342842561422,-0.1925382670432426,0.6666666666666666,0.25
47879,Dawson Knox,BUF,134,0.015695216460996263,0.01710932230792987,-0.03236587573086773,0.06375630865286026,True,True,0.020705692986649312,157,-0.02394726539798454,0.06535865137128316,0.017038017704014172,-0.013042724180542515,27.0,-0.15497093606214835,0.12888548770106334,-0.007470318193979126,-0.05364189412617525,34.0,-0.12098257543166271,0.013698787179312215,-0.030926954987473332,0.01570032772031168,76.0,-0.041900552830668486,0.07330120827129184,0.010367094442104739,0.9447695418996676,0.9290743254386712,0.17164179104477612,-0.011230025399559682,0.3228104936206069,121,-0.3970406735078385,0.10613425964958091,0.013505670573057436,0.033118939416016284,-0.03680356893527923,-0.030111304436282554,-0.13499798779561237,0.012722286055930785,0.02388301085343859,-0.009286396201928518,-0.007951017476987076,0.2537313432835821,0.1464968152866242
53172,Dominique Dafney,GB,14,0.0025789654709679677,0.017035755355202603,-0.14632875633326287,0.15148668727519882,True,False,0.0025789654709679677,14,-0.14632875633326287,0.15148668727519882,0.004979075289606527,-0.4449196112349594,1.0,,,-0.050844245094069394,-0.050366168615436246,6.0,-0.29341175409514797,0.1926794168642755,0.002563114031587436,-0.02631093891438276,6.0,-0.17216757401740423,0.11954569618863871,0.010359791694834766,0.8978735487194536,0.8952945832484857,0.21428571428571427,0.06989157773097962,0.09306967262324307,14,-0.7912915294736391,0.22322991585808566,0.0061039690464165875,-0.11260729186052261,-0.030644954153297738,-0.0025235745369254813,-0.20789889394413402,0.011959003551880882,0.002208107349503663,-6.312688234425783e-05,-0.05286847156989822,0.42857142857142855,0.0
45094,Johnny Mundt,LA,25,0.008478528340052029,0.016978197203621127,-0.08664233057796229,0.10359938725806635,True,False,-0.005080127999710695,26,-0.10025474830067435,0.09009449230125297,0.0020009495002516276,0.01340910172819916,4.0,-0.36415013968617327,0.39096834314257156,0.01685938748509673,-0.007697613517121238,15.0,-0.156958283399185,0.14156305636494254,0.008290039825937158,0.032742741125811936,10.0,-0.05623627393119991,0.12172175618282378,0.010364974350363258,0.7989937681607185,0.7905152398206665,0.04,-0.07095581162305437,-0.47218637840020666,24,0.3939192081770962,0.3568512300477406,-0.04435343957283008,-0.024064949528098414,0.038901489626988875,-0.01045721108773388,0.4265757701845782,0.009830790210237448,0.008330828914081328,-0.014526212107062241,0.0017673368696542223,0.6,0.038461538461538464
46544,Deon Yelder,TB,3,-0.06537322015385048,0.01678447922164929,-0.2931986237096097,0.16245218340190876,True,False,-0.3256793983387289,4,-0.8607087047543589,0.20934990807690107,-0.01865671216215556,-0.23678354837858984,1.0,,,-0.01938829845063609,0.15633675797077018,1.0,,,0.034895766182327315,-0.1762282092161608,2.0,-0.2949166739745217,-0.05753974445779993,0.010358003254379555,0.9216179560915306,0.9869911762453811,0.0,-0.19461950881021362,-1.3574452041111214,2,1.2502368162681603,0.2567568169804901,-0.3838244251320977,-0.19852037493766006,-0.12134097629735034,0.19118542361380264,-1.0506453285269421,-0.038933175644118606,-0.033273002522286044,0.07171628562768691,-0.19430048857096083,0.3333333333333333,0.25
52962,Tyler Mabry,SEA,4,-0.046644166963488165,0.01674411795611293,-0.3072732944336262,0.2139849605066499,True,False,-0.046644166963488165,4,-0.3072732944336262,0.2139849605066499,0.001808925908930769,-0.0948698431986521,1.0,,,0.002059353997717282,-0.2058444673819363,2.0,-0.4239033613759244,0.012214426612051799,-0.0038073244901305134,0.11255613345495996,2.0,-0.29399878078611963,0.5191110476960396,0.010364747859594273,0.9281896144952585,0.9748337814587467,0.25,0.04508144150331515,0.36097041339869185,4,-0.8623323235517297,-0.46508863103445114,-0.05319828550065819,-0.22344499059446432,0.16614233459481015,0.20039351883848164,0.5695675464374644,-0.08718006889054565,0.007967619697430206,0.013018572835621411,0.029287930333046386,0.5,0.0
42516,James O'Shaughnessy,JAX,28,0.006799142563807049,0.01662167881211324,-0.08021835436609419,0.09381663949370829,True,False,0.002796884748312096,38,-0.07100458229939187,0.07659835179601605,0.0044220027854377135,-0.23530229850656903,3.0,-0.6060758181797511,0.13547122116661303,-0.0693313587353845,0.03134135319264702,7.0,-0.054443847483985015,0.11712655386927906,0.027785210397157565,-0.029161329231095035,20.0,-0.1336481588081374,0.07532550034594734,0.010353132225270125,0.8538066603289657,0.8470075177651586,0.10714285714285714,-0.040720097660393126,0.17734125949393553,27,0.1380939276281469,-0.012760016458906509,0.10531842761498031,-0.02628088441102062,0.01123723366233355,0.04349463957983243,0.0030026066964381004,0.004998765956348182,-0.015119197108484675,0.04470211001028863,0.021360213876215287,0.25,0.2631578947368421
53065,Tommy Hudson,TEN,9,-0.02023303969418833,0.01631443201801648,-0.1356637148716174,0.09519763548324074,True,False,0.014291773956444745,13,-0.0884433415450512,0.1170268894579407,0.007413339675231591,-0.09463897911122193,4.0,-0.27620226504515577,0.08692430682271193,-0.028082243145130924,-0.0023574061754850126,3.0,-0.2443288257389722,0.23961401338800214,0.02082900323642685,-0.02917085645353999,6.0,-0.17088893413120712,0.11254722122412715,0.010359591322678689,0.8158853092759357,0.836118348970124,0.0,-0.1276703037490799,-0.45292822256683773,9,0.09577997236306082,0.2022482753824666,-0.12173771699316784,0.15571644876207286,0.045860938110799075,0.015582580312759664,0.5303313394859116,0.00613834673178436,-0.018989087108406966,-0.09450520407699689,-0.07472005339892947,0.3333333333333333,0.3076923076923077
53896,Tory Carter,TEN,1,-0.3247353066143783,0.016245716921348127,,,True,False,-0.3247353066143783,1,,,-0.0007665257640298078,,,,,,,,,,,,,,,,1.469569638512809,1.7943049451271873,1.0,0.41033447662135236,-0.63096380862897,1,1.2356459218501912,-0.45413278772230026,0.510893393690806,0.7059906986819813,-0.14674109778017075,-0.06466903180331628,-0.39064499586907964,-0.23575473982764095,-0.2121025026800898,0.04205468495366804,-0.3001512528308107,0.0,0.0
52541,Colby Parkinson,SEA,27,0.0019750557668902604,0.016026728966011313,-0.10215083258047619,0.10610094411425672,True,False,-0.0029244571662362623,28,-0.10372116446552433,0.0978722501330518,0.0025891619830193755,-0.014212815441223839,4.0,-0.2603468352844978,0.2319212044020501,0.00537029865461711,-0.135396323859855,8.0,-0.35604468212807494,0.08525203440836493,-0.03386729525313463,0.05981563666236196,19.0,-0.04914916936592359,0.16878044269064751,0.010373331327817198,0.8534809944123286,0.8515059386454383,0.07407407407407407,-0.07504334445482705,-0.35255332268149064,26,0.1253322393526273,0.19166565263281396,-0.06990630618991142,-0.048530250693945655,-0.0447080281048556,-0.044770867567884544,-0.026829182538620037,-0.0013953036680169658,-0.0020542587911669694,0.024433458305971482,0.03470433372037167,0.2962962962962963,0.03571428571428571
48766,Kendall Blanton,LA,5,-0.06717393744082412,0.015823820100605436,-0.14467397191732456,0.010326097035676315,True,False,-0.06717393744082412,5,-0.14467397191732456,0.010326097035676315,-0.0009118024614837347,-0.12248701341792956,1.0,,,-0.0021144745110870562,-0.038018923045148645,3.0,-0.14007776573910902,0.06403991964881174,0.014375645481612923,-0.11090645903433734,2.0,-0.23962793038149066,0.017815012312816,0.010359528854461734,0.730996137783207,0.7981700752240312,0.0,-0.0972222981260156,-0.4893242975950991,5,1.249316241035271,0.05718443179288672,-0.4477796271217621,-0.07293281284394545,0.04727688482395609,-0.07829397714002843,0.03878942208784233,-0.06918926287757501,-0.018388264754540605,-0.17357513931741786,-0.06059739031305307,0.6,0.0
44912,Jonnu Smith,NE,66,0.009396431683554276,0.01578563365220433,-0.05912140587030197,0.07791426923741053,True,True,-0.017278456132149515,91,-0.07981038039365364,0.045253468129354615,-0.00909377778715579,-0.0303530935299464,7.0,-0.28701502006521445,0.22630883300532165,-0.008241076707948785,-0.025882929632799614,31.0,-0.13505612796377975,0.08329026869818053,-0.010094477528091929,0.04727394415448145,33.0,-0.04236564034170894,0.13691352865067183,0.010376580214316946,1.031663419474243,1.0222669877906887,0.21212121212121213,0.015356882683825892,-0.6081103911136749,60,0.43406630783436717,0.2778744429514897,0.1359266714456889,0.054007610145456145,-0.013491685251173563,0.03575887721627007,-0.1263610100858248,0.0034866712014605485,4.5948693312689446e-05,-0.05186450424623305,0.028706745769171205,0.4696969696969697,0.27472527472527475
46189,Will Dissly,SEA,89,0.010976228462144876,0.015761619544676617,-0.05161290754632474,0.07356536447061449,True,True,-0.005619467334651218,100,-0.06286820785940266,0.05162927319010022,-0.001838189474140341,-0.06643696789490132,11.0,-0.2297697203781488,0.09689578458834615,-0.037450804979166856,0.07347448718907244,27.0,-0.06078598909216211,0.207734963470307,0.057572628381009634,-0.015434937145997646,59.0,-0.08633129964993927,0.05546142535794398,0.010344599177538542,0.8920755363920366,0.8810993079298918,0.1797752808988764,0.015344481898144689,0.21703150360256504,86,0.06417714258210087,0.08384004159483147,-0.10523056542951778,0.0511067558463554,-0.01197465766081569,0.042336047784153875,-0.15428568766150863,0.012344571182570745,-0.012753662032793073,0.025946598778953302,0.06428733744759632,0.30337078651685395,0.11
34540,Jared Cook,LAC,155,0.011996016033940597,0.015284135447908895,-0.030666045153497752,0.05465807722137895,True,True,0.010229107525456436,192,-0.027452143982474475,0.04791035903338735,0.009273704064228165,0.03928770430938323,25.0,-0.07402115599886647,0.15259656461763293,0.03562392345455115,0.004175611285252072,35.0,-0.0907208335611168,0.09907205613162094,0.010262322774599828,0.01427696741897475,120.0,-0.03358901755001014,0.062142952387959645,0.010367839134936836,0.9003289430545074,0.8883329270205668,0.2,0.04589676140446213,-0.31326648502284843,141,0.24570328279509385,0.034105908761994604,0.07837937236413914,0.03402630556619216,0.0471647822405429,0.03180566894105643,0.3862082849926508,0.0034818330976777384,0.03069717866128895,-0.0196538444856395,-0.03731742015382133,0.22580645161290322,0.19270833333333334
37234,Lee Smith,ATL,20,-0.01249842303581546,0.015048778635989893,-0.14232291486518764,0.11732606879355671,True,False,-0.05251281429714964,28,-0.1674813450251278,0.06245571643082849,-0.015090001367117778,0.12976944948146651,3.0,-0.45153313637903236,0.7110720353419654,0.05777172946869689,-0.015151242133318397,18.0,-0.15976827350641473,0.12946578923977795,0.0025224936585335218,0.011376948841710977,2.0,0.004487001451344437,0.018266896232077515,0.010362384803308564,1.265764046911765,1.2782624699475806,0.3,-0.013184982118328631,-0.2630690657808643,18,-0.019291565784906033,0.1770346550695611,-0.08571070690004537,0.23745163155736232,0.07640469349744573,0.12574830931714162,0.34468053307589985,0.0013301031738729187,-0.054010162732784514,0.07726084845433262,0.00806030304127322,0.9,0.2857142857142857
53510,Hunter Long,MIA,4,-0.14067939732406762,0.014647652904314377,-0.1793605576794021,-0.10199823696873314,True,False,-0.1422451283121606,5,-0.1723641760100323,-0.11212608061428891,-0.007670428846280347,,,,,,-0.16302150444300906,2.0,-0.22849487405836857,-0.09754813482764954,0.0016905094083867513,-0.11833729020512616,2.0,-0.14758468056170326,-0.08908989984854906,0.010359355306193151,0.8097599403080802,0.9504393376321478,0.0,-0.12371576060858991,1.2883683296122428,4,-0.4082668527039408,-0.8473203719673357,-0.41064265668809063,-0.5007654750404738,0.06401466177933152,-0.09996200097135108,-0.2783261084102491,-0.16151323392949143,-0.12702106423270798,-0.035224127685232455,-0.07369860407439466,0.5,0.2
44075,Garrett Griffin,NO,29,-0.006867866226442677,0.0146347290415178,-0.14021318155866283,0.1264774491057775,True,False,-0.024859419404545294,32,-0.15036437396465513,0.10064553515556456,-0.0061823043385001025,0.0017568514465418567,9.0,-0.25998781747688426,0.263501520369968,0.008504472714799259,0.002485207795145556,18.0,-0.1895086064203942,0.1944790220106853,0.012575532947648222,-0.03166182986344577,9.0,-0.23013023109468908,0.16680657136779756,0.010357944800332485,1.0111673237822878,1.0180351900087306,0.13793103448275862,-0.041552737985007214,-0.31054642451953546,26,-0.1339353854270232,0.16789395326596274,-0.3036990227388407,0.0180063562252553,-0.049904031877428874,0.03264780050421619,-0.39070044336697785,0.018026413854315654,-0.031364841712653434,-0.006803833445472743,0.0637211123710331,0.6206896551724138,0.09375
52451,Cole Kmet,CHI,141,0.008841951152086627,0.014024121585321278,-0.03855209921108512,0.05623600151525838,True,True,-0.02727008931949886,177,-0.07009625153044402,0.0155560728914463,-0.019959694109153388,0.016754034853104546,15.0,-0.1370792754338131,0.17058734514002222,0.01745215088894615,-0.0003470173447551739,39.0,-0.11078684977797958,0.11009281508846923,0.006444587263800695,0.014487496650591847,101.0,-0.03631460622446281,0.0652895995256465,0.010367220821353485,0.863183018237322,0.8543410670852354,0.15602836879432624,0.005567500829368031,-0.002595770160395488,133,-0.11832737835290189,0.2266811696628519,-0.02498464001515179,0.043514966476599685,0.002377496538102115,-0.004021637039733337,0.17553047316065434,0.019317682883551436,-0.01255032067501872,-0.009601761616877875,0.03333206764779404,0.2765957446808511,0.2033898305084746
47924,Zach Gentry,PIT,22,-0.021230132053893562,0.013796645691557514,-0.16193838123902193,0.1194781171312348,True,False,0.01609677608487163,27,-0.11139408674775574,0.14358763891749898,0.009283834412612695,-0.014807735212717332,4.0,-0.32103705074661854,0.29142158032118387,0.00512284710881117,-0.02264861355909605,19.0,-0.17579265735558072,0.1304954302373886,-0.002392577691182094,-0.012246415854277807,3.0,-0.44526186921700467,0.420769037508449,0.010361569069210784,1.0594491682126583,1.080679300266552,0.22727272727272727,0.02503133506750176,-0.5119276493021836,20,0.6931706912885753,0.17776049315055797,-0.11661662274303888,0.1548386170986522,0.0492779181419442,0.04825096693691362,-0.15707504110530837,-0.0020608165800330273,-0.016871287403089186,0.04979927907214239,-0.04386662912512029,0.8636363636363636,0.18518518518518517
46331,Ross Dwelley,SF,52,-0.0012003794872484268,0.013755944206832429,-0.09196588697433093,0.08956512799983408,True,True,-0.012104958990285616,57,-0.09684433301035053,0.0726344150297793,-0.0037638287621333936,0.05525825921728735,6.0,-0.32395425821616786,0.4344707766507425,0.03788027728648737,-0.0052280367575646865,25.0,-0.13494749863339064,0.12449142511826126,0.005746185693882926,-0.033594350573558036,26.0,-0.1461168754183892,0.07892817427127313,0.010349018836973306,0.9715794314473032,0.9727798109345518,0.21153846153846154,0.020234580897298314,-0.19023573620665563,45,0.06462615703483754,-0.13030384159639025,-0.022578855492246006,-0.00908496101828743,-0.06491158757310084,-0.0029584005298429793,-0.34336336720914995,0.011000069186768473,0.007123776610451266,0.010177994612675576,-0.03712444287823475,0.4807692307692308,0.08771929824561403
46155,Mark Andrews,BAL,160,0.0078787807090878,0.013271122464194072,-0.040387103476576036,0.056144664894751645,True,True,0.0054309581505819614,213,-0.035812974698187616,0.04667489099935154,0.0054718047060930254,0.06275531055690235,19.0,-0.10290386466807853,0.22841448578188323,0.05284398187176675,0.06357365609246429,50.0,-0.029933864083918738,0.15708117626884732,0.05553892875810215,-0.015045301757272514,109.0,-0.07089022914894946,0.04079962563440444,0.01033006116126533,0.8939357127003966,0.8860569319913087,0.20625,0.04514605956090842,0.07141820868582399,154,0.09083551554516148,-0.19058652854929164,0.04141105964142935,-0.0037139623286698855,0.03932136427821528,0.009410673934799073,0.10490586323836817,0.0009626834722258459,0.028755678544099505,0.0050711746249433535,0.05019463232678202,0.3125,0.24882629107981222
52526,Albert Okwuegbunam,DEN,47,-0.005596388988213485,0.013163224301334084,-0.10147389503115566,0.09028111705472867,True,True,0.0038707298025581942,59,-0.08258845813505457,0.09032991774017095,0.004688846826140982,0.23319753897285023,6.0,-0.03905025327686795,0.5054453312225684,0.1297851464777834,0.014953364225776493,34.0,-0.0969267484084311,0.12683347685998408,0.018092188639416428,-0.05934189739403343,13.0,-0.24932347867939586,0.13063968389132902,0.01035178076373695,1.0118391280552939,1.0174355170435074,0.1702127659574468,-0.04742190436841449,-0.38748864898959207,47,-0.7191499589036815,0.0066282252740825776,-0.1933985301657077,0.06572981995960674,-0.031525432721188365,-0.0683582915365677,-0.01413230552940048,0.0011118799291934172,-0.014498123411465868,-0.007128583651558348,0.022888845370027295,0.723404255319149,0.2033898305084746
46094,Hayden Hurst,ATL,124,0.004646005264905288,0.012580647198498248,-0.04443635597825868,0.05372836650806925,True,True,-0.015049216690116704,146,-0.06158941955890467,0.031490986178671264,-0.009728203627369633,0.08909751066985158,20.0,-0.0958603962313393,0.27405541757104246,0.07379727918578081,-0.006621738687533122,49.0,-0.08695730227647994,0.0737138249014137,0.0004460468580707736,0.01200759798049838,75.0,-0.0502681664177857,0.07428336237878246,0.010363800809191092,0.9154341540483195,0.9107881487834142,0.21774193548387097,0.057275097910499714,0.0032520634354342467,116,0.02223507971950921,0.03482499860960023,0.03966416148321698,-0.0011325681387534536,0.030163626552453127,0.010737541543903611,0.16071579231139319,0.009985013216316885,-0.0073204938061474,0.02449497029597091,0.02959341130534795,0.3951612903225806,0.1506849315068493
46192,Durham Smythe,MIA,87,0.0007310411402966026,0.012401466069991972,-0.06257955700048429,0.0640416392810775,True,True,-0.01597942858856696,104,-0.07175161411417384,0.03979275693703993,-0.008908074766034902,-0.062041234297279306,7.0,-0.41080958980338655,0.28672712120882793,-0.02582223078226089,0.011846810503575134,41.0,-0.0907800769191247,0.11447369792627497,0.015355918707534756,-0.0023487161331250442,45.0,-0.08119497803155905,0.07649754576530897,0.010355684901169886,0.9541819470275814,0.9534509058872848,0.19540229885057472,0.010493955196738059,-0.23488539686841323,81,0.19061633950420243,-0.0179664736079234,-0.0013306830972458269,0.06810725292100825,0.05559001664718959,0.07021936174449475,0.2513286008935941,0.007418271562520425,-0.018168593159184537,0.0004398527136868438,0.03738345515404442,0.47126436781609193,0.16346153846153846
30842,Marcedes Lewis,GB,47,-0.00982933213273947,0.01226873978833906,-0.1000215369633413,0.08036287269786237,True,True,0.019129176510964876,56,-0.07466416287836194,0.1129225159002917,0.012732295043628054,0.12402708800405861,8.0,-0.07256852811616778,0.320622704124285,0.08083521826784225,-0.016311148293246553,41.0,-0.11847944853727203,0.08585715195077893,-0.005796811974237456,0.034463078297392286,6.0,-0.08334025739313662,0.15226641398792118,0.010364049657064629,1.1419934209928981,1.1518227531256378,0.2978723404255319,0.04475651637057662,-0.6367320618667249,44,0.25582684394611516,0.014631222557543788,-0.06658773101786808,-0.014976298648362344,0.0031834520904988808,0.030538255963424344,0.1961310341904224,-0.001460173593233384,-0.026999315111237647,0.015265340698473948,0.006379103563045619,0.8723404255319149,0.16071428571428573
42503,Jesse James,CHI,36,-0.017759698195486513,0.01206811997233614,-0.11694217975360152,0.08142278336262848,True,False,-0.0404892709957942,42,-0.12905584255377717,0.048077300562188764,-0.01529457357250319,0.05630887822701528,3.0,-0.1446139103821966,0.25723166683622717,0.032195755652221984,-0.058624550434299934,23.0,-0.18657360504075146,0.06932450417215161,-0.027229027676367853,0.05453965576549107,13.0,-0.0995191244816982,0.20859843601268035,0.01036906673737182,1.0543285137643177,1.0720882119598043,0.19444444444444445,-0.05686917520353866,-0.14775541035075926,35,-0.14654166084141745,-0.1604099015389303,-0.11954952945869232,-0.07164198428498399,0.009274033444322198,0.04979618844084033,0.14307908620756202,-0.014274583089082412,-0.015641424932948136,0.10312064978612372,-0.021094390385966364,0.6388888888888888,0.14285714285714285
45532,Blake Jarwin,DAL,97,0.00028968491797419407,0.011815908061006297,-0.05563313813226571,0.0562125079682141,True,True,-0.03519858922923565,115,-0.08934840263546265,0.018951224176991355,-0.0227296616534239,-0.04610601610889542,16.0,-0.2031036096994004,0.11089157748160955,-0.029107069999526523,0.00465912919939313,40.0,-0.09775611829805284,0.10707437669683909,0.010055282279019487,-0.0027765917707408454,57.0,-0.06598831960573424,0.060435136064252555,0.010353621143066961,0.9285703944835033,0.9282807095655291,0.16494845360824742,-0.0049297957070412925,-0.26549640471869984,91,0.3364796770540043,0.2410392622158168,0.060410091980383385,0.000584175863891253,-0.015339516023446654,-0.00967680066387761,0.08501676168529215,0.010075020351554475,-0.013077000927217506,-0.041644151515653254,0.01833602273213402,0.41237113402061853,0.1565217391304348
44856,Gerald Everett,SEA,99,-0.0013737374719573862,0.01113179795865393,-0.05346865581478054,0.05072118087086576,True,True,-0.0141657187528742,113,-0.06339547402815669,0.0350640365224083,-0.008044008799979657,0.09121099399758446,12.0,-0.04090770738772738,0.22332969538289632,0.06828888152077801,0.01749072572273989,40.0,-0.07176532689666844,0.10674677834214823,0.01963501079674476,-0.014163204044633502,59.0,-0.0776907829933797,0.04936437490411269,0.01034547478993745,0.780428929849277,0.7818026673212345,0.1414141414141414,0.029407449066531,0.3579434118511317,98,-0.062217985165407025,0.051729758340943864,0.008375750588673023,-0.009280177736973705,0.010564348637988616,0.012596230306793564,-0.05127267161122004,-0.0013953704917143799,-0.000761802762240932,-0.02174700182124428,0.02920910165988416,0.40404040404040403,0.12389380530973451
41236,Eric Ebron,PIT,96,-0.0023123512081984036,0.010938035728929306,-0.05985657048463015,0.05523186806823335,True,True,-0.009216118633699458,108,-0.06265188866698815,0.04421965139958923,-0.00447913596905998,-0.05304124210421117,9.0,-0.16490552917461843,0.058823044966196086,-0.025236469648620904,0.00313015951459997,73.0,-0.06385498572837499,0.07011530475757492,0.006709311810563416,-0.019586406980558465,23.0,-0.1336299485849224,0.09445713462380545,0.010354319308602188,0.8950750580298145,0.897387409238013,0.19791666666666666,0.04765717985029572,0.15126902088372982,95,-0.12700321589661948,-0.06516288255503754,0.03793575127151381,0.03887327547664842,0.06650121844018705,0.06478681755667832,0.37158005807848166,0.00011785711952768795,-0.004303167338275367,0.03245715581177673,0.018020807896948897,0.7604166666666666,0.1111111111111111
52725,Ben Ellefson,MIN,9,-0.13052523329476354,0.010931895964937495,-0.3885279961559408,0.1274775295664137,True,False,-0.15149965969060644,10,-0.3858975316907973,0.08289821230958447,-0.02031418132105704,0.43877100856220164,1.0,,,0.08270937653287747,-0.13052523329476354,9.0,-0.3885279961559408,0.1274775295664137,-0.03642238881399572,,,,,,1.0234002610231263,1.15392549431789,0.2222222222222222,-0.07097815591789974,-0.8950786258947434,9,0.9973555970136763,-0.7464300938961109,-0.5692208992034775,-0.2577181139990078,-0.022146379965219017,0.013117398919126382,-0.176803327883468,-0.10490784516547517,-0.19941848427547615,-0.23401145008663982,-0.07282987451616416,1.0,0.1
53576,Brevin Jordan,HOU,6,-0.20172124998069949,0.01091643591222342,-0.25628243520377025,-0.14716006475762872,True,False,-0.1033876048739829,9,-0.21016959890825695,0.003394389160291167,-0.010837872503022199,,,,,,-0.21935542407124572,5.0,-0.27106117707282673,-0.1676496710696647,-0.04006859034290863,-0.1135503795279682,1.0,,,0.01036091408946062,0.5810311549994945,0.782752404980194,0.0,-0.11377526398272308,2.741531484952015,6,-2.69886883183432,-1.1474833424794246,-0.11536903960875984,-0.39067540069240936,-0.11033220693234631,-0.07667994076907825,-0.4325540232501924,-0.16159908890454613,-0.20402130641283747,-0.23718866540125957,-0.12418196457634363,0.8333333333333334,0.3333333333333333
53433,Kyle Pitts,ATL,183,0.0030628691864344904,0.010466187421454918,-0.03570928250576467,0.041835020878633646,True,True,0.007589992409924098,239,-0.026875839619487772,0.04205582443933597,0.007250322199364371,0.005904892224315148,25.0,-0.10289547935010909,0.11470526379873938,0.008365303104479391,0.02168567381176842,34.0,-0.10814802212044605,0.1515193697439829,0.022903192467744967,-0.001186629855588016,149.0,-0.03874019743698869,0.036366937725812655,0.010342300765457403,0.8581071977621257,0.8550443285756912,0.09289617486338798,-0.052256411170867295,0.2482150419531392,173,-0.12608939371682396,0.15888827903660352,-0.05124685341028509,0.036494575155601366,0.057371489144039466,0.0510687633508243,0.3365703676497921,0.008225176340141171,-0.004630667573912018,0.0032575505136897974,0.03850838592033633,0.18579234972677597,0.23430962343096234
45481,Ricky Seals-Jones,WAS,154,-5.815544834037766e-05,0.00965887700257629,-0.04547950499577823,0.045363194099097476,True,True,0.00569894886805037,185,-0.034847261648638723,0.046245159384739463,0.0056871505698489365,-0.05510104361072581,15.0,-0.1848194459464149,0.07461735872496325,-0.03482700546598438,0.020175171733800918,25.0,-0.11459171074511275,0.1549420542127146,0.022208371599757755,-0.007449873446996833,118.0,-0.05815504491123024,0.04325529801723658,0.010337849860180999,0.9489474190238957,0.9490055744722361,0.21428571428571427,0.015375919235907854,-0.2671235905903619,150,0.31143328782309443,-0.16836481793442495,-0.03783760212408449,-0.08394318660218564,0.036892200824139784,0.00935884620305739,0.127121399969012,-0.0021344396246401193,0.011689714827077473,0.009437011828241557,-0.0015321198585766759,0.16233766233766234,0.16756756756756758
42547,Darren Waller,LV,163,-1.2648165808284183e-05,0.009422376865437308,-0.03841510510720188,0.038389808775585316,True,True,-0.0192413273380553,209,-0.05425963339583169,0.015776978719721085,-0.014395644045314009,0.026024714009067983,23.0,-0.07864151063473274,0.1306909386528687,0.02470806600617215,-0.05256683577525323,86.0,-0.10332923331591252,-0.001804438234593933,-0.04186029855541195,0.05868423669668866,77.0,0.0029562350818709004,0.11441223831150642,0.010405772848789092,0.9264360855558338,0.926448733721642,0.13496932515337423,-0.03458855886339497,0.09010948204771971,151,0.3673922719249874,0.014070668268787131,0.03504765595829937,-0.021679751555058354,0.0197669820736568,0.013867592437041207,0.21480666700176163,-0.008690812251645662,0.00477650805606599,-0.011869673185818337,0.017166962533246035,0.5276073619631901,0.22009569377990432
47791,T.J. Hockenson,DET,213,0.0017591881688164214,0.009179467374170117,-0.03467408409278188,0.03819246043041472,True,True,-0.027562082555215812,279,-0.058921009565608654,0.0037968444551770286,-0.02246965698617803,0.005796844241097708,28.0,-0.09586901938937453,0.10746270787156995,0.0080557378764279,0.04736762293179272,62.0,-0.024575453482566782,0.11931069934615221,0.043520142013777185,-0.016967453919293052,151.0,-0.05881525533362091,0.02488034749503481,0.010314253746104432,0.9153915564376242,0.9136323682688078,0.18309859154929578,0.008141383542976046,0.45394902141838733,205,-0.3555698234617147,0.1064228485270846,0.031282456121145566,-0.021841006834000382,0.057883466279920116,0.057127726547726326,0.29399080314192194,0.006872559238729066,-0.002292958517187895,0.01150573965794386,0.017283017509898108,0.29107981220657275,0.23655913978494625
47904,Trevon Wesco,NYJ,21,-0.0682985225174585,0.00894263258402413,-0.19342052330747514,0.05682347827255815,True,False,-0.03301547197415915,23,-0.15688910552375185,0.09085816157543354,-0.006447410207896103,,,,,,-0.10360502225995255,9.0,-0.3258708560278149,0.1186608115079098,-0.02569156266701833,-0.049944698007675266,4.0,-0.13779160999423812,0.03790221397888758,0.010359544210920262,0.99115299775111,1.0594515202685686,0.19047619047619047,-0.08573543309190698,-0.9128990774870885,20,1.3370894762199543,-0.05516530599387216,0.032889694220619624,-0.2994805793967079,-0.028126475433754704,-0.023531033574705238,-0.3193800439798753,-0.04459137293013192,-0.07572194923842737,-0.032892999842904905,-0.06008917667599973,0.42857142857142855,0.08695652173913043
42428,Tyler Kroft,NYJ,92,-0.01028891567060454,0.008392038095212589,-0.07145157075710423,0.05087373941589516,True,True,-0.020632199861452212,104,-0.07785285000698577,0.03658845028408136,-0.012039281077938767,-0.06181465930930852,8.0,-0.2848347356531957,0.1612054170345787,-0.028349001810779022,-0.03666816930658663,52.0,-0.12274115822196312,0.049404819608789854,-0.023702521389507146,0.010460991093392899,35.0,-0.08581196953886698,0.10673395172565277,0.010362401403507185,0.9209590187328542,0.9312479344034587,0.17391304347826086,-0.005873559847529131,-0.5688908289491643,87,0.4801609184856019,0.03127054610605131,-0.018818548086439,-0.014867075078393365,0.007038399469109538,0.021549512901769013,-0.04878273952365977,-0.002676721085448106,-0.03143357692592318,-0.09424213660985989,-0.0026969688449747574,0.5652173913043478,0.11538461538461539
48096,Andrew Beck,DEN,6,-0.278802728224601,0.008367118390959317,-0.4015740640922614,-0.15603139235694063,True,False,-0.278802728224601,6,-0.4015740640922614,-0.15603139235694063,-0.024542831068938162,-0.25430356901525986,2.0,-0.49920110339019563,-0.009406034640324051,-0.05253043481622294,-0.3273850928342123,3.0,-0.5215991560247983,-0.1331710296436263,-0.037988459573536706,-0.1594632891490923,1.0,,,0.010360377931469914,0.7967104221696796,1.0755131503942805,0.16666666666666666,-0.08370848496784468,-1.3760308358280051,6,1.1014270130240436,-1.2741268758404862,-0.47703779945138586,-0.43354791026701994,-0.2615287175634256,-0.043653851294326536,-2.405097295843465,-0.21624953542065217,-0.30209945763238205,-0.33474123315673193,-0.23181700037812478,0.5,0.0
53512,Tommy Tremble,CAR,83,-0.013587269050666439,0.007983261375216008,-0.08451217244402737,0.05733763434269448,True,True,-0.007398691330866988,98,-0.07112174861862335,0.056324365956889375,-0.0029611490298662073,0.11691696732327059,13.0,-0.08473611125157862,0.31857004589811977,0.08747052223007287,-0.038403398729524245,39.0,-0.158226628547904,0.0814198310888555,-0.02178386260037693,0.008408845891957523,44.0,-0.0737929051349121,0.09061059691882714,0.010361357856868612,0.9280424850167678,0.9416297540674341,0.1566265060240964,-0.02112039614174426,-0.17837228526840918,81,-0.21780266009461033,-0.1524286083611876,-0.1724803724464597,-0.017273543306406246,0.006676437756801248,0.003847149882125578,-0.06320035661013974,-0.010672734478070774,-0.013933015940785673,-0.05279223226788397,-0.0013418805289249676,0.46987951807228917,0.15306122448979592
46170,Ian Thomas,CAR,115,-0.008797519191114244,0.007503138429749988,-0.057543204851840016,0.039948166469611524,True,True,-0.021306725083237235,128,-0.06663029949203803,0.024016849325563555,-0.01367798210336408,0.23247169413948748,7.0,-0.03167128650008627,0.49661467477906124,0.1375788727959425,-0.017300626845801047,59.0,-0.09523004074708724,0.060628787055485155,-0.009208822127485274,0.00016111208793078167,56.0,-0.05776792690915468,0.05809015108501624,0.01035569426032623,0.9161893531086063,0.9249868722997205,0.1565217391304348,-0.019585809317968744,0.43986579264333764,112,-0.2916245404698664,-0.0018478716505459596,0.0007750308081212252,0.011733365356806618,0.021167551974863703,-0.0382683760248348,0.1121279683501038,0.0019581465435338456,-0.028291540667638455,-0.0510426823521368,0.0002516878937359567,0.5130434782608696,0.1015625
39109,Derek Carrier,LV,13,-0.1373236303569755,0.007459764534712407,-0.30257299963479845,0.02792573892084743,True,False,-0.1543941466296125,15,-0.29912363526251995,-0.009664657996705045,-0.03098512059877441,-0.27828764985262744,3.0,-0.35572746253318016,-0.20084783717207472,-0.08429710432849609,-0.15637227401476134,9.0,-0.3928593711320807,0.08011482310255802,-0.046725432130464616,-0.09446418212695742,4.0,-0.2211173350580108,0.03218897080409594,0.010357464739925645,0.8689730310609539,1.0062966614179294,0.15384615384615385,-0.03534958603079226,-0.3724216114100131,12,0.815506610047437,-0.35219622847397347,-0.20435820319557713,-0.09418801125805601,-0.04005068394057997,0.053592633418198116,-0.19245500906881208,-0.11633929806383822,-0.1592308895736752,-0.2071974235196903,-0.06716841669329723,0.6923076923076923,0.13333333333333333
47803,Noah Fant,DEN,183,-0.003684470693870671,0.007021138498418134,-0.04701811603606125,0.03964917464831991,True,True,-0.03064082664012012,233,-0.0686835162989225,0.007401863018682259,-0.024173474339670986,0.09781537118538346,24.0,-0.023295150670343406,0.21892589304111032,0.08292824727772516,-0.019550563033712394,131.0,-0.07289243989194184,0.033791313824517055,-0.015277178595706774,0.03959266747216107,51.0,-0.03324484208131287,0.11243017702563501,0.010379759455148909,0.9469660679114419,0.9506505386053125,0.22404371584699453,0.04376153219412971,-0.15584176223039548,178,-0.12969992874251893,-0.0917347421811345,0.060303817154383724,-0.01937326199134749,0.03946695815752256,0.022751454660787672,0.09403383578990865,-0.0075773106908921155,-0.004613180805383685,0.007998635569662977,0.0110100300097139,0.7158469945355191,0.2145922746781116
52942,Juwan Johnson,NO,45,-0.037066375529662465,0.006908571507035734,-0.10540486075655604,0.03127210969723111,True,True,-0.04322562757109067,58,-0.10393344975560667,0.017482194613425324,-0.020470893314487777,0.03806817546617472,4.0,-0.26453138307818624,0.3406677340105356,0.027116108150618386,-0.08434103306985329,13.0,-0.21119471900717451,0.04251265286746793,-0.027995035405132093,-0.017861045903959944,32.0,-0.0993022569345006,0.06358016512658071,0.010351818204858448,0.7916077207194095,0.8286740962490721,0.08888888888888889,-0.06421947361282575,-0.5659167626070599,41,0.28456028552682866,-0.12077813071865925,-0.0692876992136193,-0.02766400758104944,-0.02978824223266314,0.027448429961881304,-0.23430706060798295,-0.02148163370281483,-0.06195005678706996,-0.08254228699292845,0.01946568560410777,0.28888888888888886,0.22413793103448276
46206,Dalton Schultz,DAL,133,-0.008386279171627696,0.006729130780422143,-0.052475493945333476,0.03570293560207809,True,True,-0.03681621959847039,172,-0.08773302678997688,0.014100587593036097,-0.027173686246261264,0.011379462169858698,21.0,-0.11650714372766592,0.13926606806738331,0.01305436631183324,0.020002385464743522,51.0,-0.06532170264441237,0.1053264735738994,0.02125332220287892,-0.02678434107094796,79.0,-0.07642612459976028,0.022857442457864363,0.010328122986653046,0.9806929334751558,0.9890792126467838,0.15789473684210525,-0.04195314278270145,-0.13330960777347664,125,0.24975224341940375,0.239273558761583,-0.09605976822024483,0.05801041900539766,0.012589778313450357,0.034811705835333225,0.14577291508034393,0.009341715188185185,-0.04148196049566361,-0.01392034166394633,0.004264559257327446,0.38345864661654133,0.22674418604651161
52513,Adam Trautman,NO,106,-0.016706027242585245,0.005045587613204829,-0.07137750697845154,0.03796545249328104,True,True,-0.02059030730790879,121,-0.07211374499001354,0.030933130374195955,-0.012861321584585406,0.011537007901489127,24.0,-0.15114229408000712,0.17421630988298537,0.013012376054190708,0.028854260259131268,49.0,-0.06911721435807268,0.12682573487633522,0.028224508396136765,-0.07109193447703317,55.0,-0.12421846576527867,-0.017965403188787664,0.010310078062801854,1.002493719821159,1.0191997470637442,0.1792452830188679,-0.025766063285445246,-0.1764858963649553,97,0.17266379422581282,0.02846703547287626,-0.003181104435401113,0.02305989865048145,0.025510525249471613,0.03180030978888383,0.18614304197134868,-0.009784652920158319,-0.022191655020384577,-0.0039596784247491095,0.009325389516844113,0.46226415094339623,0.12396694214876033
47920,Foster Moreau,LV,79,-0.024320732855612353,0.004989505837999603,-0.08499925751808333,0.03635779180685862,True,True,-0.02551600068412644,87,-0.08205040084149107,0.031018399473238194,-0.014066447703194939,-0.011737592129724014,17.0,-0.1699248460251312,0.1464496617656832,-0.004025468132626628,0.005793586813461101,36.0,-0.09964292256386628,0.1112300961907885,0.011314407962104433,-0.04542128537921256,42.0,-0.11498449486015846,0.024141924101733346,0.010335014322665268,0.9888013435841316,1.013122076439744,0.11392405063291139,-0.10265536819505779,-0.23016044999169988,74,0.4724976211389722,0.13431182229684027,-0.05502491407253187,0.011154513375056567,0.011662170178020482,-0.0192229621533161,0.13924759838616857,-0.005711193104963739,-0.06706341000523981,-0.008841081138793994,0.0010462633611332303,0.45569620253164556,0.09195402298850575
44987,Eric Saubert,DEN,42,-0.05287519816700518,0.004461447546165247,-0.11872535351361804,0.012974957179607692,True,True,-0.060867566746946475,53,-0.12265997142503493,0.0009248379311419808,-0.028402807664343662,0.011368229226051898,7.0,-0.23419916380863068,0.25693562226073446,0.014906668340996455,-0.03715728497977833,27.0,-0.13046931583690285,0.056154745877346215,-0.016039892828158576,-0.06622956911608671,13.0,-0.1526886631987736,0.0202295249666002,0.010350735290537033,0.9304015117302423,0.9832767098972475,0.2619047619047619,0.05564001506466974,0.2724153411105779,40,-0.6845106892279521,-0.09946994332022879,-0.07412323950512709,0.039535727262613646,-0.03934470613567244,-0.03364736688062635,-0.265596402191918,-0.03580621081932894,-0.05967942644945934,-0.11029370652165428,0.006929125974617524,0.6428571428571429,0.20754716981132076
46111,Mike Gesicki,MIA,193,-0.00814641922395496,0.004393103293404483,-0.041963413441610316,0.025670574993700394,True,True,-0.03060144382923698,237,-0.06176562806639804,0.000562740407924079,-0.024230982295088112,-0.026936235848603843,22.0,-0.12255509725974957,0.06868262556254189,-0.017529258866559233,-0.1455085653712812,12.0,-0.2529521735079942,-0.038064957234568195,-0.0544889428294827,0.0009604633935473324,181.0,-0.03404612589801901,0.03596705268511368,0.010342530311780914,0.8509508577912345,0.8590972770151895,0.14507772020725387,-0.008446379837822872,0.008772200455537744,182,0.07344866655879158,0.10520015498055552,0.07556610717769684,0.032723018647045216,0.03879891840142973,0.003537877128880025,0.3857772196457361,0.0022627798971813365,-0.030756890257326686,0.0028068105920101795,0.01965919953912794,0.06217616580310881,0.18565400843881857
44857,Adam Shaheen,MIA,62,-0.0353514703979717,0.00420762469850796,-0.10194973001640523,0.03124678922046182,True,True,-0.041207107342644045,73,-0.09843046159859052,0.01601624691330243,-0.022041018414456097,-0.039151127996812043,9.0,-0.21869924320717254,0.14039698721354849,-0.016683881243606168,0.02523594529827371,24.0,-0.09659887824457858,0.147070768841126,0.025494639237286003,-0.07361720662717934,38.0,-0.14918276277322362,0.0019483495188649252,0.010325110994757638,0.9015729097919106,0.9369243801898823,0.14516129032258066,-0.02358344856286452,-0.06734481371902093,60,-0.13275157459617265,-0.17712495908776435,-0.04807306516558371,-0.02063049805386771,-0.02164521439847922,0.011014951159685224,-0.24753583248411676,-0.025106702974334663,-0.04304728674672675,-0.028522345551147195,-0.006001418311046315,0.3870967741935484,0.1506849315068493
42460,Blake Bell,KC,21,-0.12881342701147377,0.002472649395641917,-0.2122905176160904,-0.04533633640685715,True,False,-0.11685877037578458,23,-0.19470222505777562,-0.039015315693793545,-0.03267077578539105,-0.30724380548307345,4.0,-0.408354230835718,-0.20613338013042895,-0.11651331478265126,-0.10084990852667641,17.0,-0.1915854695305904,-0.010114347522762426,-0.04454395483926945,-0.24765838057186265,4.0,-0.43457941742623085,-0.06073734371749445,0.010350309156285991,1.016201258682127,1.1450146856936005,0.23809523809523808,-0.0404608219110927,0.15638151925386487,21,-0.8149863148681933,-0.18842298077051817,-0.24624006554476693,-0.06938727948450833,-0.12308880933842731,0.012250625024728226,-0.7254161457788577,-0.10138189713818231,-0.1696959173758414,-0.04594532037484181,-0.15054500341660718,0.8095238095238095,0.08695652173913043
45785,Dan Arnold,JAX,120,-0.02440814677538307,0.0008861179798700363,-0.07243856979793192,0.02362227624716578,True,True,-0.04695787432835334,154,-0.08935365899866347,-0.0045620896580432085,-0.03396095260027493,0.041327731165309634,16.0,-0.16296221736687044,0.2456176796974897,0.03560849106836743,-0.03474018157805577,17.0,-0.24490922896360998,0.17542886580749842,-0.0077900506259558615,-0.02044493072820356,102.0,-0.06528597879655668,0.024396117340149563,0.010325708933858124,0.8875897693841898,0.9119979161595728,0.13333333333333333,-0.03893437279445479,0.03892644555604484,113,0.14271033184433676,0.04336431014354605,-0.05755278201067293,-0.07706146536070609,0.007902004573083989,-0.0056226329954368786,0.017238912506275753,0.008673686648020047,-0.06492490974506851,-0.03217773168111674,-0.02540922440562152,0.14166666666666666,0.22077922077922077
45635,Robert Tonyan,GB,135,-0.02273571035509579,0.000391186374513703,-0.06801741144505125,0.022545990734859665,True,True,-0.039520455107387636,159,-0.081606835373447,0.002565925158671725,-0.028627463174206984,-0.03538609353262968,31.0,-0.13628889045618187,0.0655167033909225,-0.026995101759191027,-0.039951045108393264,39.0,-0.139922854501068,0.06002076428428147,-0.022931834546833847,-0.015741980611568687,96.0,-0.06509996018884884,0.03361599896571147,0.010333128980638366,0.958211309250641,0.9809470196057368,0.16296296296296298,-0.030343131947221682,-0.21206101184668005,124,0.08342164399062833,0.19148934647297805,-0.0749496856201946,-0.04446379663046162,-0.01463405706363115,-0.006432169271488113,0.14877159402033596,-0.019309216432529985,-0.03960066574184936,0.010244903053737748,-0.0756369402752621,0.28888888888888886,0.1509433962264151
44835,Evan Engram,NYG,139,-0.023954413845633047,-0.00044180799329075066,-0.06294606848337253,0.01503724079210644,True,True,-0.021147182224637476,164,-0.058733582428918095,0.016439217979643143,-0.014836147618116044,0.08086948305769273,10.0,-0.1907799664684756,0.352518932583861,0.058731236283547934,-0.0316634057307817,27.0,-0.1262575738172137,0.06293076235565032,-0.01238435794148846,-0.022095996159034712,112.0,-0.06499053397457746,0.020798541656508043,0.010319963636989393,0.8635947962571044,0.8875492101027376,0.10071942446043165,-0.047173157531929764,0.06471687151675712,131,-0.0642036865972257,-0.05431619686513172,-0.01120114026243719,-0.050468509425747134,-0.0028157584492888026,0.005919502346126211,-0.025057148738440903,-0.014968435936256004,-0.030066951987944287,-0.033154956664327356,-0.03635368326581609,0.19424460431654678,0.1524390243902439
45281,Jacob Hollister,JAX,29,-0.11404779440694765,-0.0005705713849102744,-0.19725987298416478,-0.03083571582973052,True,False,-0.11837335392777229,36,-0.18938237940419161,-0.04736432845135295,-0.0459479262671635,-0.03841121361357663,8.0,-0.23933284135268645,0.1625104141255332,-0.01459920122839364,-0.010897994884019236,5.0,-0.17169060312465928,0.1498946133566208,0.016034344038608005,-0.1476034303942554,21.0,-0.2500424390684247,-0.045164421720086084,0.010323631874999779,0.7574360829313418,0.8714838773382895,0.1724137931034483,0.030429270974240422,-1.1098373602518077,25,1.0330489122266462,-0.669359927677397,-0.14785941145308976,-0.17211821857444592,0.004486429852645709,-0.027217924178668126,-0.06159051736517853,-0.08231706710263094,-0.1416201071569807,-0.10533165449975476,-0.04962424861894609,0.1724137931034483,0.19444444444444445
47852,Josh Oliver,BAL,45,-0.0854548085489654,-0.002970349228237617,-0.15029202233453676,-0.020617594763394045,True,True,-0.08032516959441223,57,-0.14792317884802952,-0.012727160340794921,-0.03992385421936507,-0.21297215844859502,4.0,-0.40806037392224204,-0.017883942974948025,-0.07730186829501527,-0.07170699840409665,14.0,-0.180959387501665,0.03754539069347168,-0.023624524290838333,-0.09166349700148677,31.0,-0.1728941408422207,-0.010432853160752806,0.010325439738381997,0.7388453895586823,0.8243001981076477,0.1111111111111111,-0.03536184251649045,0.1512444574709896,44,-0.08127719104302371,-0.500623342474023,-0.14165827901470313,-0.10047693125105117,-0.017815577334833934,0.0017041843133668404,-0.033187701646223686,-0.06861292810918247,-0.11125612809161355,-0.10773831591100282,-0.06049364079423774,0.3111111111111111,0.21052631578947367
